channel,message_id,subscribers,channel_type,published_at,checkpoint_min,measured_at,actual_age_min,views,reactions,forwards,source
varzesh3,298647,1296734,sport,2026-08-01T11:47:09+00:00,30,2026-08-01T12:19:37.841684+00:00,32.36,31396,0,1,telegram
varzesh3,298647,1296734,sport,2026-08-01T11:47:09+00:00,1440,2026-08-02T12:50:54.740532+00:00,1503.66,191112,0,107,telegram
tweetychannel,409179,775987,social_entertainment,2026-08-01T11:47:12+00:00,30,2026-08-01T12:19:44.678005+00:00,32.31,8083,173,1,telegram
tweetychannel,409179,775987,social_entertainment,2026-08-01T11:47:12+00:00,1440,2026-08-02T12:51:11.418616+00:00,1503.61,18818,364,35,telegram
digiato,110962,111086,technology,2026-08-01T11:50:16+00:00,30,2026-08-01T12:20:53.143078+00:00,30.58,1682,15,31,telegram
digiato,110962,111086,technology,2026-08-01T11:50:16+00:00,1440,2026-08-02T12:50:48.991647+00:00,1500.54,8283,40,93,telegram
eghtesadonline,354008,75239,economy,2026-08-01T11:50:23+00:00,30,2026-08-01T12:20:59.453609+00:00,30.47,1828,3,2,telegram
eghtesadonline,354008,75239,economy,2026-08-01T11:50:23+00:00,1440,2026-08-02T12:50:58.943856+00:00,1500.43,6530,7,4,telegram
tweetychannel,409181,775987,social_entertainment,2026-08-01T11:53:04+00:00,30,2026-08-01T12:24:11.346075+00:00,30.88,7090,215,2,telegram
tweetychannel,409181,775987,social_entertainment,2026-08-01T11:53:04+00:00,1440,2026-08-02T12:51:10.045495+00:00,1497.74,19663,474,37,telegram
tweetychannel,409182,775987,social_entertainment,2026-08-01T11:53:10+00:00,30,2026-08-01T12:24:11.344451+00:00,30.78,8101,211,69,telegram
tweetychannel,409182,775987,social_entertainment,2026-08-01T11:53:10+00:00,1440,2026-08-02T12:51:08.677512+00:00,1497.64,20594,468,167,telegram
tweetychannel,409183,775987,social_entertainment,2026-08-01T11:54:12+00:00,30,2026-08-01T12:25:32.601474+00:00,31.1,7104,159,0,telegram
tweetychannel,409183,775987,social_entertainment,2026-08-01T11:54:12+00:00,1440,2026-08-02T12:51:07.317486+00:00,1496.61,19443,339,69,telegram
tweetychannel,409184,775987,social_entertainment,2026-08-01T11:55:21+00:00,30,2026-08-01T12:28:35.854999+00:00,31.3,7106,262,34,telegram
tweetychannel,409184,775987,social_entertainment,2026-08-01T11:55:21+00:00,1440,2026-08-02T12:51:05.980519+00:00,1495.46,18606,501,69,telegram
eghtesadonline,354010,75239,economy,2026-08-01T11:55:40+00:00,30,2026-08-01T12:28:13.930423+00:00,30.98,2080,22,13,telegram
eghtesadonline,354010,75239,economy,2026-08-01T11:55:40+00:00,1440,2026-08-02T12:50:57.606238+00:00,1495.14,6765,50,25,telegram
aa_persian,127779,7936,international_news,2026-08-01T11:56:39+00:00,20,2026-08-01T12:19:48.184541+00:00,22.86,78,0,0,telegram
aa_persian,127779,7936,international_news,2026-08-01T11:56:39+00:00,1440,2026-08-02T12:51:14.271019+00:00,1494.16,418,0,0,telegram
footballiapp,492975,49781,sport,2026-08-01T11:58:02+00:00,20,2026-08-01T12:19:36.356369+00:00,21.48,397,3,2,telegram
footballiapp,492975,49781,sport,2026-08-01T11:58:02+00:00,1440,2026-08-02T12:50:53.247788+00:00,1492.78,1677,15,4,telegram
tweetychannel,409185,775987,social_entertainment,2026-08-01T12:01:09+00:00,20,2026-08-01T12:22:50.718512+00:00,21.08,6069,31,1,telegram
tweetychannel,409185,775987,social_entertainment,2026-08-01T12:01:09+00:00,1440,2026-08-02T12:51:04.617506+00:00,1489.66,20594,122,86,telegram
tweetychannel,409186,775987,social_entertainment,2026-08-01T12:01:11+00:00,20,2026-08-01T12:22:50.718469+00:00,21.05,6072,172,69,telegram
tweetychannel,409186,775987,social_entertainment,2026-08-01T12:01:11+00:00,1440,2026-08-02T12:51:03.248029+00:00,1489.63,19185,360,127,telegram
tweetychannel,409187,775987,social_entertainment,2026-08-01T12:09:09+00:00,10,2026-08-01T12:19:44.677895+00:00,10.36,3042,116,2,telegram
tweetychannel,409187,775987,social_entertainment,2026-08-01T12:09:09+00:00,30,2026-08-01T12:39:54.868680+00:00,30.51,6095,174,36,telegram
tweetychannel,409187,775987,social_entertainment,2026-08-01T12:09:09+00:00,1440,2026-08-02T12:51:01.901399+00:00,1481.66,17194,383,94,telegram
footballiapp,492976,49781,sport,2026-08-01T12:09:45+00:00,10,2026-08-01T12:20:56.331061+00:00,11.1,218,1,2,telegram
footballiapp,492976,49781,sport,2026-08-01T12:09:45+00:00,1440,2026-08-02T12:50:51.898990+00:00,1481.06,1718,5,5,telegram
footballiapp,492977,49781,sport,2026-08-01T12:11:44+00:00,5,2026-08-01T12:19:36.356171+00:00,7.78,188,1,2,telegram
footballiapp,492977,49781,sport,2026-08-01T12:11:44+00:00,10,2026-08-01T12:22:37.384195+00:00,10.5,196,1,2,telegram
footballiapp,492977,49781,sport,2026-08-01T12:11:44+00:00,1440,2026-08-02T12:50:50.548062+00:00,1479.08,1783,5,10,telegram
aa_persian,127780,7936,international_news,2026-08-01T12:11:46+00:00,5,2026-08-01T12:19:48.184372+00:00,7.74,47,0,0,telegram
aa_persian,127780,7936,international_news,2026-08-01T12:11:46+00:00,10,2026-08-01T12:22:53.997937+00:00,10.46,57,0,0,telegram
aa_persian,127780,7936,international_news,2026-08-01T12:11:46+00:00,1440,2026-08-02T12:51:12.913126+00:00,1479.04,673,0,3,telegram
eghtesadonline,354011,75239,economy,2026-08-01T12:14:04+00:00,5,2026-08-01T12:19:39.324217+00:00,5.44,751,0,5,telegram
eghtesadonline,354011,75239,economy,2026-08-01T12:14:04+00:00,10,2026-08-01T12:25:26.533042+00:00,11.23,1123,2,6,telegram
eghtesadonline,354011,75239,economy,2026-08-01T12:14:04+00:00,20,2026-08-01T12:37:03.310772+00:00,22.86,1834,2,6,telegram
eghtesadonline,354011,75239,economy,2026-08-01T12:14:04+00:00,1440,2026-08-02T12:50:56.245157+00:00,1476.74,7213,7,11,telegram
tweetychannel,409188,775987,social_entertainment,2026-08-01T12:17:07+00:00,5,2026-08-01T12:22:50.718317+00:00,5.11,2034,32,2,telegram
tweetychannel,409188,775987,social_entertainment,2026-08-01T12:17:07+00:00,20,2026-08-01T12:38:34.146657+00:00,21.12,5086,53,36,telegram
tweetychannel,409188,775987,social_entertainment,2026-08-01T12:17:07+00:00,1440,2026-08-02T12:51:00.435993+00:00,1473.69,16164,152,123,telegram
varzesh3,298648,1296734,sport,2026-08-01T12:19:56+00:00,5,2026-08-01T12:25:24.955671+00:00,5.37,11410,0,1,telegram
varzesh3,298648,1296734,sport,2026-08-01T12:19:56+00:00,30,2026-08-01T12:50:18.874815+00:00,30.27,39497,0,1,telegram
varzesh3,298648,1296734,sport,2026-08-01T12:19:56+00:00,1440,2026-08-02T12:51:17.118556+00:00,1470.88,182613,0,90,telegram
digiato,110963,111086,technology,2026-08-01T12:20:15+00:00,5,2026-08-01T12:25:20.168715+00:00,5.05,561,8,1,telegram
digiato,110963,111086,technology,2026-08-01T12:20:15+00:00,30,2026-08-01T12:51:32.510593+00:00,31.26,1685,20,2,telegram
digiato,110963,111086,technology,2026-08-01T12:20:15+00:00,1440,2026-08-02T12:51:15.647181+00:00,1470.56,8288,52,7,telegram
tweetychannel,409189,775987,social_entertainment,2026-08-01T12:21:08+00:00,5,2026-08-01T12:28:35.854307+00:00,5.51,2053,15,35,telegram
tweetychannel,409189,775987,social_entertainment,2026-08-01T12:21:08+00:00,30,2026-08-01T12:51:43.330133+00:00,30.38,6102,30,35,telegram
tweetychannel,409189,775987,social_entertainment,2026-08-01T12:21:08+00:00,1440,2026-08-02T12:51:24.120246+00:00,1469.68,16961,68,36,telegram
tweetychannel,409190,775987,social_entertainment,2026-08-01T12:21:08+00:00,5,2026-08-01T12:28:35.854281+00:00,5.51,2050,0,1,telegram
tweetychannel,409190,775987,social_entertainment,2026-08-01T12:21:08+00:00,30,2026-08-01T12:51:43.330118+00:00,30.38,6105,0,35,telegram
tweetychannel,409190,775987,social_entertainment,2026-08-01T12:21:08+00:00,1440,2026-08-02T12:51:22.715210+00:00,1469.68,17359,0,36,telegram
tweetychannel,409191,775987,social_entertainment,2026-08-01T12:21:08+00:00,5,2026-08-01T12:28:35.854251+00:00,5.51,2056,0,35,telegram
tweetychannel,409191,775987,social_entertainment,2026-08-01T12:21:08+00:00,30,2026-08-01T12:51:43.330102+00:00,30.38,6107,0,35,telegram
tweetychannel,409191,775987,social_entertainment,2026-08-01T12:21:08+00:00,1440,2026-08-02T12:51:21.298092+00:00,1469.68,17987,0,36,telegram
tweetychannel,409192,775987,social_entertainment,2026-08-01T12:21:08+00:00,5,2026-08-01T12:28:35.854202+00:00,5.51,2056,0,1,telegram
tweetychannel,409192,775987,social_entertainment,2026-08-01T12:21:08+00:00,30,2026-08-01T12:51:43.330084+00:00,30.38,7108,0,35,telegram
tweetychannel,409192,775987,social_entertainment,2026-08-01T12:21:08+00:00,1440,2026-08-02T12:51:19.959330+00:00,1469.68,19766,0,36,telegram
tweetychannel,409193,775987,social_entertainment,2026-08-01T12:21:08+00:00,5,2026-08-01T12:28:35.853382+00:00,5.51,2053,0,35,telegram
tweetychannel,409193,775987,social_entertainment,2026-08-01T12:21:08+00:00,30,2026-08-01T12:51:43.330045+00:00,30.38,6108,0,35,telegram
tweetychannel,409193,775987,social_entertainment,2026-08-01T12:21:08+00:00,1440,2026-08-02T12:51:18.602610+00:00,1469.68,17520,0,36,telegram
varzesh3,298649,1296734,sport,2026-08-01T12:23:12+00:00,30,2026-08-01T12:54:14.565741+00:00,30.93,39437,0,1,telegram
varzesh3,298649,1296734,sport,2026-08-01T12:23:12+00:00,1440,2026-08-02T12:51:25.515802+00:00,1467.61,177651,0,36,telegram
tweetychannel,409194,775987,social_entertainment,2026-08-01T12:24:00+00:00,10,2026-08-01T12:37:08.780550+00:00,12.92,4079,3,0,telegram
tweetychannel,409194,775987,social_entertainment,2026-08-01T12:24:00+00:00,30,2026-08-01T12:54:20.803323+00:00,30.13,6116,4,0,telegram
tweetychannel,409194,775987,social_entertainment,2026-08-01T12:24:00+00:00,1440,2026-08-02T12:51:26.923094+00:00,1466.81,15702,7,1,telegram
varzesh3,298650,1296729,sport,2026-08-01T12:26:40+00:00,10,2026-08-01T12:37:01.841448+00:00,10.26,14572,0,0,telegram
varzesh3,298650,1296729,sport,2026-08-01T12:26:40+00:00,30,2026-08-01T12:56:51.702258+00:00,30.09,39439,0,0,telegram
varzesh3,298650,1296729,sport,2026-08-01T12:26:40+00:00,1440,2026-08-02T12:51:29.672204+00:00,1464.14,189794,0,2,telegram
tweetychannel,409195,775970,social_entertainment,2026-08-01T12:26:51+00:00,10,2026-08-01T12:37:08.780519+00:00,10.07,4076,211,105,telegram
tweetychannel,409195,775970,social_entertainment,2026-08-01T12:26:51+00:00,30,2026-08-01T12:58:16.017086+00:00,31.2,7134,381,173,telegram
tweetychannel,409195,775970,social_entertainment,2026-08-01T12:26:51+00:00,1440,2026-08-02T12:51:43.608590+00:00,1463.96,19230,786,314,telegram
varzesh3,298651,1296729,sport,2026-08-01T12:27:23+00:00,10,2026-08-01T12:38:27.929163+00:00,10.86,15605,0,1,telegram
varzesh3,298651,1296729,sport,2026-08-01T12:27:23+00:00,20,2026-08-01T12:50:18.874653+00:00,22.82,32202,0,1,telegram
varzesh3,298651,1296729,sport,2026-08-01T12:27:23+00:00,30,2026-08-01T12:58:09.860485+00:00,30.67,41505,0,1,telegram
varzesh3,298651,1296729,sport,2026-08-01T12:27:23+00:00,1440,2026-08-02T12:51:28.307010+00:00,1463.43,201483,0,47,telegram
eghtesadonline,354012,75239,economy,2026-08-01T12:27:50+00:00,10,2026-08-01T12:38:29.448145+00:00,10.41,901,2,9,telegram
eghtesadonline,354012,75239,economy,2026-08-01T12:27:50+00:00,20,2026-08-01T12:50:20.462452+00:00,22.37,1768,5,13,telegram
eghtesadonline,354012,75239,economy,2026-08-01T12:27:50+00:00,30,2026-08-01T12:58:11.312819+00:00,30.22,2323,9,13,telegram
eghtesadonline,354012,75239,economy,2026-08-01T12:27:50+00:00,1440,2026-08-02T12:51:31.095424+00:00,1462.98,7297,29,18,telegram
tweetychannel,409196,775970,social_entertainment,2026-08-01T12:29:08+00:00,5,2026-08-01T12:37:08.780487+00:00,7.79,3052,18,36,telegram
tweetychannel,409196,775970,social_entertainment,2026-08-01T12:29:08+00:00,10,2026-08-01T12:39:54.868598+00:00,10.53,3059,24,70,telegram
tweetychannel,409196,775970,social_entertainment,2026-08-01T12:29:08+00:00,20,2026-08-01T12:50:24.968150+00:00,21.07,5093,34,104,telegram
tweetychannel,409196,775970,social_entertainment,2026-08-01T12:29:08+00:00,30,2026-08-01T12:59:34.372726+00:00,30.23,7106,40,138,telegram
tweetychannel,409196,775970,social_entertainment,2026-08-01T12:29:08+00:00,1440,2026-08-02T12:51:42.200076+00:00,1461.68,18988,122,440,telegram
tweetychannel,409197,775970,social_entertainment,2026-08-01T12:29:19+00:00,5,2026-08-01T12:37:08.780341+00:00,7.61,3055,180,70,telegram
tweetychannel,409197,775970,social_entertainment,2026-08-01T12:29:19+00:00,10,2026-08-01T12:39:54.868122+00:00,10.35,3063,202,70,telegram
tweetychannel,409197,775970,social_entertainment,2026-08-01T12:29:19+00:00,20,2026-08-01T12:50:24.968117+00:00,20.89,6100,277,71,telegram
tweetychannel,409197,775970,social_entertainment,2026-08-01T12:29:19+00:00,30,2026-08-01T12:59:34.372699+00:00,30.05,7115,314,105,telegram
tweetychannel,409197,775970,social_entertainment,2026-08-01T12:29:19+00:00,1440,2026-08-02T12:51:40.861919+00:00,1461.49,18493,671,201,telegram
persiantwix,9510,1051353,entertainment,2026-08-01T12:30:00+00:00,5,2026-08-01T12:37:06.728546+00:00,6.92,2942,307,5,telegram
persiantwix,9510,1051353,entertainment,2026-08-01T12:30:00+00:00,20,2026-08-01T12:50:23.407959+00:00,20.2,5384,589,25,telegram
persiantwix,9510,1051353,entertainment,2026-08-01T12:30:00+00:00,30,2026-08-01T13:00:50.958349+00:00,30.67,6610,715,25,telegram
persiantwix,9510,1051353,entertainment,2026-08-01T12:30:00+00:00,1440,2026-08-02T12:51:32.660434+00:00,1460.81,40242,2492,92,telegram
tweetychannel,409198,775970,social_entertainment,2026-08-01T12:33:01+00:00,5,2026-08-01T12:38:34.146584+00:00,5.22,1024,1,0,telegram
tweetychannel,409198,775970,social_entertainment,2026-08-01T12:33:01+00:00,20,2026-08-01T12:54:20.803223+00:00,21.11,5081,2,0,telegram
tweetychannel,409198,775970,social_entertainment,2026-08-01T12:33:01+00:00,30,2026-08-01T13:03:28.808484+00:00,30.25,6086,2,0,telegram
tweetychannel,409199,775970,social_entertainment,2026-08-01T12:33:01+00:00,5,2026-08-01T12:38:34.146572+00:00,5.22,1022,0,0,telegram
tweetychannel,409199,775970,social_entertainment,2026-08-01T12:33:01+00:00,20,2026-08-01T12:54:20.803205+00:00,21.11,5083,0,0,telegram
tweetychannel,409199,775970,social_entertainment,2026-08-01T12:33:01+00:00,30,2026-08-01T13:03:28.808466+00:00,30.25,6087,0,0,telegram
tweetychannel,409199,775970,social_entertainment,2026-08-01T12:33:01+00:00,1440,2026-08-02T12:51:38.141159+00:00,1457.79,17334,0,0,telegram
tweetychannel,409200,775970,social_entertainment,2026-08-01T12:33:01+00:00,5,2026-08-01T12:38:34.146559+00:00,5.22,1023,0,0,telegram
tweetychannel,409200,775970,social_entertainment,2026-08-01T12:33:01+00:00,20,2026-08-01T12:54:20.803186+00:00,21.11,5082,0,0,telegram
tweetychannel,409200,775970,social_entertainment,2026-08-01T12:33:01+00:00,30,2026-08-01T13:03:28.808445+00:00,30.25,6091,0,0,telegram
tweetychannel,409200,775970,social_entertainment,2026-08-01T12:33:01+00:00,1440,2026-08-02T12:51:36.788728+00:00,1457.79,18397,0,0,telegram
tweetychannel,409201,775970,social_entertainment,2026-08-01T12:33:01+00:00,5,2026-08-01T12:38:34.146543+00:00,5.22,1026,0,0,telegram
tweetychannel,409201,775970,social_entertainment,2026-08-01T12:33:01+00:00,20,2026-08-01T12:54:20.803162+00:00,21.11,5087,0,0,telegram
tweetychannel,409201,775970,social_entertainment,2026-08-01T12:33:01+00:00,30,2026-08-01T13:03:28.808423+00:00,30.25,6095,0,0,telegram
tweetychannel,409201,775970,social_entertainment,2026-08-01T12:33:01+00:00,1440,2026-08-02T12:51:35.428583+00:00,1457.79,20476,0,0,telegram
tweetychannel,409202,775970,social_entertainment,2026-08-01T12:33:01+00:00,5,2026-08-01T12:38:34.146461+00:00,5.22,1023,0,0,telegram
tweetychannel,409202,775970,social_entertainment,2026-08-01T12:33:01+00:00,20,2026-08-01T12:54:20.802606+00:00,21.11,5085,0,0,telegram
tweetychannel,409202,775970,social_entertainment,2026-08-01T12:33:01+00:00,30,2026-08-01T13:03:28.808326+00:00,30.25,6095,0,0,telegram
tweetychannel,409202,775970,social_entertainment,2026-08-01T12:33:01+00:00,1440,2026-08-02T12:51:34.067745+00:00,1457.79,18335,0,0,telegram
tweetychannel,409203,775970,social_entertainment,2026-08-01T12:38:12+00:00,10,2026-08-01T12:50:24.967917+00:00,12.0,4074,92,35,telegram
tweetychannel,409203,775970,social_entertainment,2026-08-01T12:38:12+00:00,20,2026-08-01T12:59:34.371351+00:00,21.16,5092,114,35,telegram
tweetychannel,409203,775970,social_entertainment,2026-08-01T12:38:12+00:00,30,2026-08-01T13:08:42.168125+00:00,30.3,6097,131,35,telegram
tweetychannel,409203,775970,social_entertainment,2026-08-01T12:38:12+00:00,1440,2026-08-02T12:51:44.967528+00:00,1452.61,18281,262,121,telegram
tweetfrsi,21553,664669,entertainment,2026-08-01T12:40:10+00:00,10,2026-08-01T12:50:21.957152+00:00,10.04,1674,50,40,telegram
tweetfrsi,21553,664669,entertainment,2026-08-01T12:40:10+00:00,20,2026-08-01T13:00:49.497388+00:00,20.5,2564,92,61,telegram
tweetfrsi,21553,664669,entertainment,2026-08-01T12:40:10+00:00,30,2026-08-01T13:11:15.424560+00:00,30.93,3568,118,71,telegram
tweetfrsi,21553,664669,entertainment,2026-08-01T12:40:10+00:00,1440,2026-08-02T12:51:53.246400+00:00,1450.64,15821,374,161,telegram
tweetychannel,409204,775951,social_entertainment,2026-08-01T12:40:22+00:00,10,2026-08-01T12:51:43.329819+00:00,11.15,4067,130,1,telegram
tweetychannel,409204,775951,social_entertainment,2026-08-01T12:40:22+00:00,20,2026-08-01T13:00:52.412114+00:00,20.3,5084,159,1,telegram
tweetychannel,409204,775951,social_entertainment,2026-08-01T12:40:22+00:00,30,2026-08-01T13:11:18.358735+00:00,30.73,6093,185,1,telegram
tweetychannel,409204,775951,social_entertainment,2026-08-01T12:40:22+00:00,1440,2026-08-02T12:51:57.263241+00:00,1450.44,18147,457,70,telegram
varzesh3,298652,1296725,sport,2026-08-01T12:41:12+00:00,10,2026-08-01T12:51:37.110192+00:00,10.31,20670,0,34,telegram
varzesh3,298652,1296725,sport,2026-08-01T12:41:12+00:00,20,2026-08-01T13:02:04.709478+00:00,20.77,34116,0,70,telegram
varzesh3,298652,1296725,sport,2026-08-01T12:41:12+00:00,30,2026-08-01T13:12:30.382251+00:00,31.2,45509,0,104,telegram
varzesh3,298652,1296725,sport,2026-08-01T12:41:12+00:00,1440,2026-08-02T12:51:47.680505+00:00,1449.61,193823,0,244,telegram
eghtesadonline,354013,75239,economy,2026-08-01T12:41:20+00:00,10,2026-08-01T12:51:38.641888+00:00,10.18,1179,6,2,telegram
eghtesadonline,354013,75239,economy,2026-08-01T12:41:20+00:00,20,2026-08-01T13:02:06.194007+00:00,20.63,1856,8,4,telegram
eghtesadonline,354013,75239,economy,2026-08-01T12:41:20+00:00,30,2026-08-01T13:12:31.888082+00:00,31.07,2316,10,4,telegram
eghtesadonline,354013,75239,economy,2026-08-01T12:41:20+00:00,1440,2026-08-02T12:51:51.772742+00:00,1449.48,7376,28,10,telegram
eghtesadonline,354014,75239,economy,2026-08-01T12:41:36+00:00,10,2026-08-01T12:52:57.659594+00:00,11.22,1307,7,14,telegram
eghtesadonline,354014,75239,economy,2026-08-01T12:41:36+00:00,20,2026-08-01T13:02:06.193908+00:00,20.37,1918,7,14,telegram
eghtesadonline,354014,75239,economy,2026-08-01T12:41:36+00:00,30,2026-08-01T13:12:31.888056+00:00,30.8,2409,9,16,telegram
eghtesadonline,354014,75239,economy,2026-08-01T12:41:36+00:00,1440,2026-08-02T12:51:50.409312+00:00,1449.21,7129,15,19,telegram
tweetychannel,409205,775951,social_entertainment,2026-08-01T12:45:18+00:00,5,2026-08-01T12:51:43.329795+00:00,6.21,2042,47,36,telegram
tweetychannel,409205,775951,social_entertainment,2026-08-01T12:45:18+00:00,10,2026-08-01T12:55:39.517079+00:00,10.14,4061,66,36,telegram
tweetychannel,409205,775951,social_entertainment,2026-08-01T12:45:18+00:00,20,2026-08-01T13:06:05.624948+00:00,20.59,6078,87,70,telegram
tweetychannel,409205,775951,social_entertainment,2026-08-01T12:45:18+00:00,30,2026-08-01T13:16:30.875151+00:00,31.01,7104,105,104,telegram
tweetychannel,409205,775951,social_entertainment,2026-08-01T12:45:18+00:00,1440,2026-08-02T12:51:55.921140+00:00,1445.51,19563,223,221,telegram
tweetychannel,409206,775951,social_entertainment,2026-08-01T12:46:04+00:00,5,2026-08-01T12:51:43.329694+00:00,5.45,2036,62,2,telegram
tweetychannel,409206,775951,social_entertainment,2026-08-01T12:46:04+00:00,10,2026-08-01T12:56:57.556724+00:00,10.69,4064,96,36,telegram
tweetychannel,409206,775951,social_entertainment,2026-08-01T12:46:04+00:00,20,2026-08-01T13:07:24.071538+00:00,21.12,6079,119,36,telegram
tweetychannel,409206,775951,social_entertainment,2026-08-01T12:46:04+00:00,30,2026-08-01T13:16:30.875126+00:00,30.24,8111,140,36,telegram
tweetychannel,409206,775951,social_entertainment,2026-08-01T12:46:04+00:00,1440,2026-08-02T12:51:54.582788+00:00,1444.74,19179,284,119,telegram
eghtesadonline,354015,75239,economy,2026-08-01T12:50:00+00:00,5,2026-08-01T12:55:35.049888+00:00,5.44,745,1,2,telegram
eghtesadonline,354015,75239,economy,2026-08-01T12:50:00+00:00,10,2026-08-01T13:00:48.003217+00:00,10.67,1142,3,3,telegram
eghtesadonline,354015,75239,economy,2026-08-01T12:50:00+00:00,20,2026-08-01T13:11:13.967652+00:00,21.1,1757,6,4,telegram
eghtesadonline,354015,75239,economy,2026-08-01T12:50:00+00:00,30,2026-08-01T13:20:21.130866+00:00,30.21,2129,7,4,telegram
eghtesadonline,354015,75239,economy,2026-08-01T12:50:00+00:00,1440,2026-08-02T12:51:49.042004+00:00,1440.81,7051,17,6,telegram
digiato,110964,111085,technology,2026-08-01T12:50:03+00:00,5,2026-08-01T12:55:28.439533+00:00,5.39,725,20,6,telegram
digiato,110964,111085,technology,2026-08-01T12:50:03+00:00,10,2026-08-01T13:00:42.007677+00:00,10.62,1159,32,7,telegram
digiato,110964,111085,technology,2026-08-01T12:50:03+00:00,20,2026-08-01T13:11:07.734815+00:00,21.05,1634,44,9,telegram
digiato,110964,111085,technology,2026-08-01T12:50:03+00:00,30,2026-08-01T13:20:14.538885+00:00,30.16,1944,51,11,telegram
digiato,110964,111085,technology,2026-08-01T12:50:03+00:00,1440,2026-08-02T12:51:46.323874+00:00,1440.76,8071,126,23,telegram
tweetychannel,409207,775951,social_entertainment,2026-08-01T12:50:41+00:00,5,2026-08-01T12:56:57.556156+00:00,6.07,2041,76,2,telegram
tweetychannel,409207,775951,social_entertainment,2026-08-01T12:50:41+00:00,10,2026-08-01T13:02:10.686608+00:00,11.28,3047,110,2,telegram
tweetychannel,409207,775951,social_entertainment,2026-08-01T12:50:41+00:00,20,2026-08-01T13:11:18.358101+00:00,20.41,5066,158,36,telegram
tweetychannel,409207,775951,social_entertainment,2026-08-01T12:50:41+00:00,30,2026-08-01T13:21:43.813016+00:00,30.84,8116,196,36,telegram
tweetychannel,409207,775951,social_entertainment,2026-08-01T12:50:41+00:00,1440,2026-08-02T12:51:58.623361+00:00,1440.13,21500,411,89,telegram
footballiapp,492978,49781,sport,2026-08-01T12:52:15+00:00,5,2026-08-01T12:58:08.283450+00:00,5.8,229,3,5,telegram
footballiapp,492978,49781,sport,2026-08-01T12:52:15+00:00,10,2026-08-01T13:03:21.236378+00:00,11.02,353,3,5,telegram
footballiapp,492978,49781,sport,2026-08-01T12:52:15+00:00,20,2026-08-01T13:12:28.929240+00:00,20.15,509,4,5,telegram
footballiapp,492978,49781,sport,2026-08-01T12:52:15+00:00,30,2026-08-01T13:22:54.296769+00:00,30.58,602,4,5,telegram
footballiapp,492978,49781,sport,2026-08-01T12:52:15+00:00,1440,2026-08-02T13:22:58.835241+00:00,1470.7,1829,10,8,telegram
footballiapp,492979,49781,sport,2026-08-01T12:55:19+00:00,5,2026-08-01T13:00:44.994376+00:00,5.35,259,6,5,telegram
footballiapp,492979,49781,sport,2026-08-01T12:55:19+00:00,10,2026-08-01T13:05:58.067724+00:00,10.57,386,11,6,telegram
footballiapp,492979,49781,sport,2026-08-01T12:55:19+00:00,20,2026-08-01T13:16:23.403037+00:00,20.99,571,16,6,telegram
footballiapp,492979,49781,sport,2026-08-01T12:55:19+00:00,30,2026-08-01T13:25:30.620558+00:00,30.11,666,21,7,telegram
footballiapp,492979,49781,sport,2026-08-01T12:55:19+00:00,1440,2026-08-02T13:23:00.221478+00:00,1467.63,2005,36,13,telegram
thezoomit,98186,129324,technology,2026-08-01T12:58:08+00:00,5,2026-08-01T13:03:16.673926+00:00,5.14,753,6,3,telegram
thezoomit,98186,129324,technology,2026-08-01T12:58:08+00:00,10,2026-08-01T13:08:30.158566+00:00,10.36,1154,8,4,telegram
thezoomit,98186,129324,technology,2026-08-01T12:58:08+00:00,20,2026-08-01T13:18:54.810885+00:00,20.78,1772,11,5,telegram
thezoomit,98186,129324,technology,2026-08-01T12:58:08+00:00,30,2026-08-01T13:29:21.283823+00:00,31.22,2203,15,5,telegram
thezoomit,98186,129324,technology,2026-08-01T12:58:08+00:00,1440,2026-08-02T13:23:01.749441+00:00,1464.82,11085,43,18,telegram
eghtesadonline,354016,75239,economy,2026-08-01T13:01:15+00:00,5,2026-08-01T13:07:19.481038+00:00,5.94,588,24,10,telegram
eghtesadonline,354016,75239,economy,2026-08-01T13:01:15+00:00,10,2026-08-01T13:12:31.887531+00:00,11.15,956,34,11,telegram
eghtesadonline,354016,75239,economy,2026-08-01T13:01:15+00:00,20,2026-08-01T13:21:39.410211+00:00,20.27,1453,49,14,telegram
eghtesadonline,354016,75239,economy,2026-08-01T13:01:15+00:00,30,2026-08-01T13:32:05.170871+00:00,30.7,1976,62,16,telegram
eghtesadonline,354016,75239,economy,2026-08-01T13:01:15+00:00,1440,2026-08-02T13:23:03.287802+00:00,1461.7,7407,115,28,telegram
aa_persian,127781,7934,international_news,2026-08-01T13:01:17+00:00,5,2026-08-01T13:07:27.077743+00:00,5.9,35,0,0,telegram
aa_persian,127781,7934,international_news,2026-08-01T13:01:17+00:00,10,2026-08-01T13:12:39.267232+00:00,11.12,50,0,0,telegram
aa_persian,127781,7934,international_news,2026-08-01T13:01:17+00:00,20,2026-08-01T13:21:46.914959+00:00,20.24,73,0,0,telegram
aa_persian,127781,7934,international_news,2026-08-01T13:01:17+00:00,30,2026-08-01T13:32:12.648259+00:00,30.67,97,0,1,telegram
aa_persian,127781,7934,international_news,2026-08-01T13:01:17+00:00,1440,2026-08-02T13:23:04.794636+00:00,1461.67,515,0,3,telegram
tweetychannel,409208,775951,social_entertainment,2026-08-01T13:02:01+00:00,5,2026-08-01T13:07:24.070015+00:00,5.17,1018,5,0,telegram
tweetychannel,409208,775951,social_entertainment,2026-08-01T13:02:01+00:00,10,2026-08-01T13:12:36.312598+00:00,10.38,2036,12,0,telegram
tweetychannel,409208,775951,social_entertainment,2026-08-01T13:02:01+00:00,20,2026-08-01T13:23:01.527335+00:00,20.81,6096,19,1,telegram
tweetychannel,409208,775951,social_entertainment,2026-08-01T13:02:01+00:00,30,2026-08-01T13:33:28.497362+00:00,31.24,8116,25,1,telegram
tweetychannel,409208,775951,social_entertainment,2026-08-01T13:02:01+00:00,1440,2026-08-02T13:23:07.598411+00:00,1460.93,20935,44,1,telegram
tweetfrsi,21554,664669,entertainment,2026-08-01T13:03:01+00:00,5,2026-08-01T13:08:39.218399+00:00,5.48,1070,108,9,telegram
tweetfrsi,21554,664669,entertainment,2026-08-01T13:03:01+00:00,10,2026-08-01T13:13:51.485798+00:00,10.69,1560,150,21,telegram
tweetfrsi,21554,664669,entertainment,2026-08-01T13:03:01+00:00,20,2026-08-01T13:24:16.923255+00:00,21.1,2460,186,24,telegram
tweetfrsi,21554,664669,entertainment,2026-08-01T13:03:01+00:00,30,2026-08-01T13:33:25.525777+00:00,30.24,3375,222,24,telegram
tweetfrsi,21554,664669,entertainment,2026-08-01T13:03:01+00:00,1440,2026-08-02T13:23:06.263313+00:00,1459.93,14025,622,89,telegram
varzesh3,298653,1296725,sport,2026-08-01T13:09:01+00:00,5,2026-08-01T13:15:06.640662+00:00,5.99,12396,0,1,telegram
varzesh3,298653,1296725,sport,2026-08-01T13:09:01+00:00,10,2026-08-01T13:20:19.585368+00:00,11.2,19670,0,1,telegram
varzesh3,298653,1296725,sport,2026-08-01T13:09:01+00:00,20,2026-08-01T13:29:27.275462+00:00,20.33,33164,0,36,telegram
varzesh3,298653,1296725,sport,2026-08-01T13:09:01+00:00,30,2026-08-01T13:39:52.604663+00:00,30.76,41504,0,36,telegram
varzesh3,298653,1296725,sport,2026-08-01T13:09:01+00:00,1440,2026-08-02T13:23:09.104499+00:00,1453.93,210375,0,202,telegram
footballiapp,492981,49781,sport,2026-08-01T13:10:09+00:00,5,2026-08-01T13:16:23.400707+00:00,6.16,153,1,2,telegram
footballiapp,492981,49781,sport,2026-08-01T13:10:09+00:00,10,2026-08-01T13:20:18.086128+00:00,10.06,215,1,2,telegram
footballiapp,492981,49781,sport,2026-08-01T13:10:09+00:00,20,2026-08-01T13:30:43.892895+00:00,20.5,423,3,2,telegram
footballiapp,492981,49781,sport,2026-08-01T13:10:09+00:00,30,2026-08-01T13:41:09.266223+00:00,30.92,546,4,2,telegram
footballiapp,492981,49781,sport,2026-08-01T13:10:09+00:00,1440,2026-08-02T13:23:10.450918+00:00,1452.8,1786,14,4,telegram
tweetychannel,409209,775951,social_entertainment,2026-08-01T13:11:08+00:00,5,2026-08-01T13:16:30.874661+00:00,5.18,3054,35,1,telegram
tweetychannel,409209,775951,social_entertainment,2026-08-01T13:11:08+00:00,10,2026-08-01T13:21:43.812982+00:00,10.39,4083,52,1,telegram
tweetychannel,409209,775951,social_entertainment,2026-08-01T13:11:08+00:00,20,2026-08-01T13:32:09.703839+00:00,20.82,7121,72,1,telegram
tweetychannel,409209,775951,social_entertainment,2026-08-01T13:11:08+00:00,30,2026-08-01T13:42:35.098787+00:00,31.24,8135,88,1,telegram
tweetychannel,409209,775951,social_entertainment,2026-08-01T13:11:08+00:00,1440,2026-08-02T13:23:15.848962+00:00,1451.82,19903,249,50,telegram
tweetychannel,409210,775951,social_entertainment,2026-08-01T13:11:25+00:00,5,2026-08-01T13:17:48.883317+00:00,6.19,3063,36,38,telegram
tweetychannel,409210,775951,social_entertainment,2026-08-01T13:11:25+00:00,10,2026-08-01T13:21:43.812948+00:00,10.11,5094,40,40,telegram
tweetychannel,409210,775951,social_entertainment,2026-08-01T13:11:25+00:00,20,2026-08-01T13:32:09.703786+00:00,20.54,8146,55,75,telegram
tweetychannel,409210,775951,social_entertainment,2026-08-01T13:11:25+00:00,30,2026-08-01T13:42:35.098766+00:00,30.96,9160,59,75,telegram
tweetychannel,409210,775951,social_entertainment,2026-08-01T13:11:25+00:00,1440,2026-08-02T13:23:14.511501+00:00,1451.53,20189,92,109,telegram
tweetychannel,409211,775951,social_entertainment,2026-08-01T13:11:26+00:00,5,2026-08-01T13:17:48.883281+00:00,6.18,3063,0,38,telegram
tweetychannel,409211,775951,social_entertainment,2026-08-01T13:11:26+00:00,10,2026-08-01T13:21:43.812924+00:00,10.09,5092,0,75,telegram
tweetychannel,409211,775951,social_entertainment,2026-08-01T13:11:26+00:00,20,2026-08-01T13:32:09.703754+00:00,20.52,7143,0,75,telegram
tweetychannel,409211,775951,social_entertainment,2026-08-01T13:11:26+00:00,30,2026-08-01T13:42:35.098748+00:00,30.94,9157,0,75,telegram
tweetychannel,409211,775951,social_entertainment,2026-08-01T13:11:26+00:00,1440,2026-08-02T13:23:13.153300+00:00,1451.52,21838,0,109,telegram
tweetychannel,409212,775951,social_entertainment,2026-08-01T13:11:26+00:00,5,2026-08-01T13:17:48.881906+00:00,6.18,3061,0,38,telegram
tweetychannel,409212,775951,social_entertainment,2026-08-01T13:11:26+00:00,10,2026-08-01T13:21:43.812366+00:00,10.09,4091,0,74,telegram
tweetychannel,409212,775951,social_entertainment,2026-08-01T13:11:26+00:00,20,2026-08-01T13:32:09.703516+00:00,20.52,7142,0,75,telegram
tweetychannel,409212,775951,social_entertainment,2026-08-01T13:11:26+00:00,30,2026-08-01T13:42:35.098728+00:00,30.94,9157,0,75,telegram
tweetychannel,409212,775951,social_entertainment,2026-08-01T13:11:26+00:00,1440,2026-08-02T13:23:11.788423+00:00,1451.52,21463,0,109,telegram
tweetychannel,409214,775951,social_entertainment,2026-08-01T13:14:08+00:00,5,2026-08-01T13:20:25.649835+00:00,6.08,3064,51,72,telegram
tweetychannel,409214,775951,social_entertainment,2026-08-01T13:14:08+00:00,10,2026-08-01T13:25:38.656349+00:00,11.29,5095,69,73,telegram
tweetychannel,409214,775951,social_entertainment,2026-08-01T13:14:08+00:00,20,2026-08-01T13:34:46.751436+00:00,20.44,7134,82,73,telegram
tweetychannel,409214,775951,social_entertainment,2026-08-01T13:14:08+00:00,30,2026-08-01T13:45:11.163232+00:00,30.85,8151,89,73,telegram
tweetychannel,409214,775951,social_entertainment,2026-08-01T13:14:08+00:00,1440,2026-08-02T13:23:21.275454+00:00,1448.82,19630,148,107,telegram
tweetfrsi,21555,664669,entertainment,2026-08-01T13:14:10+00:00,5,2026-08-01T13:20:22.587190+00:00,6.05,1170,10,14,telegram
tweetfrsi,21555,664669,entertainment,2026-08-01T13:14:10+00:00,10,2026-08-01T13:25:35.337511+00:00,11.26,1484,16,24,telegram
tweetfrsi,21555,664669,entertainment,2026-08-01T13:14:10+00:00,20,2026-08-01T13:34:43.746642+00:00,20.4,2403,28,44,telegram
tweetfrsi,21555,664669,entertainment,2026-08-01T13:14:10+00:00,30,2026-08-01T13:45:08.303054+00:00,30.81,3311,39,54,telegram
tweetfrsi,21555,664669,entertainment,2026-08-01T13:14:10+00:00,1440,2026-08-02T13:23:19.919557+00:00,1448.78,16225,139,162,telegram
tweetfrsi,21556,664669,entertainment,2026-08-01T13:14:10+00:00,5,2026-08-01T13:20:22.587164+00:00,6.05,869,0,14,telegram
tweetfrsi,21556,664669,entertainment,2026-08-01T13:14:10+00:00,10,2026-08-01T13:25:35.337490+00:00,11.26,1486,0,24,telegram
tweetfrsi,21556,664669,entertainment,2026-08-01T13:14:10+00:00,20,2026-08-01T13:34:43.746615+00:00,20.4,2405,0,44,telegram
tweetfrsi,21556,664669,entertainment,2026-08-01T13:14:10+00:00,30,2026-08-01T13:45:08.303027+00:00,30.81,3013,0,54,telegram
tweetfrsi,21556,664669,entertainment,2026-08-01T13:14:10+00:00,1440,2026-08-02T13:23:18.558486+00:00,1448.78,16124,0,162,telegram
tweetfrsi,21557,664669,entertainment,2026-08-01T13:14:10+00:00,5,2026-08-01T13:20:22.586627+00:00,6.05,871,0,14,telegram
tweetfrsi,21557,664669,entertainment,2026-08-01T13:14:10+00:00,10,2026-08-01T13:25:35.337037+00:00,11.26,1488,0,24,telegram
tweetfrsi,21557,664669,entertainment,2026-08-01T13:14:10+00:00,20,2026-08-01T13:34:43.745451+00:00,20.4,2706,0,44,telegram
tweetfrsi,21557,664669,entertainment,2026-08-01T13:14:10+00:00,30,2026-08-01T13:45:08.301474+00:00,30.81,3314,0,54,telegram
tweetfrsi,21557,664669,entertainment,2026-08-01T13:14:10+00:00,1440,2026-08-02T13:23:17.197657+00:00,1448.78,16164,0,162,telegram
tweetychannel,409215,775951,social_entertainment,2026-08-01T13:19:09+00:00,5,2026-08-01T13:25:38.655832+00:00,6.28,3054,48,139,telegram
tweetychannel,409215,775951,social_entertainment,2026-08-01T13:19:09+00:00,10,2026-08-01T13:29:33.232338+00:00,10.2,5095,60,174,telegram
tweetychannel,409215,775951,social_entertainment,2026-08-01T13:19:09+00:00,20,2026-08-01T13:39:58.700957+00:00,20.63,7124,77,175,telegram
tweetychannel,409215,775951,social_entertainment,2026-08-01T13:19:09+00:00,30,2026-08-01T13:50:28.512498+00:00,31.05,8143,92,209,telegram
tweetychannel,409215,775951,social_entertainment,2026-08-01T13:19:09+00:00,1440,2026-08-02T13:23:22.612582+00:00,1443.8,19476,175,366,telegram
digiato,110965,111085,technology,2026-08-01T13:20:23+00:00,5,2026-08-01T13:25:27.440513+00:00,5.04,527,7,3,telegram
digiato,110965,111085,technology,2026-08-01T13:20:23+00:00,10,2026-08-01T13:30:40.842925+00:00,10.27,811,8,3,telegram
digiato,110965,111085,technology,2026-08-01T13:20:23+00:00,20,2026-08-01T13:41:06.060071+00:00,20.69,1224,15,6,telegram
digiato,110965,111085,technology,2026-08-01T13:20:23+00:00,30,2026-08-01T13:51:36.751093+00:00,31.19,1507,20,6,telegram
digiato,110965,111085,technology,2026-08-01T13:20:23+00:00,1440,2026-08-02T13:23:24.121694+00:00,1442.57,8067,55,23,telegram
tweetychannel,409216,775951,social_entertainment,2026-08-01T13:22:10+00:00,5,2026-08-01T13:28:15.401456+00:00,5.88,3063,56,1,telegram
tweetychannel,409216,775951,social_entertainment,2026-08-01T13:22:10+00:00,10,2026-08-01T13:33:28.497151+00:00,11.09,5087,82,35,telegram
tweetychannel,409216,775951,social_entertainment,2026-08-01T13:22:10+00:00,20,2026-08-01T13:42:35.098689+00:00,20.21,6107,94,35,telegram
tweetychannel,409216,775951,social_entertainment,2026-08-01T13:22:10+00:00,30,2026-08-01T13:53:07.251999+00:00,30.74,8130,120,36,telegram
tweetychannel,409216,775951,social_entertainment,2026-08-01T13:22:10+00:00,1440,2026-08-02T13:23:26.819106+00:00,1440.78,20484,266,96,telegram
varzesh3,298654,1296725,sport,2026-08-01T13:22:26+00:00,5,2026-08-01T13:28:09.321643+00:00,5.61,12441,0,0,telegram
varzesh3,298654,1296725,sport,2026-08-01T13:22:26+00:00,10,2026-08-01T13:33:22.610778+00:00,10.82,20754,0,0,telegram
varzesh3,298654,1296725,sport,2026-08-01T13:22:26+00:00,20,2026-08-01T13:43:47.229200+00:00,21.25,31201,0,0,telegram
varzesh3,298654,1296725,sport,2026-08-01T13:22:26+00:00,30,2026-08-01T13:53:01.037458+00:00,30.47,41647,0,1,telegram
varzesh3,298654,1296725,sport,2026-08-01T13:22:26+00:00,1440,2026-08-02T13:23:25.466779+00:00,1440.52,202390,0,87,telegram
tweetychannel,409217,775951,social_entertainment,2026-08-01T13:24:01+00:00,5,2026-08-01T13:29:33.231670+00:00,5.33,3055,77,2,telegram
tweetychannel,409217,775951,social_entertainment,2026-08-01T13:24:01+00:00,10,2026-08-01T13:34:46.751273+00:00,10.55,4085,105,2,telegram
tweetychannel,409217,775951,social_entertainment,2026-08-01T13:24:01+00:00,20,2026-08-01T13:45:11.163183+00:00,20.96,6113,119,2,telegram
tweetychannel,409217,775951,social_entertainment,2026-08-01T13:24:01+00:00,30,2026-08-01T13:54:26.470621+00:00,30.2,7129,134,2,telegram
tweetychannel,409217,775951,social_entertainment,2026-08-01T13:24:01+00:00,1440,2026-08-02T13:54:26.533404+00:00,1470.39,18822,204,3,telegram
eghtesadonline,354017,75239,economy,2026-08-01T13:25:47+00:00,5,2026-08-01T13:32:05.170315+00:00,6.17,526,1,1,telegram
eghtesadonline,354017,75239,economy,2026-08-01T13:25:47+00:00,10,2026-08-01T13:36:00.389198+00:00,10.09,801,1,1,telegram
eghtesadonline,354017,75239,economy,2026-08-01T13:25:47+00:00,20,2026-08-01T13:46:24.821293+00:00,20.5,1326,1,2,telegram
eghtesadonline,354017,75239,economy,2026-08-01T13:25:47+00:00,30,2026-08-01T13:59:01.196923+00:00,32.24,1949,1,3,telegram
eghtesadonline,354017,75239,economy,2026-08-01T13:25:47+00:00,1440,2026-08-02T13:54:28.023991+00:00,1468.62,6926,1,6,telegram
tweetfrsi,21558,664669,entertainment,2026-08-01T13:26:15+00:00,5,2026-08-01T13:32:06.791141+00:00,5.7,926,18,0,telegram
tweetfrsi,21558,664669,entertainment,2026-08-01T13:26:15+00:00,10,2026-08-01T13:37:19.863597+00:00,10.93,1231,28,0,telegram
tweetfrsi,21558,664669,entertainment,2026-08-01T13:26:15+00:00,20,2026-08-01T13:46:26.307708+00:00,20.03,1835,34,0,telegram
tweetfrsi,21558,664669,entertainment,2026-08-01T13:26:15+00:00,30,2026-08-01T13:59:03.113237+00:00,31.77,2574,42,0,telegram
tweetfrsi,21558,664669,entertainment,2026-08-01T13:26:15+00:00,1440,2026-08-02T13:54:29.522325+00:00,1468.16,16402,132,2,telegram
footballiapp,492982,49781,sport,2026-08-01T13:26:46+00:00,5,2026-08-01T13:32:02.219834+00:00,5.19,150,1,1,telegram
footballiapp,492982,49781,sport,2026-08-01T13:26:46+00:00,10,2026-08-01T13:37:15.378627+00:00,10.41,270,1,2,telegram
footballiapp,492982,49781,sport,2026-08-01T13:26:46+00:00,20,2026-08-01T13:47:40.337078+00:00,20.82,395,2,4,telegram
footballiapp,492982,49781,sport,2026-08-01T13:26:46+00:00,30,2026-08-01T13:58:57.893166+00:00,31.26,486,2,4,telegram
footballiapp,492982,49781,sport,2026-08-01T13:26:46+00:00,1440,2026-08-02T13:54:31.005201+00:00,1467.64,1927,11,10,telegram
varzesh3,298655,1296725,sport,2026-08-01T13:27:00+00:00,5,2026-08-01T13:33:22.609937+00:00,6.26,10413,0,0,telegram
varzesh3,298655,1296725,sport,2026-08-01T13:27:00+00:00,10,2026-08-01T13:37:16.864958+00:00,10.18,16661,0,0,telegram
varzesh3,298655,1296725,sport,2026-08-01T13:27:00+00:00,20,2026-08-01T13:47:41.965463+00:00,20.59,30221,0,0,telegram
varzesh3,298655,1296725,sport,2026-08-01T13:27:00+00:00,30,2026-08-01T13:58:59.393469+00:00,31.02,40676,0,0,telegram
varzesh3,298655,1296725,sport,2026-08-01T13:27:00+00:00,1440,2026-08-02T13:54:32.459702+00:00,1467.41,204670,0,70,telegram
aa_persian,127782,7934,international_news,2026-08-01T13:29:09+00:00,5,2026-08-01T13:34:49.757317+00:00,5.42,39,0,0,telegram
aa_persian,127782,7934,international_news,2026-08-01T13:29:09+00:00,10,2026-08-01T13:40:01.612327+00:00,10.63,54,0,0,telegram
aa_persian,127782,7934,international_news,2026-08-01T13:29:09+00:00,20,2026-08-01T13:50:31.854873+00:00,21.05,76,0,0,telegram
aa_persian,127782,7934,international_news,2026-08-01T13:29:09+00:00,30,2026-08-01T14:00:49.306623+00:00,31.41,107,0,0,telegram
aa_persian,127782,7934,international_news,2026-08-01T13:29:09+00:00,1440,2026-08-02T13:54:33.942826+00:00,1465.26,458,0,1,telegram
tweetychannel,409219,775951,social_entertainment,2026-08-01T13:31:03+00:00,5,2026-08-01T13:37:22.777439+00:00,6.13,2046,67,35,telegram
tweetychannel,409219,775951,social_entertainment,2026-08-01T13:31:03+00:00,10,2026-08-01T13:41:16.939029+00:00,10.02,3064,89,35,telegram
tweetychannel,409219,775951,social_entertainment,2026-08-01T13:31:03+00:00,20,2026-08-01T13:51:48.247472+00:00,20.53,5094,143,35,telegram
tweetychannel,409219,775951,social_entertainment,2026-08-01T13:31:03+00:00,30,2026-08-01T14:02:05.703459+00:00,30.82,7113,193,35,telegram
tweetychannel,409219,775951,social_entertainment,2026-08-01T13:31:03+00:00,1440,2026-08-02T13:54:36.671484+00:00,1463.36,18372,504,161,telegram
tweetychannel,409220,775951,social_entertainment,2026-08-01T13:31:21+00:00,5,2026-08-01T13:37:22.776526+00:00,5.83,3052,136,36,telegram
tweetychannel,409220,775951,social_entertainment,2026-08-01T13:31:21+00:00,10,2026-08-01T13:42:35.098077+00:00,11.03,4068,169,36,telegram
tweetychannel,409220,775951,social_entertainment,2026-08-01T13:31:21+00:00,20,2026-08-01T13:51:48.247437+00:00,20.23,6102,248,70,telegram
tweetychannel,409220,775951,social_entertainment,2026-08-01T13:31:21+00:00,30,2026-08-01T14:02:05.703438+00:00,30.52,7125,289,70,telegram
tweetychannel,409220,775951,social_entertainment,2026-08-01T13:31:21+00:00,1440,2026-08-02T13:54:35.319286+00:00,1463.06,20490,681,176,telegram
tweetychannel,409221,775951,social_entertainment,2026-08-01T13:33:12+00:00,5,2026-08-01T13:38:40.891247+00:00,5.27,2049,58,1,telegram
tweetychannel,409221,775951,social_entertainment,2026-08-01T13:33:12+00:00,10,2026-08-01T13:43:53.268939+00:00,10.48,3061,70,1,telegram
tweetychannel,409221,775951,social_entertainment,2026-08-01T13:33:12+00:00,20,2026-08-01T13:54:26.470574+00:00,21.02,6103,117,35,telegram
tweetychannel,409221,775951,social_entertainment,2026-08-01T13:33:12+00:00,30,2026-08-01T14:04:44.518038+00:00,31.32,7118,150,35,telegram
tweetychannel,409221,775951,social_entertainment,2026-08-01T13:33:12+00:00,1440,2026-08-02T13:54:40.740358+00:00,1461.21,17679,319,103,telegram
eghtesadonline,354018,75239,economy,2026-08-01T13:33:13+00:00,5,2026-08-01T13:38:36.273085+00:00,5.26,401,1,2,telegram
eghtesadonline,354018,75239,economy,2026-08-01T13:33:13+00:00,10,2026-08-01T13:43:48.881681+00:00,10.46,708,2,2,telegram
eghtesadonline,354018,75239,economy,2026-08-01T13:33:13+00:00,20,2026-08-01T13:54:21.874572+00:00,21.0,1418,4,2,telegram
eghtesadonline,354018,75239,economy,2026-08-01T13:33:13+00:00,30,2026-08-01T14:04:39.614057+00:00,31.3,1949,4,2,telegram
eghtesadonline,354018,75239,economy,2026-08-01T13:33:13+00:00,1440,2026-08-02T13:54:39.383128+00:00,1461.19,7518,6,3,telegram
aa_persian,127783,7934,international_news,2026-08-01T13:33:35+00:00,5,2026-08-01T13:40:01.611824+00:00,6.19,29,0,0,telegram
aa_persian,127783,7934,international_news,2026-08-01T13:33:35+00:00,10,2026-08-01T13:43:56.187438+00:00,10.1,39,0,0,telegram
aa_persian,127783,7934,international_news,2026-08-01T13:33:35+00:00,20,2026-08-01T13:54:29.735115+00:00,20.64,62,0,0,telegram
aa_persian,127783,7934,international_news,2026-08-01T13:33:35+00:00,30,2026-08-01T14:04:47.655992+00:00,30.93,101,0,0,telegram
aa_persian,127783,7934,international_news,2026-08-01T13:33:35+00:00,1440,2026-08-02T13:54:43.556776+00:00,1460.82,447,0,1,telegram
tweetychannel,409222,775951,social_entertainment,2026-08-01T13:34:08+00:00,5,2026-08-01T13:39:58.700340+00:00,5.64,2051,133,36,telegram
tweetychannel,409222,775951,social_entertainment,2026-08-01T13:34:08+00:00,10,2026-08-01T13:45:11.161682+00:00,10.85,4080,190,70,telegram
tweetychannel,409222,775951,social_entertainment,2026-08-01T13:34:08+00:00,20,2026-08-01T13:54:26.470544+00:00,20.09,7116,301,106,telegram
tweetychannel,409222,775951,social_entertainment,2026-08-01T13:34:08+00:00,30,2026-08-01T14:04:44.517513+00:00,30.38,8140,375,107,telegram
tweetychannel,409222,775951,social_entertainment,2026-08-01T13:34:08+00:00,1440,2026-08-02T13:54:42.127884+00:00,1460.27,20513,830,267,telegram
tweetychannel,409223,775951,social_entertainment,2026-08-01T13:35:21+00:00,5,2026-08-01T13:41:16.938238+00:00,5.72,2043,11,0,telegram
tweetychannel,409223,775951,social_entertainment,2026-08-01T13:35:21+00:00,10,2026-08-01T13:46:29.510491+00:00,10.93,4067,18,0,telegram
tweetychannel,409223,775951,social_entertainment,2026-08-01T13:35:21+00:00,20,2026-08-01T13:56:53.888663+00:00,20.19,7114,23,0,telegram
tweetychannel,409223,775951,social_entertainment,2026-08-01T13:35:21+00:00,30,2026-08-01T14:06:03.640284+00:00,30.49,9139,30,0,telegram
footballiapp,492983,49781,sport,2026-08-01T13:35:58+00:00,5,2026-08-01T13:41:09.265746+00:00,5.11,124,1,2,telegram
footballiapp,492983,49781,sport,2026-08-01T13:35:58+00:00,10,2026-08-01T13:46:21.756082+00:00,10.31,185,1,2,telegram
footballiapp,492983,49781,sport,2026-08-01T13:35:58+00:00,20,2026-08-01T13:58:57.892445+00:00,22.06,309,3,2,telegram
footballiapp,492983,49781,sport,2026-08-01T13:35:58+00:00,30,2026-08-01T14:07:15.049982+00:00,31.19,388,3,2,telegram
footballiapp,492983,49781,sport,2026-08-01T13:35:58+00:00,1440,2026-08-02T13:54:46.283518+00:00,1458.44,1864,17,7,telegram
varzesh3,298656,1296725,sport,2026-08-01T13:41:48+00:00,5,2026-08-01T13:47:41.964915+00:00,5.79,10437,0,0,telegram
varzesh3,298656,1296725,sport,2026-08-01T13:41:48+00:00,10,2026-08-01T13:53:01.035855+00:00,11.1,17704,0,0,telegram
varzesh3,298656,1296725,sport,2026-08-01T13:41:48+00:00,20,2026-08-01T14:01:59.260078+00:00,20.07,26112,0,34,telegram
varzesh3,298656,1296725,sport,2026-08-01T13:41:48+00:00,30,2026-08-01T14:12:33.652634+00:00,30.65,38581,0,34,telegram
varzesh3,298656,1296725,sport,2026-08-01T13:41:48+00:00,1440,2026-08-02T13:54:47.665363+00:00,1452.61,202325,0,152,telegram
tweetychannel,409224,775951,social_entertainment,2026-08-01T13:42:33+00:00,5,2026-08-01T13:47:47.814905+00:00,5.04,4053,151,35,telegram
tweetychannel,409224,775951,social_entertainment,2026-08-01T13:42:33+00:00,10,2026-08-01T13:53:07.251103+00:00,10.35,5086,211,69,telegram
tweetychannel,409224,775951,social_entertainment,2026-08-01T13:42:33+00:00,20,2026-08-01T14:03:25.089755+00:00,20.65,8127,260,70,telegram
tweetychannel,409224,775951,social_entertainment,2026-08-01T13:42:33+00:00,30,2026-08-01T14:13:58.769869+00:00,31.21,10165,302,70,telegram
tweetychannel,409224,775951,social_entertainment,2026-08-01T13:42:33+00:00,1440,2026-08-02T13:54:49.027588+00:00,1451.86,22435,577,161,telegram
eghtesadonline,354019,75239,economy,2026-08-01T13:44:31+00:00,5,2026-08-01T13:50:23.707326+00:00,5.68,585,7,3,telegram
eghtesadonline,354019,75239,economy,2026-08-01T13:44:31+00:00,10,2026-08-01T13:56:04.434377+00:00,11.02,1022,11,5,telegram
eghtesadonline,354019,75239,economy,2026-08-01T13:44:31+00:00,20,2026-08-01T14:05:59.073731+00:00,21.32,1519,16,6,telegram
eghtesadonline,354019,75239,economy,2026-08-01T13:44:31+00:00,30,2026-08-01T14:15:13.007522+00:00,30.56,1923,19,6,telegram
eghtesadonline,354019,75239,economy,2026-08-01T13:44:31+00:00,1440,2026-08-02T13:54:50.428452+00:00,1449.89,7030,52,9,telegram
tweetychannel,409225,775951,social_entertainment,2026-08-01T13:46:15+00:00,5,2026-08-01T13:51:48.246772+00:00,5.33,3060,192,70,telegram
tweetychannel,409225,775951,social_entertainment,2026-08-01T13:46:15+00:00,10,2026-08-01T13:59:27.588718+00:00,11.77,5104,289,105,telegram
tweetychannel,409225,775951,social_entertainment,2026-08-01T13:46:15+00:00,20,2026-08-01T14:07:23.420368+00:00,20.91,7135,332,105,telegram
tweetychannel,409225,775951,social_entertainment,2026-08-01T13:46:15+00:00,30,2026-08-01T14:16:36.717068+00:00,30.14,9163,363,139,telegram
tweetychannel,409225,775951,social_entertainment,2026-08-01T13:46:15+00:00,1440,2026-08-02T13:54:51.806109+00:00,1448.16,20602,665,266,telegram
persiantwix,9511,1051274,entertainment,2026-08-01T13:47:20+00:00,5,2026-08-01T13:53:05.621202+00:00,5.57,2528,9,4,telegram
persiantwix,9511,1051274,entertainment,2026-08-01T13:47:20+00:00,10,2026-08-01T13:59:04.614449+00:00,10.69,3557,14,4,telegram
persiantwix,9511,1051274,entertainment,2026-08-01T13:47:20+00:00,20,2026-08-01T14:08:40.694861+00:00,21.16,5609,19,4,telegram
persiantwix,9511,1051274,entertainment,2026-08-01T13:47:20+00:00,30,2026-08-01T14:17:54.136178+00:00,30.38,7631,21,4,telegram
persiantwix,9512,1051274,entertainment,2026-08-01T13:47:21+00:00,5,2026-08-01T13:53:05.621171+00:00,5.55,2250,0,4,telegram
persiantwix,9512,1051274,entertainment,2026-08-01T13:47:21+00:00,10,2026-08-01T13:59:04.614203+00:00,10.67,3281,0,4,telegram
persiantwix,9512,1051274,entertainment,2026-08-01T13:47:21+00:00,20,2026-08-01T14:08:40.694826+00:00,21.14,5331,0,4,telegram
persiantwix,9512,1051274,entertainment,2026-08-01T13:47:21+00:00,30,2026-08-01T14:17:54.136149+00:00,30.36,7356,0,4,telegram
persiantwix,9513,1051274,entertainment,2026-08-01T13:47:21+00:00,5,2026-08-01T13:53:05.620641+00:00,5.55,2250,0,4,telegram
persiantwix,9513,1051274,entertainment,2026-08-01T13:47:21+00:00,10,2026-08-01T13:59:04.613439+00:00,10.67,3283,0,4,telegram
persiantwix,9513,1051274,entertainment,2026-08-01T13:47:21+00:00,20,2026-08-01T14:08:40.694161+00:00,21.14,6335,0,4,telegram
persiantwix,9513,1051274,entertainment,2026-08-01T13:47:21+00:00,30,2026-08-01T14:17:54.135557+00:00,30.36,7359,0,4,telegram
tweetychannel,409226,775951,social_entertainment,2026-08-01T13:48:28+00:00,5,2026-08-01T13:54:26.470282+00:00,5.75,2047,149,1,telegram
tweetychannel,409226,775951,social_entertainment,2026-08-01T13:48:28+00:00,10,2026-08-01T14:00:46.347214+00:00,12.09,4086,226,1,telegram
tweetychannel,409226,775951,social_entertainment,2026-08-01T13:48:28+00:00,20,2026-08-01T14:08:42.401236+00:00,20.02,7127,267,1,telegram
tweetychannel,409226,775951,social_entertainment,2026-08-01T13:48:28+00:00,30,2026-08-01T14:19:15.973851+00:00,30.57,9162,303,1,telegram
tweetychannel,409226,775951,social_entertainment,2026-08-01T13:48:28+00:00,1440,2026-08-02T13:54:57.499260+00:00,1445.94,22788,541,51,telegram
tweetychannel,409227,775951,social_entertainment,2026-08-01T13:53:02+00:00,5,2026-08-01T14:00:46.346748+00:00,7.52,3061,125,35,telegram
tweetychannel,409227,775951,social_entertainment,2026-08-01T13:53:02+00:00,10,2026-08-01T14:03:25.089549+00:00,10.16,4082,142,35,telegram
tweetychannel,409227,775951,social_entertainment,2026-08-01T13:53:02+00:00,20,2026-08-01T14:13:58.769810+00:00,20.73,7140,185,35,telegram
tweetychannel,409227,775951,social_entertainment,2026-08-01T13:53:02+00:00,30,2026-08-01T14:24:32.125141+00:00,31.28,9158,213,69,telegram
tweetychannel,409227,775951,social_entertainment,2026-08-01T13:53:02+00:00,1440,2026-08-02T13:55:00.464592+00:00,1441.37,23037,387,86,telegram
digiato,110966,111085,technology,2026-08-01T13:54:08+00:00,5,2026-08-01T14:00:35.703645+00:00,6.42,872,7,4,telegram
digiato,110966,111085,technology,2026-08-01T13:54:08+00:00,10,2026-08-01T14:04:32.949597+00:00,10.38,1151,11,5,telegram
digiato,110966,111085,technology,2026-08-01T13:54:08+00:00,20,2026-08-01T14:15:06.601125+00:00,20.94,1982,18,7,telegram
digiato,110966,111085,technology,2026-08-01T13:54:08+00:00,30,2026-08-01T14:24:20.645659+00:00,30.18,2378,19,8,telegram
digiato,110966,111085,technology,2026-08-01T13:54:08+00:00,1440,2026-08-02T13:54:59.111387+00:00,1440.27,8617,44,21,telegram
aa_persian,127784,7934,international_news,2026-08-01T13:55:24+00:00,5,2026-08-01T14:00:49.306509+00:00,5.16,31,0,1,telegram
aa_persian,127784,7934,international_news,2026-08-01T13:55:24+00:00,10,2026-08-01T14:06:06.823040+00:00,10.44,55,0,1,telegram
aa_persian,127784,7934,international_news,2026-08-01T13:55:24+00:00,20,2026-08-01T14:16:39.828624+00:00,20.99,94,0,1,telegram
aa_persian,127784,7934,international_news,2026-08-01T13:55:24+00:00,30,2026-08-01T14:25:54.075018+00:00,30.23,107,0,1,telegram
aa_persian,127784,7934,international_news,2026-08-01T13:55:24+00:00,1440,2026-08-02T14:26:06.453564+00:00,1470.56,513,0,3,telegram
tweetychannel,409228,775951,social_entertainment,2026-08-01T13:55:50+00:00,5,2026-08-01T14:02:05.703300+00:00,6.03,2056,100,36,telegram
tweetychannel,409228,775951,social_entertainment,2026-08-01T13:55:50+00:00,10,2026-08-01T14:06:03.640095+00:00,10.01,4088,125,36,telegram
tweetychannel,409228,775951,social_entertainment,2026-08-01T13:55:50+00:00,20,2026-08-01T14:16:36.716932+00:00,20.56,7132,160,36,telegram
tweetychannel,409228,775951,social_entertainment,2026-08-01T13:55:50+00:00,30,2026-08-01T14:27:09.836711+00:00,31.11,9156,178,36,telegram
tweetychannel,409228,775951,social_entertainment,2026-08-01T13:55:50+00:00,1440,2026-08-02T14:26:07.816823+00:00,1470.12,22807,386,117,telegram
eghtesadonline,354020,75239,economy,2026-08-01T13:58:59+00:00,5,2026-08-01T14:04:39.613517+00:00,5.53,465,0,5,telegram
eghtesadonline,354020,75239,economy,2026-08-01T13:58:59+00:00,10,2026-08-01T14:09:56.688192+00:00,10.82,747,0,5,telegram
eghtesadonline,354020,75239,economy,2026-08-01T13:58:59+00:00,20,2026-08-01T14:19:11.163732+00:00,20.05,1145,1,6,telegram
eghtesadonline,354020,75239,economy,2026-08-01T13:58:59+00:00,30,2026-08-01T14:29:43.806036+00:00,30.59,1488,3,6,telegram
eghtesadonline,354020,75239,economy,2026-08-01T13:58:59+00:00,1440,2026-08-02T14:26:09.273399+00:00,1466.97,6790,8,9,telegram
persiantwix,9514,1051274,entertainment,2026-08-01T14:00:00+00:00,5,2026-08-01T14:06:02.057394+00:00,5.84,2059,230,34,telegram
persiantwix,9514,1051274,entertainment,2026-08-01T14:00:00+00:00,10,2026-08-01T14:11:19.394774+00:00,11.12,3076,343,35,telegram
persiantwix,9514,1051274,entertainment,2026-08-01T14:00:00+00:00,20,2026-08-01T14:20:33.460375+00:00,20.37,5084,473,73,telegram
persiantwix,9514,1051274,entertainment,2026-08-01T14:00:00+00:00,30,2026-08-01T14:31:06.088101+00:00,30.91,6599,608,95,telegram
persiantwix,9514,1051274,entertainment,2026-08-01T14:00:00+00:00,1440,2026-08-02T14:26:10.647959+00:00,1465.96,40485,2499,410,telegram
aa_persian,127785,7934,international_news,2026-08-01T14:00:23+00:00,5,2026-08-01T14:06:06.822467+00:00,5.46,34,0,0,telegram
aa_persian,127785,7934,international_news,2026-08-01T14:00:23+00:00,10,2026-08-01T14:11:24.058905+00:00,10.74,59,0,0,telegram
aa_persian,127785,7934,international_news,2026-08-01T14:00:23+00:00,20,2026-08-01T14:21:57.220850+00:00,21.3,94,0,1,telegram
aa_persian,127785,7934,international_news,2026-08-01T14:00:23+00:00,30,2026-08-01T14:31:10.824414+00:00,30.53,106,0,1,telegram
aa_persian,127785,7934,international_news,2026-08-01T14:00:23+00:00,1440,2026-08-02T14:26:12.015359+00:00,1465.57,562,0,2,telegram
tweetychannel,409229,775951,social_entertainment,2026-08-01T14:01:04+00:00,5,2026-08-01T14:07:23.420294+00:00,6.09,3056,5,0,telegram
tweetychannel,409229,775951,social_entertainment,2026-08-01T14:01:04+00:00,10,2026-08-01T14:11:20.945249+00:00,10.06,4080,8,0,telegram
tweetychannel,409229,775951,social_entertainment,2026-08-01T14:01:04+00:00,20,2026-08-01T14:21:54.180185+00:00,20.62,7115,11,0,telegram
tweetychannel,409229,775951,social_entertainment,2026-08-01T14:01:04+00:00,30,2026-08-01T14:32:26.358106+00:00,31.16,9142,14,0,telegram
tweetychannel,409230,775951,social_entertainment,2026-08-01T14:02:00+00:00,5,2026-08-01T14:07:23.418829+00:00,5.16,2051,150,2,telegram
tweetychannel,409230,775951,social_entertainment,2026-08-01T14:02:00+00:00,10,2026-08-01T14:12:39.793608+00:00,10.45,5088,216,36,telegram
tweetychannel,409230,775951,social_entertainment,2026-08-01T14:02:00+00:00,20,2026-08-01T14:23:12.743397+00:00,21.0,7120,278,36,telegram
tweetychannel,409230,775951,social_entertainment,2026-08-01T14:02:00+00:00,30,2026-08-01T14:32:26.357977+00:00,30.23,9142,332,36,telegram
tweetychannel,409230,775951,social_entertainment,2026-08-01T14:02:00+00:00,1440,2026-08-02T14:26:16.228367+00:00,1463.96,22612,671,94,telegram
tweetychannel,409231,775951,social_entertainment,2026-08-01T14:02:45+00:00,5,2026-08-01T14:08:42.401078+00:00,5.74,2050,111,1,telegram
tweetychannel,409231,775951,social_entertainment,2026-08-01T14:02:45+00:00,10,2026-08-01T14:13:58.769717+00:00,11.01,5088,160,35,telegram
tweetychannel,409231,775951,social_entertainment,2026-08-01T14:02:45+00:00,20,2026-08-01T14:23:12.741744+00:00,20.25,7119,200,35,telegram
tweetychannel,409231,775951,social_entertainment,2026-08-01T14:02:45+00:00,30,2026-08-01T14:33:45.276255+00:00,30.79,9143,225,35,telegram
tweetychannel,409231,775951,social_entertainment,2026-08-01T14:02:45+00:00,1440,2026-08-02T14:26:14.797143+00:00,1463.21,21666,399,87,telegram
footballiapp,492984,49781,sport,2026-08-01T14:03:39+00:00,5,2026-08-01T14:09:53.527830+00:00,6.16,183,0,1,telegram
footballiapp,492984,49781,sport,2026-08-01T14:03:39+00:00,10,2026-08-01T14:13:50.877277+00:00,10.11,214,0,2,telegram
footballiapp,492984,49781,sport,2026-08-01T14:03:39+00:00,20,2026-08-01T14:24:24.057594+00:00,20.66,340,0,2,telegram
footballiapp,492984,49781,sport,2026-08-01T14:03:39+00:00,30,2026-08-01T14:34:56.471390+00:00,31.2,494,0,2,telegram
footballiapp,492984,49781,sport,2026-08-01T14:03:39+00:00,1440,2026-08-02T14:26:19.135259+00:00,1462.31,1925,2,4,telegram
footballiapp,492985,49781,sport,2026-08-01T14:04:03+00:00,5,2026-08-01T14:09:53.527220+00:00,5.76,174,5,6,telegram
footballiapp,492985,49781,sport,2026-08-01T14:04:03+00:00,10,2026-08-01T14:15:09.908655+00:00,11.03,267,6,9,telegram
footballiapp,492985,49781,sport,2026-08-01T14:04:03+00:00,20,2026-08-01T14:24:24.057087+00:00,20.26,392,9,10,telegram
footballiapp,492985,49781,sport,2026-08-01T14:04:03+00:00,30,2026-08-01T14:34:56.470092+00:00,30.8,548,15,13,telegram
footballiapp,492985,49781,sport,2026-08-01T14:04:03+00:00,1440,2026-08-02T14:26:17.737387+00:00,1461.91,2172,44,34,telegram
tweetychannel,409232,775951,social_entertainment,2026-08-01T14:05:12+00:00,5,2026-08-01T14:11:20.945093+00:00,5.92,3057,18,1,telegram
tweetychannel,409232,775951,social_entertainment,2026-08-01T14:05:12+00:00,10,2026-08-01T14:16:36.716877+00:00,11.19,5100,24,1,telegram
tweetychannel,409232,775951,social_entertainment,2026-08-01T14:05:12+00:00,20,2026-08-01T14:25:50.995755+00:00,20.43,7128,27,2,telegram
tweetychannel,409232,775951,social_entertainment,2026-08-01T14:05:12+00:00,30,2026-08-01T14:36:24.025701+00:00,30.98,9147,33,2,telegram
tweetychannel,409232,775951,social_entertainment,2026-08-01T14:05:12+00:00,1440,2026-08-02T14:26:20.519842+00:00,1460.76,22632,61,2,telegram
varzesh3,298657,1296725,sport,2026-08-01T14:07:01+00:00,5,2026-08-01T14:12:33.651083+00:00,5.43,12491,0,35,telegram
varzesh3,298657,1296725,sport,2026-08-01T14:07:01+00:00,10,2026-08-01T14:17:49.482049+00:00,10.69,20765,0,70,telegram
varzesh3,298657,1296725,sport,2026-08-01T14:07:01+00:00,20,2026-08-01T14:28:22.326180+00:00,21.25,31219,0,106,telegram
varzesh3,298657,1296725,sport,2026-08-01T14:07:01+00:00,30,2026-08-01T14:37:36.469339+00:00,30.48,39527,0,106,telegram
varzesh3,298657,1296725,sport,2026-08-01T14:07:01+00:00,1440,2026-08-02T14:26:22.057010+00:00,1458.94,209914,0,301,telegram
tweetychannel,409233,775951,social_entertainment,2026-08-01T14:08:10+00:00,5,2026-08-01T14:13:58.769119+00:00,5.59,3060,63,35,telegram
tweetychannel,409233,775951,social_entertainment,2026-08-01T14:08:10+00:00,10,2026-08-01T14:19:15.972164+00:00,10.87,5094,82,35,telegram
tweetychannel,409233,775951,social_entertainment,2026-08-01T14:08:10+00:00,20,2026-08-01T14:28:28.672212+00:00,20.1,7119,108,36,telegram
tweetychannel,409233,775951,social_entertainment,2026-08-01T14:08:10+00:00,30,2026-08-01T14:39:01.961089+00:00,30.65,9153,128,70,telegram
tweetychannel,409233,775951,social_entertainment,2026-08-01T14:08:10+00:00,1440,2026-08-02T14:26:23.414895+00:00,1457.79,22518,241,106,telegram
digiato,110967,111085,technology,2026-08-01T14:08:30+00:00,5,2026-08-01T14:13:47.630948+00:00,5.26,802,14,7,telegram
digiato,110967,111085,technology,2026-08-01T14:08:30+00:00,10,2026-08-01T14:19:04.628301+00:00,10.53,1199,20,13,telegram
digiato,110967,111085,technology,2026-08-01T14:08:30+00:00,20,2026-08-01T14:29:36.461178+00:00,21.08,1855,29,17,telegram
digiato,110967,111085,technology,2026-08-01T14:08:30+00:00,30,2026-08-01T14:38:50.912774+00:00,30.31,2289,33,19,telegram
digiato,110967,111085,technology,2026-08-01T14:08:30+00:00,1440,2026-08-02T14:26:24.980173+00:00,1457.46,9025,79,47,telegram
tweetychannel,409234,775951,social_entertainment,2026-08-01T14:10:34+00:00,5,2026-08-01T14:16:36.716753+00:00,5.82,3060,139,2,telegram
tweetychannel,409234,775951,social_entertainment,2026-08-01T14:10:34+00:00,10,2026-08-01T14:21:54.180135+00:00,11.12,4081,180,2,telegram
tweetychannel,409234,775951,social_entertainment,2026-08-01T14:10:34+00:00,20,2026-08-01T14:31:07.669879+00:00,20.35,6119,223,37,telegram
tweetychannel,409234,775951,social_entertainment,2026-08-01T14:10:34+00:00,30,2026-08-01T14:41:39.548839+00:00,30.88,9151,238,37,telegram
tweetychannel,409234,775951,social_entertainment,2026-08-01T14:10:34+00:00,1440,2026-08-02T14:26:26.338100+00:00,1455.39,22115,385,37,telegram
aa_persian,127786,7934,international_news,2026-08-01T14:12:52+00:00,5,2026-08-01T14:19:19.111962+00:00,6.17,39,0,0,telegram
aa_persian,127786,7934,international_news,2026-08-01T14:12:52+00:00,10,2026-08-01T14:23:15.858339+00:00,10.13,46,0,0,telegram
aa_persian,127786,7934,international_news,2026-08-01T14:12:52+00:00,20,2026-08-01T14:33:48.464634+00:00,20.67,66,0,1,telegram
aa_persian,127786,7934,international_news,2026-08-01T14:12:52+00:00,30,2026-08-01T14:44:20.798245+00:00,31.21,87,0,1,telegram
aa_persian,127786,7934,international_news,2026-08-01T14:12:52+00:00,1440,2026-08-02T14:26:31.831298+00:00,1453.09,598,0,7,telegram
aa_persian,127787,7934,international_news,2026-08-01T14:12:52+00:00,5,2026-08-01T14:19:19.111942+00:00,6.17,39,0,0,telegram
aa_persian,127787,7934,international_news,2026-08-01T14:12:52+00:00,10,2026-08-01T14:23:15.858311+00:00,10.13,46,0,0,telegram
aa_persian,127787,7934,international_news,2026-08-01T14:12:52+00:00,20,2026-08-01T14:33:48.464612+00:00,20.67,63,0,1,telegram
aa_persian,127787,7934,international_news,2026-08-01T14:12:52+00:00,30,2026-08-01T14:44:20.798226+00:00,31.21,87,0,1,telegram
aa_persian,127787,7934,international_news,2026-08-01T14:12:52+00:00,1440,2026-08-02T14:26:30.480003+00:00,1453.09,611,0,7,telegram
aa_persian,127788,7934,international_news,2026-08-01T14:12:52+00:00,5,2026-08-01T14:19:19.111913+00:00,6.17,36,0,0,telegram
aa_persian,127788,7934,international_news,2026-08-01T14:12:52+00:00,10,2026-08-01T14:23:15.858278+00:00,10.13,46,0,0,telegram
aa_persian,127788,7934,international_news,2026-08-01T14:12:52+00:00,20,2026-08-01T14:33:48.464551+00:00,20.67,64,0,1,telegram
aa_persian,127788,7934,international_news,2026-08-01T14:12:52+00:00,30,2026-08-01T14:44:20.798183+00:00,31.21,87,0,1,telegram
aa_persian,127788,7934,international_news,2026-08-01T14:12:52+00:00,1440,2026-08-02T14:26:29.105850+00:00,1453.09,644,0,7,telegram
aa_persian,127789,7934,international_news,2026-08-01T14:12:52+00:00,5,2026-08-01T14:19:19.110337+00:00,6.17,38,0,0,telegram
aa_persian,127789,7934,international_news,2026-08-01T14:12:52+00:00,10,2026-08-01T14:23:15.856677+00:00,10.13,46,0,0,telegram
aa_persian,127789,7934,international_news,2026-08-01T14:12:52+00:00,20,2026-08-01T14:33:48.463677+00:00,20.67,64,0,0,telegram
aa_persian,127789,7934,international_news,2026-08-01T14:12:52+00:00,30,2026-08-01T14:44:20.796191+00:00,31.21,86,0,1,telegram
aa_persian,127789,7934,international_news,2026-08-01T14:12:52+00:00,1440,2026-08-02T14:26:27.715545+00:00,1453.09,638,0,7,telegram
tweetychannel,409235,775951,social_entertainment,2026-08-01T14:15:25+00:00,5,2026-08-01T14:21:54.179820+00:00,6.27,2041,54,1,telegram
tweetychannel,409235,775951,social_entertainment,2026-08-01T14:15:25+00:00,10,2026-08-01T14:25:50.995210+00:00,10.22,3067,79,2,telegram
tweetychannel,409235,775951,social_entertainment,2026-08-01T14:15:25+00:00,20,2026-08-01T14:36:24.025659+00:00,20.77,6095,115,36,telegram
tweetychannel,409235,775951,social_entertainment,2026-08-01T14:15:25+00:00,30,2026-08-01T14:46:55.959131+00:00,31.29,8127,127,36,telegram
tweetychannel,409235,775951,social_entertainment,2026-08-01T14:15:25+00:00,1440,2026-08-02T14:26:33.295405+00:00,1450.54,20781,229,54,telegram
tweetychannel,409236,775951,social_entertainment,2026-08-01T14:23:08+00:00,5,2026-08-01T14:28:28.672079+00:00,5.13,2037,56,38,telegram
tweetychannel,409236,775951,social_entertainment,2026-08-01T14:23:08+00:00,10,2026-08-01T14:33:45.276177+00:00,10.4,3060,84,72,telegram
tweetychannel,409236,775951,social_entertainment,2026-08-01T14:23:08+00:00,20,2026-08-01T14:44:17.613355+00:00,20.94,6099,107,106,telegram
tweetychannel,409236,775951,social_entertainment,2026-08-01T14:23:08+00:00,30,2026-08-01T14:54:13.050978+00:00,30.86,9138,128,106,telegram
tweetychannel,409236,775951,social_entertainment,2026-08-01T14:23:08+00:00,1440,2026-08-02T14:26:34.660398+00:00,1442.82,21468,256,228,telegram
digiato,110968,111085,technology,2026-08-01T14:25:13+00:00,5,2026-08-01T14:30:56.671223+00:00,5.7,710,11,7,telegram
digiato,110968,111085,technology,2026-08-01T14:25:13+00:00,10,2026-08-01T14:36:12.905521+00:00,10.97,1052,17,9,telegram
digiato,110968,111085,technology,2026-08-01T14:25:13+00:00,20,2026-08-01T14:45:25.340712+00:00,20.17,1484,21,11,telegram
digiato,110968,111085,technology,2026-08-01T14:25:13+00:00,30,2026-08-01T14:55:21.491554+00:00,30.11,1863,26,12,telegram
digiato,110968,111085,technology,2026-08-01T14:25:13+00:00,1440,2026-08-02T14:26:36.036619+00:00,1440.74,10013,76,42,telegram
tweetychannel,409237,775951,social_entertainment,2026-08-01T14:28:10+00:00,5,2026-08-01T14:33:45.275563+00:00,5.37,2031,70,1,telegram
tweetychannel,409237,775951,social_entertainment,2026-08-01T14:28:10+00:00,10,2026-08-01T14:39:01.960382+00:00,10.65,3059,92,35,telegram
tweetychannel,409237,775951,social_entertainment,2026-08-01T14:28:10+00:00,20,2026-08-01T14:48:53.995817+00:00,20.43,7101,121,35,telegram
tweetychannel,409237,775951,social_entertainment,2026-08-01T14:28:10+00:00,30,2026-08-01T14:59:29.526980+00:00,31.11,9132,152,35,telegram
tweetychannel,409237,775951,social_entertainment,2026-08-01T14:28:10+00:00,1440,2026-08-02T14:57:39.830613+00:00,1469.33,23518,359,131,telegram
eghtesadonline,354021,75239,economy,2026-08-01T14:29:24+00:00,5,2026-08-01T14:34:59.880187+00:00,5.45,528,0,3,telegram
eghtesadonline,354021,75239,economy,2026-08-01T14:29:24+00:00,10,2026-08-01T14:40:16.526479+00:00,10.73,995,0,4,telegram
eghtesadonline,354021,75239,economy,2026-08-01T14:29:24+00:00,20,2026-08-01T14:50:11.978667+00:00,20.66,1582,0,4,telegram
eghtesadonline,354021,75239,economy,2026-08-01T14:29:24+00:00,30,2026-08-01T15:00:44.456173+00:00,31.19,1953,0,5,telegram
eghtesadonline,354021,75239,economy,2026-08-01T14:29:24+00:00,1440,2026-08-02T14:57:41.417703+00:00,1468.1,7099,5,11,telegram
persiantwix,9515,1051274,entertainment,2026-08-01T14:30:00+00:00,5,2026-08-01T14:36:22.479794+00:00,6.18,2501,182,19,telegram
persiantwix,9515,1051274,entertainment,2026-08-01T14:30:00+00:00,10,2026-08-01T14:40:19.597957+00:00,10.13,3424,222,19,telegram
persiantwix,9515,1051274,entertainment,2026-08-01T14:30:00+00:00,20,2026-08-01T14:50:14.936926+00:00,20.06,4655,281,29,telegram
persiantwix,9515,1051274,entertainment,2026-08-01T14:30:00+00:00,30,2026-08-01T15:00:47.676529+00:00,30.59,5876,350,39,telegram
persiantwix,9515,1051274,entertainment,2026-08-01T14:30:00+00:00,1440,2026-08-02T14:57:42.781180+00:00,1467.5,36423,1703,178,telegram
footballiapp,492986,49781,sport,2026-08-01T14:31:02+00:00,5,2026-08-01T14:36:16.042985+00:00,5.15,153,6,1,telegram
footballiapp,492986,49781,sport,2026-08-01T14:31:02+00:00,10,2026-08-01T14:41:31.814559+00:00,10.41,246,12,2,telegram
footballiapp,492986,49781,sport,2026-08-01T14:31:02+00:00,20,2026-08-01T14:51:27.336971+00:00,20.34,392,17,4,telegram
footballiapp,492986,49781,sport,2026-08-01T14:31:02+00:00,30,2026-08-01T15:02:00.544105+00:00,30.89,519,18,5,telegram
footballiapp,492986,49781,sport,2026-08-01T14:31:02+00:00,1440,2026-08-02T14:57:44.483852+00:00,1466.46,2241,42,17,telegram
tweetychannel,409238,775951,social_entertainment,2026-08-01T14:31:02+00:00,5,2026-08-01T14:36:24.025536+00:00,5.15,1025,9,0,telegram
tweetychannel,409238,775951,social_entertainment,2026-08-01T14:31:02+00:00,10,2026-08-01T14:41:39.548785+00:00,10.41,3054,12,0,telegram
tweetychannel,409238,775951,social_entertainment,2026-08-01T14:31:02+00:00,20,2026-08-01T14:51:34.948297+00:00,20.34,7095,17,0,telegram
tweetychannel,409238,775951,social_entertainment,2026-08-01T14:31:02+00:00,30,2026-08-01T15:02:08.691210+00:00,30.89,9129,21,0,telegram
persiantwix,9516,1051274,entertainment,2026-08-01T14:31:52+00:00,5,2026-08-01T14:37:41.526038+00:00,5.63,1836,5,5,telegram
persiantwix,9516,1051274,entertainment,2026-08-01T14:31:52+00:00,10,2026-08-01T14:42:56.628609+00:00,10.89,2759,8,5,telegram
persiantwix,9516,1051274,entertainment,2026-08-01T14:31:52+00:00,20,2026-08-01T14:52:52.301718+00:00,20.81,4288,9,5,telegram
persiantwix,9516,1051274,entertainment,2026-08-01T14:31:52+00:00,30,2026-08-01T15:02:07.050168+00:00,30.05,5814,13,15,telegram
persiantwix,9516,1051274,entertainment,2026-08-01T14:31:52+00:00,1440,2026-08-02T14:57:45.842118+00:00,1465.63,37760,38,41,telegram
tweetfrsi,21559,664669,entertainment,2026-08-01T14:34:07+00:00,5,2026-08-01T14:40:18.116250+00:00,6.01,798,55,10,telegram
tweetfrsi,21559,664669,entertainment,2026-08-01T14:34:07+00:00,10,2026-08-01T14:45:33.466097+00:00,11.27,1193,79,12,telegram
tweetfrsi,21559,664669,entertainment,2026-08-01T14:34:07+00:00,20,2026-08-01T14:55:29.669909+00:00,21.21,2140,116,23,telegram
tweetfrsi,21559,664669,entertainment,2026-08-01T14:34:07+00:00,30,2026-08-01T15:04:43.660355+00:00,30.44,2901,150,26,telegram
tweetfrsi,21559,664669,entertainment,2026-08-01T14:34:07+00:00,1440,2026-08-02T14:57:48.693729+00:00,1463.38,15401,516,105,telegram
tweetychannel,409240,775951,social_entertainment,2026-08-01T14:34:23+00:00,5,2026-08-01T14:40:21.053272+00:00,5.75,2039,22,2,telegram
tweetychannel,409240,775951,social_entertainment,2026-08-01T14:34:23+00:00,10,2026-08-01T14:45:36.561330+00:00,11.01,4059,35,2,telegram
tweetychannel,409240,775951,social_entertainment,2026-08-01T14:34:23+00:00,20,2026-08-01T14:55:32.780740+00:00,20.94,8107,57,36,telegram
tweetychannel,409240,775951,social_entertainment,2026-08-01T14:34:23+00:00,30,2026-08-01T15:04:46.928029+00:00,30.18,9136,65,36,telegram
tweetychannel,409240,775951,social_entertainment,2026-08-01T14:34:23+00:00,1440,2026-08-02T14:57:50.051874+00:00,1463.11,20392,128,84,telegram
tweetychannel,409241,775951,social_entertainment,2026-08-01T14:36:01+00:00,5,2026-08-01T14:41:39.547260+00:00,5.43,2038,166,37,telegram
tweetychannel,409241,775951,social_entertainment,2026-08-01T14:36:01+00:00,10,2026-08-01T14:46:55.958204+00:00,10.69,4067,278,71,telegram
tweetychannel,409241,775951,social_entertainment,2026-08-01T14:36:01+00:00,20,2026-08-01T14:56:52.176607+00:00,20.63,8120,426,106,telegram
tweetychannel,409241,775951,social_entertainment,2026-08-01T14:36:01+00:00,30,2026-08-01T15:07:25.636642+00:00,31.19,10153,486,140,telegram
tweetychannel,409241,775951,social_entertainment,2026-08-01T14:36:01+00:00,1440,2026-08-02T14:57:51.419338+00:00,1461.48,22708,932,279,telegram
eghtesadonline,354022,75239,economy,2026-08-01T14:38:21+00:00,5,2026-08-01T14:44:12.856941+00:00,5.72,593,0,1,telegram
eghtesadonline,354022,75239,economy,2026-08-01T14:38:21+00:00,10,2026-08-01T14:48:47.517078+00:00,10.25,932,0,2,telegram
eghtesadonline,354022,75239,economy,2026-08-01T14:38:21+00:00,20,2026-08-01T14:59:24.997201+00:00,20.93,1365,0,2,telegram
eghtesadonline,354022,75239,economy,2026-08-01T14:38:21+00:00,30,2026-08-01T15:08:39.923467+00:00,30.18,1733,0,2,telegram
eghtesadonline,354022,75239,economy,2026-08-01T14:38:21+00:00,1440,2026-08-02T14:57:52.787384+00:00,1459.15,6676,6,4,telegram
eghtesadonline,354023,75239,economy,2026-08-01T14:44:46+00:00,5,2026-08-01T14:50:11.977050+00:00,5.29,465,0,1,telegram
eghtesadonline,354023,75239,economy,2026-08-01T14:44:46+00:00,10,2026-08-01T14:55:28.073999+00:00,10.56,744,0,1,telegram
eghtesadonline,354023,75239,economy,2026-08-01T14:44:46+00:00,20,2026-08-01T15:06:01.356373+00:00,21.11,1175,0,2,telegram
eghtesadonline,354023,75239,economy,2026-08-01T14:44:46+00:00,30,2026-08-01T15:15:32.519362+00:00,30.59,1574,0,3,telegram
eghtesadonline,354023,75239,economy,2026-08-01T14:44:46+00:00,1440,2026-08-02T14:57:54.117620+00:00,1452.73,6370,13,4,telegram
tweetychannel,409242,775951,social_entertainment,2026-08-01T14:45:09+00:00,5,2026-08-01T14:51:34.948211+00:00,6.22,3051,75,35,telegram
tweetychannel,409242,775951,social_entertainment,2026-08-01T14:45:09+00:00,10,2026-08-01T14:55:32.780704+00:00,10.18,5078,94,69,telegram
tweetychannel,409242,775951,social_entertainment,2026-08-01T14:45:09+00:00,20,2026-08-01T15:06:06.132040+00:00,20.73,8129,114,69,telegram
tweetychannel,409242,775951,social_entertainment,2026-08-01T14:45:09+00:00,30,2026-08-01T15:15:38.700756+00:00,30.2,9143,124,69,telegram
tweetychannel,409242,775951,social_entertainment,2026-08-01T14:45:09+00:00,1440,2026-08-02T14:57:56.824315+00:00,1452.35,23906,220,128,telegram
tweetychannel,409243,775951,social_entertainment,2026-08-01T14:45:15+00:00,5,2026-08-01T14:51:34.948103+00:00,6.12,3052,21,2,telegram
tweetychannel,409243,775951,social_entertainment,2026-08-01T14:45:15+00:00,10,2026-08-01T14:55:32.780584+00:00,10.08,5076,34,2,telegram
tweetychannel,409243,775951,social_entertainment,2026-08-01T14:45:15+00:00,20,2026-08-01T15:06:06.132009+00:00,20.63,8131,40,2,telegram
tweetychannel,409243,775951,social_entertainment,2026-08-01T14:45:15+00:00,30,2026-08-01T15:15:38.700735+00:00,30.1,9146,45,2,telegram
tweetychannel,409243,775951,social_entertainment,2026-08-01T14:45:15+00:00,1440,2026-08-02T14:57:55.460878+00:00,1452.25,20892,73,2,telegram
varzesh3,298658,1296725,sport,2026-08-01T14:47:45+00:00,5,2026-08-01T14:54:06.806098+00:00,6.25,10354,0,139,telegram
varzesh3,298658,1296725,sport,2026-08-01T14:47:45+00:00,10,2026-08-01T14:58:04.638907+00:00,10.22,18669,0,176,telegram
varzesh3,298658,1296725,sport,2026-08-01T14:47:45+00:00,20,2026-08-01T15:08:38.258194+00:00,20.78,30129,0,279,telegram
varzesh3,298658,1296725,sport,2026-08-01T14:47:45+00:00,30,2026-08-01T15:18:25.083002+00:00,30.48,40507,0,383,telegram
varzesh3,298658,1296725,sport,2026-08-01T14:47:45+00:00,1440,2026-08-02T14:57:58.392892+00:00,1449.75,206891,0,1824,telegram
footballiapp,492987,49781,sport,2026-08-01T14:49:06+00:00,5,2026-08-01T14:55:24.892933+00:00,6.23,177,3,3,telegram
footballiapp,492987,49781,sport,2026-08-01T14:49:06+00:00,10,2026-08-01T14:59:21.920638+00:00,10.18,239,5,3,telegram
footballiapp,492987,49781,sport,2026-08-01T14:49:06+00:00,20,2026-08-01T15:09:58.052225+00:00,20.74,366,6,3,telegram
footballiapp,492987,49781,sport,2026-08-01T14:49:06+00:00,30,2026-08-01T15:19:48.227943+00:00,30.6,460,9,3,telegram
footballiapp,492987,49781,sport,2026-08-01T14:49:06+00:00,1440,2026-08-02T14:57:59.746710+00:00,1448.4,2064,20,8,telegram
tweetfrsi,21560,664669,entertainment,2026-08-01T14:50:08+00:00,5,2026-08-01T14:55:29.669413+00:00,5.19,882,15,9,telegram
tweetfrsi,21560,664669,entertainment,2026-08-01T14:50:08+00:00,10,2026-08-01T15:00:46.131008+00:00,10.46,1490,29,11,telegram
tweetfrsi,21560,664669,entertainment,2026-08-01T14:50:08+00:00,20,2026-08-01T15:11:30.779250+00:00,21.21,2354,50,14,telegram
tweetfrsi,21560,664669,entertainment,2026-08-01T14:50:08+00:00,30,2026-08-01T15:21:41.035084+00:00,30.92,2866,62,17,telegram
tweetfrsi,21560,664669,entertainment,2026-08-01T14:50:08+00:00,1440,2026-08-02T14:58:01.104278+00:00,1447.36,16077,281,47,telegram
tweetychannel,409245,775951,social_entertainment,2026-08-01T14:51:11+00:00,5,2026-08-01T14:56:52.175869+00:00,5.46,3059,95,35,telegram
tweetychannel,409245,775951,social_entertainment,2026-08-01T14:51:11+00:00,10,2026-08-01T15:02:08.691071+00:00,10.74,5091,129,35,telegram
tweetychannel,409245,775951,social_entertainment,2026-08-01T14:51:11+00:00,20,2026-08-01T15:11:33.902929+00:00,20.16,7110,156,35,telegram
tweetychannel,409245,775951,social_entertainment,2026-08-01T14:51:11+00:00,30,2026-08-01T15:23:06.504742+00:00,31.65,8137,177,69,telegram
tweetychannel,409245,775951,social_entertainment,2026-08-01T14:51:11+00:00,1440,2026-08-02T14:58:02.493863+00:00,1446.31,21825,403,128,telegram
varzesh3,298659,1296725,sport,2026-08-01T14:53:29+00:00,5,2026-08-01T14:59:23.464542+00:00,5.8,12466,0,37,telegram
varzesh3,298659,1296725,sport,2026-08-01T14:53:29+00:00,10,2026-08-01T15:04:40.552760+00:00,11.08,19740,0,37,telegram
varzesh3,298659,1296725,sport,2026-08-01T14:53:29+00:00,20,2026-08-01T15:14:08.678733+00:00,20.55,31165,0,71,telegram
varzesh3,298659,1296725,sport,2026-08-01T14:53:29+00:00,30,2026-08-01T15:24:21.373740+00:00,30.74,41540,0,72,telegram
varzesh3,298659,1296725,sport,2026-08-01T14:53:29+00:00,1440,2026-08-02T14:58:03.856622+00:00,1444.01,204238,0,178,telegram
tweetychannel,409246,775951,social_entertainment,2026-08-01T14:53:38+00:00,5,2026-08-01T14:59:29.526851+00:00,5.65,4071,72,72,telegram
tweetychannel,409246,775951,social_entertainment,2026-08-01T14:53:38+00:00,10,2026-08-01T15:04:46.927978+00:00,10.93,5096,98,106,telegram
tweetychannel,409246,775951,social_entertainment,2026-08-01T14:53:38+00:00,20,2026-08-01T15:14:15.229097+00:00,20.4,7116,130,106,telegram
tweetychannel,409246,775951,social_entertainment,2026-08-01T14:53:38+00:00,30,2026-08-01T15:24:29.403672+00:00,30.59,8140,148,140,telegram
tweetychannel,409246,775951,social_entertainment,2026-08-01T14:53:38+00:00,1440,2026-08-02T14:58:05.283316+00:00,1443.86,21778,331,268,telegram
tweetychannel,409247,775951,social_entertainment,2026-08-01T14:54:02+00:00,5,2026-08-01T14:59:29.526749+00:00,5.25,3057,89,1,telegram
tweetychannel,409247,775951,social_entertainment,2026-08-01T14:54:02+00:00,10,2026-08-01T15:04:46.927954+00:00,10.53,5093,129,1,telegram
tweetychannel,409247,775951,social_entertainment,2026-08-01T14:54:02+00:00,20,2026-08-01T15:15:38.700693+00:00,21.32,7114,177,35,telegram
tweetychannel,409247,775951,social_entertainment,2026-08-01T14:54:02+00:00,30,2026-08-01T15:24:29.403637+00:00,30.19,8135,198,35,telegram
tweetychannel,409247,775951,social_entertainment,2026-08-01T14:54:02+00:00,1440,2026-08-02T14:58:09.491619+00:00,1443.46,19547,398,54,telegram
tweetychannel,409248,775951,social_entertainment,2026-08-01T14:54:37+00:00,5,2026-08-01T15:00:49.348909+00:00,5.97,4073,220,35,telegram
tweetychannel,409248,775951,social_entertainment,2026-08-01T14:54:37+00:00,10,2026-08-01T15:06:06.131458+00:00,11.26,5098,271,70,telegram
tweetychannel,409248,775951,social_entertainment,2026-08-01T14:54:37+00:00,20,2026-08-01T15:15:38.700666+00:00,20.74,7122,323,70,telegram
tweetychannel,409248,775951,social_entertainment,2026-08-01T14:54:37+00:00,30,2026-08-01T15:25:54.866732+00:00,31.01,8141,366,70,telegram
tweetychannel,409248,775951,social_entertainment,2026-08-01T14:54:37+00:00,1440,2026-08-02T14:58:08.062921+00:00,1442.88,18861,612,107,telegram
varzesh3,298660,1296725,sport,2026-08-01T14:54:57+00:00,5,2026-08-01T15:00:42.911019+00:00,5.64,11482,0,1,telegram
varzesh3,298660,1296725,sport,2026-08-01T14:54:57+00:00,10,2026-08-01T15:05:59.739050+00:00,10.93,16657,0,36,telegram
varzesh3,298660,1296725,sport,2026-08-01T14:54:57+00:00,20,2026-08-01T15:15:30.560583+00:00,20.4,31149,0,38,telegram
varzesh3,298660,1296725,sport,2026-08-01T14:54:57+00:00,30,2026-08-01T15:25:46.213411+00:00,30.68,41524,0,38,telegram
varzesh3,298660,1296725,sport,2026-08-01T14:54:57+00:00,1440,2026-08-02T14:58:06.628120+00:00,1442.55,205196,0,158,telegram
tweetychannel,409249,775951,social_entertainment,2026-08-01T14:59:14+00:00,5,2026-08-01T15:04:46.927920+00:00,5.33,2049,55,1,telegram
tweetychannel,409249,775951,social_entertainment,2026-08-01T14:59:14+00:00,10,2026-08-01T15:10:13.539152+00:00,10.61,4073,92,1,telegram
tweetychannel,409249,775951,social_entertainment,2026-08-01T14:59:14+00:00,20,2026-08-01T15:19:57.142242+00:00,20.46,6106,130,35,telegram
tweetychannel,409249,775951,social_entertainment,2026-08-01T14:59:14+00:00,30,2026-08-01T15:30:08.048802+00:00,30.62,8126,160,35,telegram
tweetychannel,409249,775951,social_entertainment,2026-08-01T14:59:14+00:00,1440,2026-08-02T15:29:16.535318+00:00,1469.85,19442,362,105,telegram
tweetychannel,409250,775951,social_entertainment,2026-08-01T14:59:27+00:00,5,2026-08-01T15:04:46.927351+00:00,5.11,2047,72,37,telegram
tweetychannel,409250,775951,social_entertainment,2026-08-01T14:59:27+00:00,10,2026-08-01T15:10:13.539090+00:00,10.39,4073,109,37,telegram
tweetychannel,409250,775951,social_entertainment,2026-08-01T14:59:27+00:00,20,2026-08-01T15:19:57.142196+00:00,20.25,6112,149,71,telegram
tweetychannel,409250,775951,social_entertainment,2026-08-01T14:59:27+00:00,30,2026-08-01T15:30:08.048769+00:00,30.4,8138,181,71,telegram
tweetychannel,409250,775951,social_entertainment,2026-08-01T14:59:27+00:00,1440,2026-08-02T15:29:20.775303+00:00,1469.63,19966,372,169,telegram
persiantwix,9517,1051274,entertainment,2026-08-01T15:00:00+00:00,5,2026-08-01T15:06:04.436149+00:00,5.88,2768,264,11,telegram
persiantwix,9517,1051274,entertainment,2026-08-01T15:00:00+00:00,10,2026-08-01T15:11:32.356697+00:00,11.34,3996,386,11,telegram
persiantwix,9517,1051274,entertainment,2026-08-01T15:00:00+00:00,20,2026-08-01T15:21:42.538536+00:00,21.06,5835,523,21,telegram
persiantwix,9517,1051274,entertainment,2026-08-01T15:00:00+00:00,30,2026-08-01T15:31:29.146836+00:00,31.25,7371,649,31,telegram
persiantwix,9517,1051274,entertainment,2026-08-01T15:00:00+00:00,1440,2026-08-02T15:29:19.389879+00:00,1469.08,37494,2044,101,telegram
tweetfrsi,21561,664669,entertainment,2026-08-01T15:00:26+00:00,5,2026-08-01T15:06:02.877901+00:00,5.45,736,25,3,telegram
tweetfrsi,21561,664669,entertainment,2026-08-01T15:00:26+00:00,10,2026-08-01T15:11:30.778921+00:00,10.91,1262,34,6,telegram
tweetfrsi,21561,664669,entertainment,2026-08-01T15:00:26+00:00,20,2026-08-01T15:21:41.034725+00:00,20.62,1834,51,10,telegram
tweetfrsi,21561,664669,entertainment,2026-08-01T15:00:26+00:00,30,2026-08-01T15:31:27.259650+00:00,30.82,2291,62,11,telegram
tweetfrsi,21561,664669,entertainment,2026-08-01T15:00:26+00:00,1440,2026-08-02T15:29:18.048789+00:00,1468.65,14628,283,33,telegram
tweetychannel,409251,775951,social_entertainment,2026-08-01T15:01:01+00:00,5,2026-08-01T15:07:25.636376+00:00,6.19,2042,2,0,telegram
tweetychannel,409251,775951,social_entertainment,2026-08-01T15:01:01+00:00,10,2026-08-01T15:11:33.902846+00:00,10.32,4071,2,0,telegram
tweetychannel,409251,775951,social_entertainment,2026-08-01T15:01:01+00:00,20,2026-08-01T15:21:44.348787+00:00,20.04,6107,4,0,telegram
tweetychannel,409251,775951,social_entertainment,2026-08-01T15:01:01+00:00,30,2026-08-01T15:31:31.200743+00:00,30.23,8128,7,0,telegram
eghtesadonline,354024,75239,economy,2026-08-01T15:04:22+00:00,5,2026-08-01T15:10:05.782881+00:00,5.47,493,1,1,telegram
eghtesadonline,354024,75239,economy,2026-08-01T15:04:22+00:00,10,2026-08-01T15:15:32.518734+00:00,10.99,740,2,2,telegram
eghtesadonline,354024,75239,economy,2026-08-01T15:04:22+00:00,20,2026-08-01T15:25:47.887237+00:00,21.26,1448,4,2,telegram
eghtesadonline,354024,75239,economy,2026-08-01T15:04:22+00:00,30,2026-08-01T15:35:36.411280+00:00,31.06,2011,6,2,telegram
eghtesadonline,354024,75239,economy,2026-08-01T15:04:22+00:00,1440,2026-08-02T15:29:23.710236+00:00,1464.72,6590,10,3,telegram
tweetychannel,409252,775951,social_entertainment,2026-08-01T15:06:11+00:00,5,2026-08-01T15:11:33.902121+00:00,5.16,2047,59,1,telegram
tweetychannel,409252,775951,social_entertainment,2026-08-01T15:06:11+00:00,10,2026-08-01T15:17:07.171203+00:00,10.58,4075,71,1,telegram
tweetychannel,409252,775951,social_entertainment,2026-08-01T15:06:11+00:00,20,2026-08-01T15:27:19.240247+00:00,20.85,6116,85,1,telegram
tweetychannel,409252,775951,social_entertainment,2026-08-01T15:06:11+00:00,30,2026-08-01T15:37:05.102710+00:00,30.65,8137,95,1,telegram
tweetychannel,409252,775951,social_entertainment,2026-08-01T15:06:11+00:00,1440,2026-08-02T15:29:25.115351+00:00,1462.9,19186,165,1,telegram
varzesh3,298661,1296725,sport,2026-08-01T15:08:15+00:00,5,2026-08-01T15:14:08.676689+00:00,5.78,11357,0,0,telegram
varzesh3,298661,1296725,sport,2026-08-01T15:08:15+00:00,10,2026-08-01T15:19:49.899000+00:00,11.45,19672,0,0,telegram
varzesh3,298661,1296725,sport,2026-08-01T15:08:15+00:00,20,2026-08-01T15:28:35.585929+00:00,20.2,29046,0,34,telegram
varzesh3,298661,1296725,sport,2026-08-01T15:08:15+00:00,30,2026-08-01T15:39:47.586603+00:00,31.38,39488,0,34,telegram
varzesh3,298661,1296725,sport,2026-08-01T15:08:15+00:00,1440,2026-08-02T15:29:26.624298+00:00,1460.83,211547,0,105,telegram
tweetychannel,409253,775951,social_entertainment,2026-08-01T15:09:04+00:00,5,2026-08-01T15:15:38.699859+00:00,6.29,3052,42,70,telegram
tweetychannel,409253,775951,social_entertainment,2026-08-01T15:09:04+00:00,10,2026-08-01T15:19:57.142116+00:00,10.63,4083,49,104,telegram
tweetychannel,409253,775951,social_entertainment,2026-08-01T15:09:04+00:00,20,2026-08-01T15:30:08.048081+00:00,20.79,7119,63,104,telegram
tweetychannel,409253,775951,social_entertainment,2026-08-01T15:09:04+00:00,30,2026-08-01T15:39:56.610760+00:00,30.56,9141,73,138,telegram
tweetychannel,409253,775951,social_entertainment,2026-08-01T15:09:04+00:00,1440,2026-08-02T15:29:28.047088+00:00,1460.02,20085,130,245,telegram
tweetychannel,409254,775951,social_entertainment,2026-08-01T15:11:25+00:00,5,2026-08-01T15:17:07.170329+00:00,5.35,2040,30,36,telegram
tweetychannel,409254,775951,social_entertainment,2026-08-01T15:11:25+00:00,10,2026-08-01T15:23:06.504652+00:00,11.42,4079,47,70,telegram
tweetychannel,409254,775951,social_entertainment,2026-08-01T15:11:25+00:00,20,2026-08-01T15:32:56.144973+00:00,21.23,7119,66,72,telegram
tweetychannel,409254,775951,social_entertainment,2026-08-01T15:11:25+00:00,30,2026-08-01T15:42:50.366249+00:00,31.13,8137,78,106,telegram
tweetychannel,409254,775951,social_entertainment,2026-08-01T15:11:25+00:00,1440,2026-08-02T15:29:29.430532+00:00,1457.67,19728,139,214,telegram
tweetychannel,409255,775951,social_entertainment,2026-08-01T15:14:08+00:00,5,2026-08-01T15:19:57.141770+00:00,5.56,2048,38,1,telegram
tweetychannel,409255,775951,social_entertainment,2026-08-01T15:14:08+00:00,10,2026-08-01T15:24:29.402992+00:00,10.09,4075,54,1,telegram
tweetychannel,409255,775951,social_entertainment,2026-08-01T15:14:08+00:00,20,2026-08-01T15:35:42.439430+00:00,21.29,8125,71,1,telegram
tweetychannel,409255,775951,social_entertainment,2026-08-01T15:14:08+00:00,30,2026-08-01T15:45:35.733181+00:00,31.2,9136,82,1,telegram
tweetychannel,409255,775951,social_entertainment,2026-08-01T15:14:08+00:00,1440,2026-08-02T15:29:32.425278+00:00,1454.95,19613,165,36,telegram
footballiapp,492988,49781,sport,2026-08-01T15:14:15+00:00,5,2026-08-01T15:19:48.227672+00:00,5.45,95,0,3,telegram
footballiapp,492988,49781,sport,2026-08-01T15:14:15+00:00,10,2026-08-01T15:25:44.392387+00:00,11.38,188,0,3,telegram
footballiapp,492988,49781,sport,2026-08-01T15:14:15+00:00,20,2026-08-01T15:35:32.565444+00:00,21.18,277,0,4,telegram
footballiapp,492988,49781,sport,2026-08-01T15:14:15+00:00,30,2026-08-01T15:45:27.182532+00:00,31.08,543,0,5,telegram
footballiapp,492988,49781,sport,2026-08-01T15:14:15+00:00,1440,2026-08-02T15:29:31.013381+00:00,1454.83,1981,1,10,telegram
tweetychannel,409256,775951,social_entertainment,2026-08-01T15:16:50+00:00,5,2026-08-01T15:23:06.504517+00:00,6.0,3057,30,2,telegram
tweetychannel,409256,775951,social_entertainment,2026-08-01T15:16:50+00:00,10,2026-08-01T15:27:19.238611+00:00,10.2,4076,36,2,telegram
tweetychannel,409256,775951,social_entertainment,2026-08-01T15:16:50+00:00,20,2026-08-01T15:38:30.018913+00:00,21.38,8130,41,2,telegram
tweetychannel,409256,775951,social_entertainment,2026-08-01T15:16:50+00:00,30,2026-08-01T15:48:21.711576+00:00,31.25,9137,44,2,telegram
tweetychannel,409256,775951,social_entertainment,2026-08-01T15:16:50+00:00,1440,2026-08-02T15:29:35.169681+00:00,1452.25,18600,66,2,telegram
eghtesadonline,354025,75239,economy,2026-08-01T15:17:06+00:00,5,2026-08-01T15:23:00.862554+00:00,5.74,617,13,7,telegram
eghtesadonline,354025,75239,economy,2026-08-01T15:17:06+00:00,10,2026-08-01T15:28:37.924498+00:00,11.35,1017,21,15,telegram
eghtesadonline,354025,75239,economy,2026-08-01T15:17:06+00:00,20,2026-08-01T15:38:24.205607+00:00,21.12,1739,30,17,telegram
eghtesadonline,354025,75239,economy,2026-08-01T15:17:06+00:00,30,2026-08-01T15:48:15.282877+00:00,30.98,2317,32,20,telegram
eghtesadonline,354025,75239,economy,2026-08-01T15:17:06+00:00,1440,2026-08-02T15:29:33.798970+00:00,1451.98,6693,65,29,telegram
tweetychannel,409258,775951,social_entertainment,2026-08-01T15:22:11+00:00,5,2026-08-01T15:28:43.051879+00:00,6.26,2050,55,35,telegram
tweetychannel,409258,775951,social_entertainment,2026-08-01T15:22:11+00:00,10,2026-08-01T15:32:56.144915+00:00,10.47,5087,69,35,telegram
tweetychannel,409258,775951,social_entertainment,2026-08-01T15:22:11+00:00,20,2026-08-01T15:42:50.366210+00:00,20.36,7118,81,35,telegram
tweetychannel,409258,775951,social_entertainment,2026-08-01T15:22:11+00:00,30,2026-08-01T15:52:33.798437+00:00,30.08,8121,94,69,telegram
tweetychannel,409258,775951,social_entertainment,2026-08-01T15:22:11+00:00,1440,2026-08-02T15:29:36.540049+00:00,1446.9,18963,184,128,telegram
tweetychannel,409259,775951,social_entertainment,2026-08-01T15:27:03+00:00,5,2026-08-01T15:32:56.144262+00:00,5.6,4068,43,1,telegram
tweetychannel,409259,775951,social_entertainment,2026-08-01T15:27:03+00:00,10,2026-08-01T15:38:30.018894+00:00,11.17,6094,62,1,telegram
tweetychannel,409259,775951,social_entertainment,2026-08-01T15:27:03+00:00,20,2026-08-01T15:48:21.711547+00:00,21.03,7109,70,1,telegram
tweetychannel,409259,775951,social_entertainment,2026-08-01T15:27:03+00:00,30,2026-08-01T15:57:56.514705+00:00,30.65,8121,79,1,telegram
tweetychannel,409259,775951,social_entertainment,2026-08-01T15:27:03+00:00,1440,2026-08-02T15:29:40.822826+00:00,1442.03,18771,147,57,telegram
tweetychannel,409260,775951,social_entertainment,2026-08-01T15:27:39+00:00,5,2026-08-01T15:34:18.553012+00:00,6.41,4074,5,0,telegram
tweetychannel,409260,775951,social_entertainment,2026-08-01T15:27:39+00:00,10,2026-08-01T15:38:30.018878+00:00,10.57,5093,5,0,telegram
tweetychannel,409260,775951,social_entertainment,2026-08-01T15:27:39+00:00,20,2026-08-01T15:48:21.711513+00:00,20.43,7107,7,0,telegram
tweetychannel,409260,775951,social_entertainment,2026-08-01T15:27:39+00:00,30,2026-08-01T15:57:56.514677+00:00,30.05,8115,7,0,telegram
tweetychannel,409261,775951,social_entertainment,2026-08-01T15:28:16+00:00,5,2026-08-01T15:34:18.552853+00:00,5.79,4077,63,70,telegram
tweetychannel,409261,775951,social_entertainment,2026-08-01T15:28:16+00:00,10,2026-08-01T15:39:56.610680+00:00,11.36,6104,74,104,telegram
tweetychannel,409261,775951,social_entertainment,2026-08-01T15:28:16+00:00,20,2026-08-01T15:49:44.439225+00:00,21.21,7120,87,104,telegram
tweetychannel,409261,775951,social_entertainment,2026-08-01T15:28:16+00:00,30,2026-08-01T15:59:21.949860+00:00,30.78,9131,100,104,telegram
tweetychannel,409261,775951,social_entertainment,2026-08-01T15:28:16+00:00,1440,2026-08-02T15:29:37.948785+00:00,1440.82,19863,144,105,telegram
persiantwix,9518,1051274,entertainment,2026-08-01T15:30:00+00:00,5,2026-08-01T15:35:40.207334+00:00,5.43,2160,167,11,telegram
persiantwix,9518,1051274,entertainment,2026-08-01T15:30:00+00:00,10,2026-08-01T15:41:21.717294+00:00,11.08,3086,258,21,telegram
persiantwix,9518,1051274,entertainment,2026-08-01T15:30:00+00:00,20,2026-08-01T15:51:06.754361+00:00,20.85,4605,384,31,telegram
persiantwix,9518,1051274,entertainment,2026-08-01T15:30:00+00:00,30,2026-08-01T16:00:48.342791+00:00,30.6,5527,485,41,telegram
persiantwix,9518,1051274,entertainment,2026-08-01T15:30:00+00:00,1440,2026-08-02T16:00:52.870269+00:00,1470.59,37672,1941,170,telegram
eghtesadonline,354026,75239,economy,2026-08-01T15:30:11+00:00,5,2026-08-01T15:35:36.411145+00:00,5.24,687,5,6,telegram
eghtesadonline,354026,75239,economy,2026-08-01T15:30:11+00:00,10,2026-08-01T15:41:17.698378+00:00,10.9,1084,7,6,telegram
eghtesadonline,354026,75239,economy,2026-08-01T15:30:11+00:00,20,2026-08-01T15:51:03.242387+00:00,20.67,1756,7,7,telegram
eghtesadonline,354026,75239,economy,2026-08-01T15:30:11+00:00,30,2026-08-01T16:00:44.787625+00:00,30.41,2198,9,8,telegram
eghtesadonline,354026,75239,economy,2026-08-01T15:30:11+00:00,1440,2026-08-02T16:00:49.943247+00:00,1470.41,6597,23,12,telegram
tweetfrsi,21562,664669,entertainment,2026-08-01T15:31:01+00:00,5,2026-08-01T15:37:01.826862+00:00,5.81,917,4,3,telegram
tweetfrsi,21562,664669,entertainment,2026-08-01T15:31:01+00:00,10,2026-08-01T15:41:19.670065+00:00,10.07,1352,9,5,telegram
tweetfrsi,21562,664669,entertainment,2026-08-01T15:31:01+00:00,20,2026-08-01T15:52:29.279823+00:00,21.25,2632,19,6,telegram
tweetfrsi,21562,664669,entertainment,2026-08-01T15:31:01+00:00,30,2026-08-01T16:02:06.361526+00:00,30.93,3269,28,8,telegram
tweetfrsi,21562,664669,entertainment,2026-08-01T15:31:01+00:00,1440,2026-08-02T16:00:51.514767+00:00,1469.58,13686,146,28,telegram
eghtesadonline,354027,75239,economy,2026-08-01T15:31:29+00:00,5,2026-08-01T15:37:00.325444+00:00,5.35,623,3,5,telegram
eghtesadonline,354027,75239,economy,2026-08-01T15:31:29+00:00,10,2026-08-01T15:42:44.711946+00:00,11.06,1112,4,5,telegram
eghtesadonline,354027,75239,economy,2026-08-01T15:31:29+00:00,20,2026-08-01T15:52:27.523283+00:00,20.78,1756,5,5,telegram
eghtesadonline,354027,75239,economy,2026-08-01T15:31:29+00:00,30,2026-08-01T16:02:04.870463+00:00,30.46,2199,6,5,telegram
eghtesadonline,354027,75239,economy,2026-08-01T15:31:29+00:00,1440,2026-08-02T16:00:54.294191+00:00,1469.11,6379,20,7,telegram
tweetychannel,409262,775951,social_entertainment,2026-08-01T15:33:01+00:00,5,2026-08-01T15:38:30.018743+00:00,5.2,2036,48,34,telegram
tweetychannel,409262,775951,social_entertainment,2026-08-01T15:33:01+00:00,10,2026-08-01T15:44:13.205478+00:00,10.95,4059,68,34,telegram
tweetychannel,409262,775951,social_entertainment,2026-08-01T15:33:01+00:00,20,2026-08-01T15:53:55.006071+00:00,20.68,6075,91,68,telegram
tweetychannel,409262,775951,social_entertainment,2026-08-01T15:33:01+00:00,30,2026-08-01T16:03:28.540152+00:00,30.24,7084,110,68,telegram
tweetychannel,409263,775951,social_entertainment,2026-08-01T15:33:55+00:00,5,2026-08-01T15:39:56.610538+00:00,5.71,2041,84,1,telegram
tweetychannel,409263,775951,social_entertainment,2026-08-01T15:33:55+00:00,10,2026-08-01T15:44:13.205450+00:00,10.05,3058,94,1,telegram
tweetychannel,409263,775951,social_entertainment,2026-08-01T15:33:55+00:00,20,2026-08-01T15:55:16.475639+00:00,21.1,6081,113,1,telegram
tweetychannel,409263,775951,social_entertainment,2026-08-01T15:33:55+00:00,30,2026-08-01T16:04:47.355103+00:00,30.66,7086,129,35,telegram
tweetychannel,409263,775951,social_entertainment,2026-08-01T15:33:55+00:00,1440,2026-08-02T16:00:55.682257+00:00,1466.68,16926,258,68,telegram
eghtesadonline,354028,75239,economy,2026-08-01T15:34:31+00:00,5,2026-08-01T15:39:49.448169+00:00,5.11,497,0,3,telegram
eghtesadonline,354028,75239,economy,2026-08-01T15:34:31+00:00,10,2026-08-01T15:45:30.866915+00:00,10.82,1046,0,6,telegram
eghtesadonline,354028,75239,economy,2026-08-01T15:34:31+00:00,20,2026-08-01T15:55:10.674315+00:00,20.5,1728,0,7,telegram
eghtesadonline,354028,75239,economy,2026-08-01T15:34:31+00:00,30,2026-08-01T16:04:42.689666+00:00,30.06,2132,0,7,telegram
eghtesadonline,354028,75239,economy,2026-08-01T15:34:31+00:00,1440,2026-08-02T16:00:58.525160+00:00,1466.08,6376,5,12,telegram
tweetychannel,409264,775951,social_entertainment,2026-08-01T15:37:16+00:00,5,2026-08-01T15:42:50.366033+00:00,5.28,2044,24,1,telegram
tweetychannel,409264,775951,social_entertainment,2026-08-01T15:37:16+00:00,10,2026-08-01T15:48:21.711465+00:00,10.81,3056,32,1,telegram
tweetychannel,409264,775951,social_entertainment,2026-08-01T15:37:16+00:00,20,2026-08-01T15:57:56.514621+00:00,20.43,5077,47,1,telegram
tweetychannel,409264,775951,social_entertainment,2026-08-01T15:37:16+00:00,30,2026-08-01T16:08:43.267610+00:00,31.24,6080,53,1,telegram
tweetychannel,409264,775951,social_entertainment,2026-08-01T15:37:16+00:00,1440,2026-08-02T16:01:02.821529+00:00,1463.33,18367,81,36,telegram
footballiapp,492989,49781,sport,2026-08-01T15:37:29+00:00,5,2026-08-01T15:42:40.147968+00:00,5.06,242,7,3,telegram
footballiapp,492989,49781,sport,2026-08-01T15:37:29+00:00,10,2026-08-01T15:48:11.306041+00:00,10.6,365,9,6,telegram
footballiapp,492989,49781,sport,2026-08-01T15:37:29+00:00,20,2026-08-01T15:57:47.847365+00:00,20.22,552,13,7,telegram
footballiapp,492989,49781,sport,2026-08-01T15:37:29+00:00,30,2026-08-01T16:08:35.645810+00:00,31.03,643,17,7,telegram
footballiapp,492989,49781,sport,2026-08-01T15:37:29+00:00,1440,2026-08-02T16:01:00.074483+00:00,1463.11,1964,37,11,telegram
tweetychannel,409265,775951,social_entertainment,2026-08-01T15:38:05+00:00,5,2026-08-01T15:44:13.204955+00:00,5.88,2034,49,1,telegram
tweetychannel,409265,775951,social_entertainment,2026-08-01T15:38:05+00:00,10,2026-08-01T15:49:44.439171+00:00,11.4,3052,68,1,telegram
tweetychannel,409265,775951,social_entertainment,2026-08-01T15:38:05+00:00,20,2026-08-01T15:59:21.949800+00:00,20.97,5070,89,2,telegram
tweetychannel,409265,775951,social_entertainment,2026-08-01T15:38:05+00:00,30,2026-08-01T16:08:43.267506+00:00,30.43,6071,95,2,telegram
tweetychannel,409265,775951,social_entertainment,2026-08-01T15:38:05+00:00,1440,2026-08-02T16:01:01.467835+00:00,1462.51,15141,209,34,telegram
eghtesadonline,354029,75239,economy,2026-08-01T15:39:09+00:00,5,2026-08-01T15:45:30.866492+00:00,6.18,766,6,3,telegram
eghtesadonline,354029,75239,economy,2026-08-01T15:39:09+00:00,10,2026-08-01T15:49:39.568409+00:00,10.33,1136,6,4,telegram
eghtesadonline,354029,75239,economy,2026-08-01T15:39:09+00:00,20,2026-08-01T16:00:44.786177+00:00,21.45,1824,6,4,telegram
eghtesadonline,354029,75239,economy,2026-08-01T15:39:09+00:00,30,2026-08-01T16:09:57.134842+00:00,30.67,2197,7,5,telegram
eghtesadonline,354029,75239,economy,2026-08-01T15:39:09+00:00,1440,2026-08-02T16:01:04.159525+00:00,1461.44,6152,25,6,telegram
tweetychannel,409266,775951,social_entertainment,2026-08-01T15:39:12+00:00,5,2026-08-01T15:45:35.732128+00:00,6.13,2034,8,1,telegram
tweetychannel,409266,775951,social_entertainment,2026-08-01T15:39:12+00:00,10,2026-08-01T15:49:44.438710+00:00,10.28,3048,9,1,telegram
tweetychannel,409266,775951,social_entertainment,2026-08-01T15:39:12+00:00,20,2026-08-01T16:00:50.054525+00:00,21.4,5071,9,35,telegram
tweetychannel,409266,775951,social_entertainment,2026-08-01T15:39:12+00:00,30,2026-08-01T16:10:01.676327+00:00,30.62,6071,9,35,telegram
tweetychannel,409266,775951,social_entertainment,2026-08-01T15:39:12+00:00,1440,2026-08-02T16:01:05.523722+00:00,1461.39,15292,27,147,telegram
tweetfrsi,21563,664669,entertainment,2026-08-01T15:40:52+00:00,5,2026-08-01T15:46:53.826200+00:00,5.83,1043,11,3,telegram
tweetfrsi,21563,664669,entertainment,2026-08-01T15:40:52+00:00,10,2026-08-01T15:52:29.279502+00:00,11.4,1770,22,5,telegram
tweetfrsi,21563,664669,entertainment,2026-08-01T15:40:52+00:00,20,2026-08-01T16:02:06.361269+00:00,21.08,2624,29,5,telegram
tweetfrsi,21563,664669,entertainment,2026-08-01T15:40:52+00:00,30,2026-08-01T16:11:17.207815+00:00,30.26,3051,34,5,telegram
tweetfrsi,21563,664669,entertainment,2026-08-01T15:40:52+00:00,1440,2026-08-02T16:01:06.893192+00:00,1459.73,17073,105,10,telegram
tweetychannel,409267,775951,social_entertainment,2026-08-01T15:42:19+00:00,5,2026-08-01T15:48:21.711302+00:00,5.76,2028,11,2,telegram
tweetychannel,409267,775951,social_entertainment,2026-08-01T15:42:19+00:00,10,2026-08-01T15:53:55.005993+00:00,11.38,4051,19,2,telegram
tweetychannel,409267,775951,social_entertainment,2026-08-01T15:42:19+00:00,20,2026-08-01T16:03:28.539985+00:00,20.94,5058,25,2,telegram
tweetychannel,409267,775951,social_entertainment,2026-08-01T15:42:19+00:00,30,2026-08-01T16:12:38.930503+00:00,30.12,6067,26,2,telegram
tweetychannel,409267,775951,social_entertainment,2026-08-01T15:42:19+00:00,1440,2026-08-02T16:01:08.277632+00:00,1458.28,15615,67,2,telegram
varzesh3,298662,1296725,sport,2026-08-01T15:44:35+00:00,5,2026-08-01T15:51:01.714009+00:00,6.27,13518,0,70,telegram
varzesh3,298662,1296725,sport,2026-08-01T15:44:35+00:00,10,2026-08-01T15:55:08.894521+00:00,10.43,19773,0,106,telegram
varzesh3,298662,1296725,sport,2026-08-01T15:44:35+00:00,20,2026-08-01T16:05:59.896764+00:00,21.3,31271,0,140,telegram
varzesh3,298662,1296725,sport,2026-08-01T15:44:35+00:00,30,2026-08-01T16:15:10.162530+00:00,30.48,43683,0,175,telegram
varzesh3,298662,1296725,sport,2026-08-01T15:44:35+00:00,1440,2026-08-02T16:01:09.772428+00:00,1456.01,217521,0,498,telegram
eghtesadonline,354030,75239,economy,2026-08-01T15:45:58+00:00,5,2026-08-01T15:52:27.522462+00:00,6.3,739,5,2,telegram
eghtesadonline,354030,75239,economy,2026-08-01T15:45:58+00:00,10,2026-08-01T15:56:31.132614+00:00,10.41,1058,8,2,telegram
eghtesadonline,354030,75239,economy,2026-08-01T15:45:58+00:00,20,2026-08-01T16:07:20.132616+00:00,21.23,1642,12,4,telegram
eghtesadonline,354030,75239,economy,2026-08-01T15:45:58+00:00,30,2026-08-01T16:16:30.369850+00:00,30.4,2203,16,5,telegram
eghtesadonline,354030,75239,economy,2026-08-01T15:45:58+00:00,1440,2026-08-02T16:01:11.122897+00:00,1454.63,6678,43,9,telegram
tweetychannel,409268,775951,social_entertainment,2026-08-01T15:47:07+00:00,5,2026-08-01T15:52:33.798263+00:00,5.15,2036,20,1,telegram
tweetychannel,409268,775951,social_entertainment,2026-08-01T15:47:07+00:00,10,2026-08-01T15:57:56.514553+00:00,10.58,4048,31,1,telegram
tweetychannel,409268,775951,social_entertainment,2026-08-01T15:47:07+00:00,20,2026-08-01T16:07:24.753347+00:00,20.08,5050,36,1,telegram
tweetychannel,409268,775951,social_entertainment,2026-08-01T15:47:07+00:00,30,2026-08-01T16:17:53.367527+00:00,30.56,6068,39,1,telegram
tweetychannel,409268,775951,social_entertainment,2026-08-01T15:47:07+00:00,1440,2026-08-02T16:01:15.348229+00:00,1453.48,14927,85,34,telegram
tweetfrsi,21564,664669,entertainment,2026-08-01T15:47:22+00:00,5,2026-08-01T15:53:51.900216+00:00,6.33,1005,14,20,telegram
tweetfrsi,21564,664669,entertainment,2026-08-01T15:47:22+00:00,10,2026-08-01T15:57:52.773668+00:00,10.33,1550,18,26,telegram
tweetfrsi,21564,664669,entertainment,2026-08-01T15:47:22+00:00,20,2026-08-01T16:08:40.296118+00:00,21.14,2253,25,35,telegram
tweetfrsi,21564,664669,entertainment,2026-08-01T15:47:22+00:00,30,2026-08-01T16:17:50.288374+00:00,30.31,2740,31,39,telegram
tweetfrsi,21564,664669,entertainment,2026-08-01T15:47:22+00:00,1440,2026-08-02T16:01:13.989988+00:00,1453.23,17718,120,146,telegram
digiato,110969,111085,technology,2026-08-01T15:47:54+00:00,5,2026-08-01T15:53:43.850154+00:00,5.79,1143,52,36,telegram
digiato,110969,111085,technology,2026-08-01T15:47:54+00:00,10,2026-08-01T15:59:06.596306+00:00,11.15,1638,72,45,telegram
digiato,110969,111085,technology,2026-08-01T15:47:54+00:00,20,2026-08-01T16:08:32.497948+00:00,20.61,2329,99,52,telegram
digiato,110969,111085,technology,2026-08-01T15:47:54+00:00,30,2026-08-01T16:19:00.979406+00:00,31.09,2770,119,58,telegram
digiato,110969,111085,technology,2026-08-01T15:47:54+00:00,1440,2026-08-02T16:01:12.626046+00:00,1452.69,10689,261,121,telegram
eghtesadonline,354031,75239,economy,2026-08-01T15:49:01+00:00,5,2026-08-01T15:55:10.672129+00:00,6.0,651,0,0,telegram
eghtesadonline,354031,75239,economy,2026-08-01T15:49:01+00:00,10,2026-08-01T15:59:15.367653+00:00,10.03,996,1,0,telegram
eghtesadonline,354031,75239,economy,2026-08-01T15:49:01+00:00,20,2026-08-01T16:09:57.133981+00:00,20.8,1614,6,2,telegram
eghtesadonline,354031,75239,economy,2026-08-01T15:49:01+00:00,30,2026-08-01T16:20:25.399273+00:00,31.27,2201,7,2,telegram
eghtesadonline,354031,75239,economy,2026-08-01T15:49:01+00:00,1440,2026-08-02T16:01:16.726469+00:00,1451.58,6315,25,6,telegram
tweetychannel,409269,775951,social_entertainment,2026-08-01T15:49:40+00:00,5,2026-08-01T15:55:16.475358+00:00,5.35,3033,72,37,telegram
tweetychannel,409269,775951,social_entertainment,2026-08-01T15:49:40+00:00,10,2026-08-01T16:00:50.054390+00:00,10.93,4041,93,72,telegram
tweetychannel,409269,775951,social_entertainment,2026-08-01T15:49:40+00:00,20,2026-08-01T16:10:01.676280+00:00,20.15,5047,107,72,telegram
tweetychannel,409269,775951,social_entertainment,2026-08-01T15:49:40+00:00,30,2026-08-01T16:20:29.977970+00:00,30.62,6065,120,72,telegram
tweetychannel,409269,775951,social_entertainment,2026-08-01T15:49:40+00:00,1440,2026-08-02T16:01:19.529289+00:00,1450.93,15057,258,139,telegram
footballiapp,492990,49781,sport,2026-08-01T15:50:06+00:00,5,2026-08-01T15:56:27.976281+00:00,6.28,159,0,3,telegram
footballiapp,492990,49781,sport,2026-08-01T15:50:06+00:00,10,2026-08-01T16:00:41.547669+00:00,10.5,250,0,3,telegram
footballiapp,492990,49781,sport,2026-08-01T15:50:06+00:00,20,2026-08-01T16:11:12.560227+00:00,21.02,395,3,3,telegram
footballiapp,492990,49781,sport,2026-08-01T15:50:06+00:00,30,2026-08-01T16:20:22.388882+00:00,30.19,491,3,3,telegram
footballiapp,492990,49781,sport,2026-08-01T15:50:06+00:00,1440,2026-08-02T16:01:18.151913+00:00,1450.49,1879,12,7,telegram
tweetychannel,409270,775951,social_entertainment,2026-08-01T15:50:55+00:00,5,2026-08-01T15:56:35.949140+00:00,5.46,3033,25,1,telegram
tweetychannel,409270,775951,social_entertainment,2026-08-01T15:50:55+00:00,10,2026-08-01T16:02:09.370145+00:00,11.03,4043,34,2,telegram
tweetychannel,409270,775951,social_entertainment,2026-08-01T15:50:55+00:00,20,2026-08-01T16:11:20.280016+00:00,20.21,5053,39,2,telegram
tweetychannel,409270,775951,social_entertainment,2026-08-01T15:50:55+00:00,30,2026-08-01T16:21:48.298613+00:00,30.68,6069,43,2,telegram
tweetychannel,409270,775951,social_entertainment,2026-08-01T15:50:55+00:00,1440,2026-08-02T16:01:25.050576+00:00,1449.68,15010,132,48,telegram
tweetychannel,409271,775951,social_entertainment,2026-08-01T15:51:11+00:00,5,2026-08-01T15:56:35.949109+00:00,5.2,3033,105,35,telegram
tweetychannel,409271,775951,social_entertainment,2026-08-01T15:51:11+00:00,10,2026-08-01T16:02:09.370122+00:00,10.76,4046,146,36,telegram
tweetychannel,409271,775951,social_entertainment,2026-08-01T15:51:11+00:00,20,2026-08-01T16:12:38.930423+00:00,21.25,6057,168,36,telegram
tweetychannel,409271,775951,social_entertainment,2026-08-01T15:51:11+00:00,30,2026-08-01T16:21:48.298593+00:00,30.41,7070,189,37,telegram
tweetychannel,409271,775951,social_entertainment,2026-08-01T15:51:11+00:00,1440,2026-08-02T16:01:23.587073+00:00,1449.41,16125,430,107,telegram
tweetychannel,409272,775951,social_entertainment,2026-08-01T15:51:11+00:00,5,2026-08-01T15:56:35.949014+00:00,5.2,3033,0,35,telegram
tweetychannel,409272,775951,social_entertainment,2026-08-01T15:51:11+00:00,10,2026-08-01T16:02:09.370100+00:00,10.76,4046,0,36,telegram
tweetychannel,409272,775951,social_entertainment,2026-08-01T15:51:11+00:00,20,2026-08-01T16:12:38.930391+00:00,21.25,6058,0,36,telegram
tweetychannel,409272,775951,social_entertainment,2026-08-01T15:51:11+00:00,30,2026-08-01T16:21:48.298575+00:00,30.41,7070,0,37,telegram
tweetychannel,409272,775951,social_entertainment,2026-08-01T15:51:11+00:00,1440,2026-08-02T16:01:22.229772+00:00,1449.41,15809,0,107,telegram
tweetychannel,409273,775951,social_entertainment,2026-08-01T15:52:12+00:00,5,2026-08-01T15:57:56.513916+00:00,5.5,3037,76,35,telegram
tweetychannel,409273,775951,social_entertainment,2026-08-01T15:52:12+00:00,10,2026-08-01T16:03:28.539908+00:00,11.06,4050,105,35,telegram
tweetychannel,409273,775951,social_entertainment,2026-08-01T15:52:12+00:00,20,2026-08-01T16:12:38.930234+00:00,20.24,5062,124,35,telegram
tweetychannel,409273,775951,social_entertainment,2026-08-01T15:52:12+00:00,30,2026-08-01T16:23:07.051988+00:00,30.71,7076,147,69,telegram
tweetychannel,409273,775951,social_entertainment,2026-08-01T15:52:12+00:00,1440,2026-08-02T16:01:20.883829+00:00,1448.39,15450,341,123,telegram
tweetychannel,409274,775951,social_entertainment,2026-08-01T15:53:02+00:00,5,2026-08-01T15:59:21.949205+00:00,6.02,3037,125,36,telegram
tweetychannel,409274,775951,social_entertainment,2026-08-01T15:53:02+00:00,10,2026-08-01T16:03:28.539608+00:00,10.22,4045,152,36,telegram
tweetychannel,409274,775951,social_entertainment,2026-08-01T15:53:02+00:00,20,2026-08-01T16:13:57.526392+00:00,20.71,6064,188,36,telegram
tweetychannel,409274,775951,social_entertainment,2026-08-01T15:53:02+00:00,30,2026-08-01T16:24:25.044021+00:00,31.18,7078,210,37,telegram
tweetychannel,409274,775951,social_entertainment,2026-08-01T15:53:02+00:00,1440,2026-08-02T16:01:26.429658+00:00,1447.56,17446,398,83,telegram
tweetfrsi,21565,664669,entertainment,2026-08-01T15:55:08+00:00,5,2026-08-01T16:00:46.556202+00:00,5.46,855,23,2,telegram
tweetfrsi,21565,664669,entertainment,2026-08-01T15:55:08+00:00,10,2026-08-01T16:06:02.934901+00:00,10.75,1220,39,4,telegram
tweetfrsi,21565,664669,entertainment,2026-08-01T15:55:08+00:00,20,2026-08-01T16:16:31.921830+00:00,21.24,1797,62,7,telegram
tweetfrsi,21565,664669,entertainment,2026-08-01T15:55:08+00:00,30,2026-08-01T16:25:41.381782+00:00,30.38,2254,80,8,telegram
tweetfrsi,21565,664669,entertainment,2026-08-01T15:55:08+00:00,1440,2026-08-02T16:01:27.870470+00:00,1445.46,18577,433,41,telegram
tweetychannel,409275,775951,social_entertainment,2026-08-01T15:56:08+00:00,5,2026-08-01T16:02:09.369940+00:00,5.81,2028,52,35,telegram
tweetychannel,409275,775951,social_entertainment,2026-08-01T15:56:08+00:00,10,2026-08-01T16:07:24.753268+00:00,11.07,3035,58,35,telegram
tweetychannel,409275,775951,social_entertainment,2026-08-01T15:56:08+00:00,20,2026-08-01T16:16:34.965707+00:00,20.24,5056,71,69,telegram
tweetychannel,409275,775951,social_entertainment,2026-08-01T15:56:08+00:00,30,2026-08-01T16:27:02.861256+00:00,30.7,6066,78,69,telegram
tweetychannel,409275,775951,social_entertainment,2026-08-01T15:56:08+00:00,1440,2026-08-02T16:01:29.264879+00:00,1444.46,15650,168,114,telegram
eghtesadonline,354032,75239,economy,2026-08-01T15:56:56+00:00,5,2026-08-01T16:02:04.869420+00:00,5.01,495,1,1,telegram
eghtesadonline,354032,75239,economy,2026-08-01T15:56:56+00:00,10,2026-08-01T16:07:20.132583+00:00,10.27,805,1,1,telegram
eghtesadonline,354032,75239,economy,2026-08-01T15:56:56+00:00,20,2026-08-01T16:17:48.754741+00:00,20.75,1669,1,2,telegram
eghtesadonline,354032,75239,economy,2026-08-01T15:56:56+00:00,30,2026-08-01T16:28:16.525927+00:00,31.21,2104,1,2,telegram
eghtesadonline,354032,75239,economy,2026-08-01T15:56:56+00:00,1440,2026-08-02T16:01:32.612626+00:00,1443.66,7317,2,3,telegram
eghtesadonline,354033,75239,economy,2026-08-01T15:57:01+00:00,5,2026-08-01T16:03:23.743663+00:00,6.24,588,3,4,telegram
eghtesadonline,354033,75239,economy,2026-08-01T15:57:01+00:00,10,2026-08-01T16:07:20.132225+00:00,10.18,806,5,4,telegram
eghtesadonline,354033,75239,economy,2026-08-01T15:57:01+00:00,20,2026-08-01T16:17:48.754723+00:00,20.66,1672,9,4,telegram
eghtesadonline,354033,75239,economy,2026-08-01T15:57:01+00:00,30,2026-08-01T16:28:16.525900+00:00,31.13,2167,12,4,telegram
eghtesadonline,354033,75239,economy,2026-08-01T15:57:01+00:00,1440,2026-08-02T16:01:31.089937+00:00,1443.58,7081,38,7,telegram
persiantwix,9519,1051274,entertainment,2026-08-01T16:00:00+00:00,5,2026-08-01T16:06:04.410913+00:00,5.88,2467,236,11,telegram
persiantwix,9519,1051274,entertainment,2026-08-01T16:00:00+00:00,10,2026-08-01T16:11:18.711197+00:00,11.12,3692,329,21,telegram
persiantwix,9519,1051274,entertainment,2026-08-01T16:00:00+00:00,20,2026-08-01T16:20:28.430041+00:00,20.29,4913,451,31,telegram
persiantwix,9519,1051274,entertainment,2026-08-01T16:00:00+00:00,30,2026-08-01T16:30:56.548215+00:00,30.75,6224,595,32,telegram
persiantwix,9519,1051274,entertainment,2026-08-01T16:00:00+00:00,1440,2026-08-02T16:01:33.969827+00:00,1440.59,38562,2073,115,telegram
tweetychannel,409276,775951,social_entertainment,2026-08-01T16:00:35+00:00,5,2026-08-01T16:06:05.937770+00:00,5.3,1014,26,36,telegram
tweetychannel,409276,775951,social_entertainment,2026-08-01T16:00:35+00:00,10,2026-08-01T16:11:20.279939+00:00,10.54,3035,46,70,telegram
tweetychannel,409276,775951,social_entertainment,2026-08-01T16:00:35+00:00,20,2026-08-01T16:21:48.298528+00:00,21.01,4065,68,105,telegram
tweetychannel,409276,775951,social_entertainment,2026-08-01T16:00:35+00:00,30,2026-08-01T16:30:58.124909+00:00,30.17,5080,82,139,telegram
tweetychannel,409276,775951,social_entertainment,2026-08-01T16:00:35+00:00,1440,2026-08-02T16:01:35.345082+00:00,1440.01,15490,204,309,telegram
tweetychannel,409277,775951,social_entertainment,2026-08-01T16:01:01+00:00,5,2026-08-01T16:07:24.752806+00:00,6.18,2018,0,0,telegram
tweetychannel,409277,775951,social_entertainment,2026-08-01T16:01:01+00:00,10,2026-08-01T16:11:20.278589+00:00,10.11,3036,0,0,telegram
tweetychannel,409277,775951,social_entertainment,2026-08-01T16:01:01+00:00,20,2026-08-01T16:21:48.298507+00:00,20.58,5063,0,0,telegram
tweetychannel,409277,775951,social_entertainment,2026-08-01T16:01:01+00:00,30,2026-08-01T16:32:16.548129+00:00,31.05,5080,0,0,telegram
tweetychannel,409278,775951,social_entertainment,2026-08-01T16:04:24+00:00,5,2026-08-01T16:10:01.675774+00:00,5.42,1024,31,35,telegram
tweetychannel,409278,775951,social_entertainment,2026-08-01T16:04:24+00:00,10,2026-08-01T16:15:16.391751+00:00,10.66,3054,46,35,telegram
tweetychannel,409278,775951,social_entertainment,2026-08-01T16:04:24+00:00,20,2026-08-01T16:25:44.392258+00:00,21.11,5075,59,70,telegram
tweetychannel,409278,775951,social_entertainment,2026-08-01T16:04:24+00:00,30,2026-08-01T16:34:53.195398+00:00,30.28,6089,68,70,telegram
tweetychannel,409278,775951,social_entertainment,2026-08-01T16:04:24+00:00,1440,2026-08-02T16:32:49.100854+00:00,1468.13,17114,145,150,telegram
varzesh3,298663,1296725,sport,2026-08-01T16:07:00+00:00,5,2026-08-01T16:12:32.743208+00:00,5.44,11399,0,0,telegram
varzesh3,298663,1296725,sport,2026-08-01T16:07:00+00:00,10,2026-08-01T16:17:47.237784+00:00,10.68,18740,0,0,telegram
varzesh3,298663,1296725,sport,2026-08-01T16:07:00+00:00,20,2026-08-01T16:28:15.071635+00:00,21.14,30158,0,0,telegram
varzesh3,298663,1296725,sport,2026-08-01T16:07:00+00:00,30,2026-08-01T16:37:23.958327+00:00,30.29,38512,0,0,telegram
varzesh3,298663,1296725,sport,2026-08-01T16:07:00+00:00,1440,2026-08-02T16:32:50.608238+00:00,1465.53,207648,0,125,telegram
eghtesadonline,354034,75239,economy,2026-08-01T16:07:21+00:00,5,2026-08-01T16:12:34.262355+00:00,5.09,567,8,1,telegram
eghtesadonline,354034,75239,economy,2026-08-01T16:07:21+00:00,10,2026-08-01T16:17:48.754650+00:00,10.33,1028,10,3,telegram
eghtesadonline,354034,75239,economy,2026-08-01T16:07:21+00:00,20,2026-08-01T16:28:16.525184+00:00,20.79,1617,15,3,telegram
eghtesadonline,354034,75239,economy,2026-08-01T16:07:21+00:00,30,2026-08-01T16:38:43.649574+00:00,31.25,2016,19,3,telegram
eghtesadonline,354034,75239,economy,2026-08-01T16:07:21+00:00,1440,2026-08-02T16:32:53.463168+00:00,1465.18,6802,43,4,telegram
varzesh3,298664,1296725,sport,2026-08-01T16:07:43+00:00,5,2026-08-01T16:13:51.264931+00:00,6.03,12458,0,34,telegram
varzesh3,298664,1296725,sport,2026-08-01T16:07:43+00:00,10,2026-08-01T16:19:05.663342+00:00,11.27,19768,0,34,telegram
varzesh3,298664,1296725,sport,2026-08-01T16:07:43+00:00,20,2026-08-01T16:28:15.070145+00:00,20.43,30180,0,68,telegram
varzesh3,298664,1296725,sport,2026-08-01T16:07:43+00:00,30,2026-08-01T16:38:42.192466+00:00,30.88,39550,0,68,telegram
varzesh3,298664,1296725,sport,2026-08-01T16:07:43+00:00,1440,2026-08-02T16:32:51.971829+00:00,1464.81,219563,0,191,telegram
tweetychannel,409279,775951,social_entertainment,2026-08-01T16:07:50+00:00,5,2026-08-01T16:13:57.526360+00:00,5.91,2047,47,1,telegram
tweetychannel,409279,775951,social_entertainment,2026-08-01T16:07:50+00:00,10,2026-08-01T16:19:11.633778+00:00,11.15,3062,72,1,telegram
tweetychannel,409279,775951,social_entertainment,2026-08-01T16:07:50+00:00,20,2026-08-01T16:28:21.068056+00:00,20.31,5079,106,1,telegram
tweetychannel,409279,775951,social_entertainment,2026-08-01T16:07:50+00:00,30,2026-08-01T16:38:48.131439+00:00,30.76,6092,127,1,telegram
tweetychannel,409279,775951,social_entertainment,2026-08-01T16:07:50+00:00,1440,2026-08-02T16:32:57.613726+00:00,1464.7,16469,350,48,telegram
tweetychannel,409280,775951,social_entertainment,2026-08-01T16:08:04+00:00,5,2026-08-01T16:13:57.526331+00:00,5.68,2047,39,1,telegram
tweetychannel,409280,775951,social_entertainment,2026-08-01T16:08:04+00:00,10,2026-08-01T16:19:11.633734+00:00,10.92,4065,52,2,telegram
tweetychannel,409280,775951,social_entertainment,2026-08-01T16:08:04+00:00,20,2026-08-01T16:28:21.068034+00:00,20.08,5078,68,2,telegram
tweetychannel,409280,775951,social_entertainment,2026-08-01T16:08:04+00:00,30,2026-08-01T16:38:48.131417+00:00,30.53,6091,85,2,telegram
tweetychannel,409280,775951,social_entertainment,2026-08-01T16:08:04+00:00,1440,2026-08-02T16:32:56.198274+00:00,1464.46,17795,176,47,telegram
tweetychannel,409281,775951,social_entertainment,2026-08-01T16:08:04+00:00,5,2026-08-01T16:13:57.526273+00:00,5.68,2046,0,1,telegram
tweetychannel,409281,775951,social_entertainment,2026-08-01T16:08:04+00:00,10,2026-08-01T16:19:11.633659+00:00,10.92,3057,0,2,telegram
tweetychannel,409281,775951,social_entertainment,2026-08-01T16:08:04+00:00,20,2026-08-01T16:28:21.068008+00:00,20.08,5078,0,2,telegram
tweetychannel,409281,775951,social_entertainment,2026-08-01T16:08:04+00:00,30,2026-08-01T16:38:48.131385+00:00,30.53,6090,0,36,telegram
tweetychannel,409281,775951,social_entertainment,2026-08-01T16:08:04+00:00,1440,2026-08-02T16:32:54.835907+00:00,1464.46,16974,0,70,telegram
footballiapp,492991,49781,sport,2026-08-01T16:08:47+00:00,5,2026-08-01T16:15:08.584420+00:00,6.28,138,1,1,telegram
footballiapp,492991,49781,sport,2026-08-01T16:08:47+00:00,10,2026-08-01T16:19:04.049083+00:00,10.2,171,1,1,telegram
footballiapp,492991,49781,sport,2026-08-01T16:08:47+00:00,20,2026-08-01T16:29:31.938966+00:00,20.66,344,2,2,telegram
footballiapp,492991,49781,sport,2026-08-01T16:08:47+00:00,30,2026-08-01T16:39:59.323168+00:00,31.12,491,2,2,telegram
footballiapp,492991,49781,sport,2026-08-01T16:08:47+00:00,1440,2026-08-02T16:32:59.111584+00:00,1463.75,1805,5,5,telegram
tweetychannel,409282,775951,social_entertainment,2026-08-01T16:11:35+00:00,5,2026-08-01T16:17:53.367441+00:00,6.1,2053,52,2,telegram
tweetychannel,409282,775951,social_entertainment,2026-08-01T16:11:35+00:00,10,2026-08-01T16:21:48.298451+00:00,10.01,3067,75,2,telegram
tweetychannel,409282,775951,social_entertainment,2026-08-01T16:11:35+00:00,20,2026-08-01T16:32:16.547590+00:00,20.48,5080,107,2,telegram
tweetychannel,409282,775951,social_entertainment,2026-08-01T16:11:35+00:00,30,2026-08-01T16:42:43.769280+00:00,30.94,6101,130,36,telegram
tweetychannel,409282,775951,social_entertainment,2026-08-01T16:11:35+00:00,1440,2026-08-02T16:33:03.244270+00:00,1460.95,17217,331,81,telegram
eghtesadonline,354035,75239,economy,2026-08-01T16:12:08+00:00,5,2026-08-01T16:17:48.754103+00:00,5.55,559,0,1,telegram
eghtesadonline,354035,75239,economy,2026-08-01T16:12:08+00:00,10,2026-08-01T16:23:02.631671+00:00,10.78,900,0,2,telegram
eghtesadonline,354035,75239,economy,2026-08-01T16:12:08+00:00,20,2026-08-01T16:33:30.416527+00:00,21.24,1452,0,2,telegram
eghtesadonline,354035,75239,economy,2026-08-01T16:12:08+00:00,30,2026-08-01T16:42:39.164060+00:00,30.39,1882,0,2,telegram
eghtesadonline,354035,75239,economy,2026-08-01T16:12:08+00:00,1440,2026-08-02T16:33:00.474938+00:00,1460.4,6249,2,5,telegram
tweetychannel,409283,775951,social_entertainment,2026-08-01T16:12:08+00:00,5,2026-08-01T16:17:53.367424+00:00,5.55,3058,8,1,telegram
tweetychannel,409283,775951,social_entertainment,2026-08-01T16:12:08+00:00,10,2026-08-01T16:23:07.051887+00:00,10.78,4070,15,1,telegram
tweetychannel,409283,775951,social_entertainment,2026-08-01T16:12:08+00:00,20,2026-08-01T16:33:34.930088+00:00,21.24,5088,26,1,telegram
tweetychannel,409283,775951,social_entertainment,2026-08-01T16:12:08+00:00,30,2026-08-01T16:42:43.768846+00:00,30.39,6103,30,35,telegram
tweetychannel,409283,775951,social_entertainment,2026-08-01T16:12:08+00:00,1440,2026-08-02T16:33:01.849121+00:00,1460.4,16136,121,87,telegram
tweetychannel,409284,775951,social_entertainment,2026-08-01T16:12:39+00:00,5,2026-08-01T16:17:53.367347+00:00,5.03,3058,66,2,telegram
tweetychannel,409284,775951,social_entertainment,2026-08-01T16:12:39+00:00,10,2026-08-01T16:23:07.051860+00:00,10.26,4074,102,36,telegram
tweetychannel,409284,775951,social_entertainment,2026-08-01T16:12:39+00:00,20,2026-08-01T16:33:34.930052+00:00,20.72,6097,149,36,telegram
tweetychannel,409284,775951,social_entertainment,2026-08-01T16:12:39+00:00,30,2026-08-01T16:44:01.778016+00:00,31.17,7113,175,36,telegram
tweetychannel,409284,775951,social_entertainment,2026-08-01T16:12:39+00:00,1440,2026-08-02T16:33:05.995415+00:00,1459.88,18678,445,143,telegram
tweetychannel,409285,775951,social_entertainment,2026-08-01T16:13:07+00:00,5,2026-08-01T16:19:11.632976+00:00,5.87,3052,49,1,telegram
tweetychannel,409285,775951,social_entertainment,2026-08-01T16:13:07+00:00,10,2026-08-01T16:24:25.043512+00:00,11.09,4072,55,1,telegram
tweetychannel,409285,775951,social_entertainment,2026-08-01T16:13:07+00:00,20,2026-08-01T16:33:34.929906+00:00,20.25,6092,79,1,telegram
tweetychannel,409285,775951,social_entertainment,2026-08-01T16:13:07+00:00,30,2026-08-01T16:44:01.777976+00:00,30.71,7109,99,1,telegram
tweetychannel,409285,775951,social_entertainment,2026-08-01T16:13:07+00:00,1440,2026-08-02T16:33:04.621724+00:00,1459.41,16946,232,35,telegram
thezoomit,98187,129324,technology,2026-08-01T16:13:49+00:00,5,2026-08-01T16:18:59.445561+00:00,5.17,752,13,9,telegram
thezoomit,98187,129324,technology,2026-08-01T16:13:49+00:00,10,2026-08-01T16:24:12.935694+00:00,10.39,1196,24,12,telegram
thezoomit,98187,129324,technology,2026-08-01T16:13:49+00:00,20,2026-08-01T16:34:40.982292+00:00,20.86,1759,42,19,telegram
thezoomit,98187,129324,technology,2026-08-01T16:13:49+00:00,30,2026-08-01T16:43:49.749572+00:00,30.01,2129,52,22,telegram
thezoomit,98187,129324,technology,2026-08-01T16:13:49+00:00,1440,2026-08-02T16:33:07.519143+00:00,1458.71,8466,154,45,telegram
tweetychannel,409286,775951,social_entertainment,2026-08-01T16:14:29+00:00,5,2026-08-01T16:20:29.977423+00:00,5.8,3059,109,37,telegram
tweetychannel,409286,775951,social_entertainment,2026-08-01T16:14:29+00:00,10,2026-08-01T16:25:44.392093+00:00,11.03,4080,135,38,telegram
tweetychannel,409286,775951,social_entertainment,2026-08-01T16:14:29+00:00,20,2026-08-01T16:34:53.195067+00:00,20.2,6099,174,39,telegram
tweetychannel,409286,775951,social_entertainment,2026-08-01T16:14:29+00:00,30,2026-08-01T16:45:21.197678+00:00,30.64,7116,195,73,telegram
tweetychannel,409286,775951,social_entertainment,2026-08-01T16:14:29+00:00,1440,2026-08-02T16:33:09.004009+00:00,1458.05,17022,377,97,telegram
tweetychannel,409287,775951,social_entertainment,2026-08-01T16:15:53+00:00,5,2026-08-01T16:21:48.297835+00:00,5.71,2049,15,1,telegram
tweetychannel,409287,775951,social_entertainment,2026-08-01T16:15:53+00:00,10,2026-08-01T16:27:02.861147+00:00,10.95,4074,27,35,telegram
tweetychannel,409287,775951,social_entertainment,2026-08-01T16:15:53+00:00,20,2026-08-01T16:36:11.764407+00:00,20.1,6100,43,69,telegram
tweetychannel,409287,775951,social_entertainment,2026-08-01T16:15:53+00:00,30,2026-08-01T16:46:38.913006+00:00,30.56,8125,49,69,telegram
tweetychannel,409287,775951,social_entertainment,2026-08-01T16:15:53+00:00,1440,2026-08-02T16:33:10.353668+00:00,1456.65,19476,132,197,telegram
tweetychannel,409288,775951,social_entertainment,2026-08-01T16:16:49+00:00,5,2026-08-01T16:23:07.051712+00:00,6.1,2046,40,0,telegram
tweetychannel,409288,775951,social_entertainment,2026-08-01T16:16:49+00:00,10,2026-08-01T16:27:02.860762+00:00,10.02,4071,54,34,telegram
tweetychannel,409288,775951,social_entertainment,2026-08-01T16:16:49+00:00,20,2026-08-01T16:37:29.999264+00:00,20.48,7103,77,34,telegram
tweetychannel,409288,775951,social_entertainment,2026-08-01T16:16:49+00:00,30,2026-08-01T16:47:56.950601+00:00,30.93,8133,87,34,telegram
tweetychannel,409288,775951,social_entertainment,2026-08-01T16:16:49+00:00,1440,2026-08-02T16:33:11.779714+00:00,1455.71,19776,178,78,telegram
eghtesadonline,354036,75239,economy,2026-08-01T16:20:55+00:00,5,2026-08-01T16:26:58.191096+00:00,5.92,497,0,1,telegram
eghtesadonline,354036,75239,economy,2026-08-01T16:20:55+00:00,10,2026-08-01T16:32:12.160123+00:00,11.15,773,1,2,telegram
eghtesadonline,354036,75239,economy,2026-08-01T16:20:55+00:00,20,2026-08-01T16:41:21.004269+00:00,20.3,1204,1,3,telegram
eghtesadonline,354036,75239,economy,2026-08-01T16:20:55+00:00,30,2026-08-01T16:51:47.416617+00:00,30.74,1884,3,4,telegram
eghtesadonline,354036,75239,economy,2026-08-01T16:20:55+00:00,1440,2026-08-02T16:33:13.209519+00:00,1451.61,6165,12,8,telegram
tweetychannel,409289,775951,social_entertainment,2026-08-01T16:22:35+00:00,5,2026-08-01T16:28:21.067802+00:00,5.56,2035,6,0,telegram
tweetychannel,409289,775951,social_entertainment,2026-08-01T16:22:35+00:00,10,2026-08-01T16:33:34.929857+00:00,10.79,4066,7,0,telegram
tweetychannel,409289,775951,social_entertainment,2026-08-01T16:22:35+00:00,20,2026-08-01T16:44:01.777315+00:00,21.24,6095,7,0,telegram
digiato,110970,111085,technology,2026-08-01T16:24:22+00:00,5,2026-08-01T16:29:28.569999+00:00,5.08,906,41,9,telegram
digiato,110970,111085,technology,2026-08-01T16:24:22+00:00,10,2026-08-01T16:34:42.577390+00:00,10.31,1284,54,9,telegram
digiato,110970,111085,technology,2026-08-01T16:24:22+00:00,20,2026-08-01T16:45:09.807021+00:00,20.76,1839,73,13,telegram
digiato,110970,111085,technology,2026-08-01T16:24:22+00:00,1440,2026-08-02T16:33:16.088270+00:00,1448.16,9581,189,23,telegram
footballiapp,492992,49781,sport,2026-08-01T16:25:13+00:00,5,2026-08-01T16:30:50.377340+00:00,5.54,168,4,2,telegram
footballiapp,492992,49781,sport,2026-08-01T16:25:13+00:00,10,2026-08-01T16:36:04.210012+00:00,10.77,239,7,2,telegram
footballiapp,492992,49781,sport,2026-08-01T16:25:13+00:00,20,2026-08-01T16:46:31.555433+00:00,21.23,424,7,2,telegram
footballiapp,492992,49781,sport,2026-08-01T16:25:13+00:00,1440,2026-08-02T16:33:17.443395+00:00,1447.31,1654,29,4,telegram
tweetychannel,409290,775951,social_entertainment,2026-08-01T16:25:17+00:00,5,2026-08-01T16:30:58.124089+00:00,5.47,2037,26,0,telegram
tweetychannel,409290,775951,social_entertainment,2026-08-01T16:25:17+00:00,10,2026-08-01T16:36:11.763853+00:00,10.7,4061,34,0,telegram
tweetychannel,409290,775951,social_entertainment,2026-08-01T16:25:17+00:00,20,2026-08-01T16:46:38.912851+00:00,21.16,6098,56,0,telegram
tweetychannel,409290,775951,social_entertainment,2026-08-01T16:25:17+00:00,1440,2026-08-02T16:33:18.815235+00:00,1447.25,21064,150,46,telegram
tweetychannel,409291,775951,social_entertainment,2026-08-01T16:27:05+00:00,5,2026-08-01T16:33:34.929821+00:00,6.29,3047,38,35,telegram
tweetychannel,409291,775951,social_entertainment,2026-08-01T16:27:05+00:00,10,2026-08-01T16:37:29.998761+00:00,10.21,4062,49,35,telegram
tweetychannel,409291,775951,social_entertainment,2026-08-01T16:27:05+00:00,20,2026-08-01T16:47:56.950152+00:00,20.66,6101,78,36,telegram
tweetychannel,409291,775951,social_entertainment,2026-08-01T16:27:05+00:00,1440,2026-08-02T16:33:20.174187+00:00,1445.45,20189,190,119,telegram
tweetychannel,409292,775951,social_entertainment,2026-08-01T16:28:22+00:00,5,2026-08-01T16:33:34.929348+00:00,5.0,2033,120,37,telegram
tweetychannel,409292,775951,social_entertainment,2026-08-01T16:28:22+00:00,10,2026-08-01T16:38:48.130750+00:00,10.23,4057,167,37,telegram
tweetychannel,409292,775951,social_entertainment,2026-08-01T16:28:22+00:00,20,2026-08-01T16:49:15.083626+00:00,20.68,6097,250,37,telegram
tweetychannel,409292,775951,social_entertainment,2026-08-01T16:28:22+00:00,1440,2026-08-02T16:33:21.558785+00:00,1444.16,19927,431,90,telegram
persiantwix,9520,1051274,entertainment,2026-08-01T16:30:00+00:00,5,2026-08-01T16:36:10.243159+00:00,5.98,2512,318,52,telegram
persiantwix,9520,1051274,entertainment,2026-08-01T16:30:00+00:00,10,2026-08-01T16:41:24.052169+00:00,11.22,4044,456,73,telegram
persiantwix,9520,1051274,entertainment,2026-08-01T16:30:00+00:00,20,2026-08-01T16:50:32.235610+00:00,20.35,5573,653,103,telegram
persiantwix,9520,1051274,entertainment,2026-08-01T16:30:00+00:00,1440,2026-08-02T16:33:22.936067+00:00,1442.53,37292,2451,338,telegram
tweetfrsi,21566,664669,entertainment,2026-08-01T16:31:37+00:00,5,2026-08-01T16:37:26.983130+00:00,5.68,820,26,7,telegram
tweetfrsi,21566,664669,entertainment,2026-08-01T16:31:37+00:00,10,2026-08-01T16:42:40.660383+00:00,10.9,1247,44,12,telegram
tweetfrsi,21566,664669,entertainment,2026-08-01T16:31:37+00:00,20,2026-08-01T16:51:48.936775+00:00,20.04,1858,58,17,telegram
tweetfrsi,21566,664669,entertainment,2026-08-01T16:31:37+00:00,1440,2026-08-02T16:33:25.839370+00:00,1440.91,18773,331,56,telegram
eghtesadonline,354037,75239,economy,2026-08-01T16:31:42+00:00,5,2026-08-01T16:37:25.473959+00:00,5.59,463,2,5,telegram
eghtesadonline,354037,75239,economy,2026-08-01T16:31:42+00:00,10,2026-08-01T16:42:39.163349+00:00,10.82,835,3,6,telegram
eghtesadonline,354037,75239,economy,2026-08-01T16:31:42+00:00,1440,2026-08-02T16:33:24.345560+00:00,1440.83,7100,35,12,telegram
footballiapp,492993,49781,sport,2026-08-01T16:35:23+00:00,5,2026-08-01T16:41:17.985414+00:00,5.84,188,0,2,telegram
footballiapp,492993,49781,sport,2026-08-01T16:35:23+00:00,10,2026-08-01T16:46:31.555417+00:00,11.06,280,0,2,telegram
footballiapp,492993,49781,sport,2026-08-01T16:35:23+00:00,1440,2026-08-02T17:04:39.196348+00:00,1468.96,1722,2,3,telegram
eghtesadonline,354038,75239,economy,2026-08-01T16:40:57+00:00,5,2026-08-01T16:46:34.545042+00:00,5.5,655,4,5,telegram
eghtesadonline,354038,75239,economy,2026-08-01T16:40:57+00:00,10,2026-08-01T16:51:47.416590+00:00,10.71,1272,5,6,telegram
eghtesadonline,354038,75239,economy,2026-08-01T16:40:57+00:00,1440,2026-08-02T17:04:53.294480+00:00,1463.4,6442,27,11,telegram
footballiapp,492994,49781,sport,2026-08-01T16:40:57+00:00,5,2026-08-01T16:46:31.555351+00:00,5.5,123,1,1,telegram
footballiapp,492994,49781,sport,2026-08-01T16:40:57+00:00,10,2026-08-01T16:51:44.355912+00:00,10.71,249,2,1,telegram
footballiapp,492994,49781,sport,2026-08-01T16:40:57+00:00,1440,2026-08-02T17:04:51.808331+00:00,1463.4,1598,8,3,telegram
footballiapp,492995,49781,sport,2026-08-01T16:40:57+00:00,5,2026-08-01T16:46:31.555197+00:00,5.5,123,0,1,telegram
footballiapp,492995,49781,sport,2026-08-01T16:40:57+00:00,10,2026-08-01T16:51:44.355892+00:00,10.71,249,0,1,telegram
footballiapp,492995,49781,sport,2026-08-01T16:40:57+00:00,1440,2026-08-02T17:04:50.453294+00:00,1463.4,1690,0,3,telegram
footballiapp,492996,49781,sport,2026-08-01T16:40:57+00:00,5,2026-08-01T16:46:31.555183+00:00,5.5,123,0,1,telegram
footballiapp,492996,49781,sport,2026-08-01T16:40:57+00:00,10,2026-08-01T16:51:44.355875+00:00,10.71,248,0,1,telegram
footballiapp,492996,49781,sport,2026-08-01T16:40:57+00:00,1440,2026-08-02T17:04:49.043867+00:00,1463.4,1661,0,3,telegram
footballiapp,492997,49781,sport,2026-08-01T16:40:57+00:00,5,2026-08-01T16:46:31.555164+00:00,5.5,123,0,1,telegram
footballiapp,492997,49781,sport,2026-08-01T16:40:57+00:00,10,2026-08-01T16:51:44.355857+00:00,10.71,248,0,1,telegram
footballiapp,492997,49781,sport,2026-08-01T16:40:57+00:00,1440,2026-08-02T17:04:47.637599+00:00,1463.4,1778,0,3,telegram
footballiapp,492998,49781,sport,2026-08-01T16:40:57+00:00,5,2026-08-01T16:46:31.555121+00:00,5.5,123,0,1,telegram
footballiapp,492998,49781,sport,2026-08-01T16:40:57+00:00,10,2026-08-01T16:51:44.355839+00:00,10.71,249,0,1,telegram
footballiapp,492998,49781,sport,2026-08-01T16:40:57+00:00,1440,2026-08-02T17:04:46.099560+00:00,1463.4,1791,0,3,telegram
footballiapp,492999,49781,sport,2026-08-01T16:40:57+00:00,5,2026-08-01T16:46:31.555008+00:00,5.5,123,0,1,telegram
footballiapp,492999,49781,sport,2026-08-01T16:40:57+00:00,10,2026-08-01T16:51:44.355821+00:00,10.71,249,0,1,telegram
footballiapp,492999,49781,sport,2026-08-01T16:40:57+00:00,1440,2026-08-02T17:04:44.731499+00:00,1463.4,1816,0,3,telegram
footballiapp,493000,49781,sport,2026-08-01T16:40:57+00:00,5,2026-08-01T16:46:31.554986+00:00,5.5,123,0,1,telegram
footballiapp,493000,49781,sport,2026-08-01T16:40:57+00:00,10,2026-08-01T16:51:44.355802+00:00,10.71,248,0,1,telegram
footballiapp,493000,49781,sport,2026-08-01T16:40:57+00:00,1440,2026-08-02T17:04:43.319252+00:00,1463.4,1909,0,3,telegram
footballiapp,493001,49781,sport,2026-08-01T16:40:57+00:00,5,2026-08-01T16:46:31.554954+00:00,5.5,123,0,1,telegram
footballiapp,493001,49781,sport,2026-08-01T16:40:57+00:00,10,2026-08-01T16:51:44.355782+00:00,10.71,249,0,1,telegram
footballiapp,493001,49781,sport,2026-08-01T16:40:57+00:00,1440,2026-08-02T17:04:41.939443+00:00,1463.4,1989,0,3,telegram
footballiapp,493002,49781,sport,2026-08-01T16:40:57+00:00,5,2026-08-01T16:46:31.554355+00:00,5.5,123,0,1,telegram
footballiapp,493002,49781,sport,2026-08-01T16:40:57+00:00,10,2026-08-01T16:51:44.355753+00:00,10.71,249,0,1,telegram
footballiapp,493002,49781,sport,2026-08-01T16:40:57+00:00,1440,2026-08-02T17:04:40.571673+00:00,1463.4,1921,0,3,telegram
eghtesadonline,354039,75239,economy,2026-08-01T16:43:01+00:00,5,2026-08-01T16:49:10.568540+00:00,6.03,684,4,2,telegram
eghtesadonline,354039,75239,economy,2026-08-01T16:43:01+00:00,1440,2026-08-02T17:04:54.628164+00:00,1461.33,7216,20,4,telegram
tweetychannel,409293,775951,social_entertainment,2026-08-01T16:45:10+00:00,5,2026-08-01T16:50:33.714431+00:00,5.18,2036,150,71,telegram
tweetychannel,409293,775951,social_entertainment,2026-08-01T16:45:10+00:00,1440,2026-08-02T17:04:58.787129+00:00,1459.18,21852,636,268,telegram
eghtesadonline,354040,75239,economy,2026-08-01T16:45:37+00:00,5,2026-08-01T16:51:47.416302+00:00,6.04,809,0,3,telegram
eghtesadonline,354040,75239,economy,2026-08-01T16:45:37+00:00,1440,2026-08-02T17:04:57.357703+00:00,1458.73,7570,7,3,telegram
footballiapp,493003,49781,sport,2026-08-01T16:46:01+00:00,5,2026-08-01T16:51:44.355069+00:00,5.64,156,0,4,telegram
footballiapp,493003,49781,sport,2026-08-01T16:46:01+00:00,1440,2026-08-02T17:04:56.020921+00:00,1458.33,1971,0,7,telegram
varzesh3,298665,1296725,sport,2026-08-01T16:48:48+00:00,1440,2026-08-02T17:05:00.318717+00:00,1455.55,221164,0,1423,telegram
eghtesadonline,354041,75239,economy,2026-08-01T16:49:40+00:00,1440,2026-08-02T17:05:01.681991+00:00,1454.68,7875,16,33,telegram
tweetychannel,409294,775951,social_entertainment,2026-08-01T16:50:41+00:00,1440,2026-08-02T17:05:04.449010+00:00,1453.66,18822,18,0,telegram
tweetychannel,409295,775951,social_entertainment,2026-08-01T16:51:04+00:00,1440,2026-08-02T17:05:03.077710+00:00,1453.28,19653,570,214,telegram
khabarfouri,555730,4823154,general_news,2026-08-01T18:28:06+00:00,1440,2026-08-02T18:39:01.625471+00:00,1450.55,50780,0,0,telegram
akharinkhabar,623718,1943342,general_news,2026-08-01T18:28:22+00:00,1440,2026-08-02T18:39:14.577105+00:00,1450.28,51947,0,38,telegram
footballiapp,493018,49780,sport,2026-08-01T18:28:46+00:00,30,2026-08-01T19:01:40.530156+00:00,32.83,819,7,9,telegram
footballiapp,493018,49780,sport,2026-08-01T18:28:46+00:00,1440,2026-08-02T18:39:04.622837+00:00,1449.88,2060,20,16,telegram
farsna,453911,1816267,general_news,2026-08-01T18:29:01+00:00,30,2026-08-01T19:01:52.310065+00:00,32.58,6293,0,23,telegram
khabarfouri,555731,4823154,general_news,2026-08-01T18:29:07+00:00,30,2026-08-01T19:01:39.088961+00:00,32.48,18340,0,36,telegram
khabarfouri,555731,4823154,general_news,2026-08-01T18:29:07+00:00,1440,2026-08-02T18:39:00.198347+00:00,1449.53,52046,0,71,telegram
persiantwix,9524,1049188,entertainment,2026-08-01T18:30:00+00:00,30,2026-08-01T19:01:46.380924+00:00,31.6,7654,920,90,telegram
persiantwix,9524,1049188,entertainment,2026-08-01T18:30:00+00:00,1440,2026-08-02T18:39:07.485070+00:00,1448.65,39509,3345,372,telegram
tweetychannel,409349,775496,social_entertainment,2026-08-01T18:33:01+00:00,30,2026-08-01T19:04:23.613138+00:00,31.17,10172,12,0,telegram
digiato,110974,111087,technology,2026-08-01T18:33:55+00:00,30,2026-08-01T19:04:13.130965+00:00,30.27,1709,18,8,telegram
digiato,110974,111087,technology,2026-08-01T18:33:55+00:00,1440,2026-08-02T18:38:57.317962+00:00,1444.73,9423,73,28,telegram
eghtesadonline,354055,75241,economy,2026-08-01T18:34:52+00:00,30,2026-08-01T19:05:36.935805+00:00,30.62,3154,5,0,telegram
eghtesadonline,354055,75241,economy,2026-08-01T18:34:52+00:00,1440,2026-08-02T18:39:06.114255+00:00,1443.78,8417,13,1,telegram
tweetychannel,409350,775496,social_entertainment,2026-08-01T18:35:34+00:00,30,2026-08-01T19:06:59.053917+00:00,31.22,11190,36,35,telegram
tweetychannel,409350,775496,social_entertainment,2026-08-01T18:35:34+00:00,1440,2026-08-02T18:39:11.693439+00:00,1443.08,19467,106,114,telegram
tweetychannel,409351,775496,social_entertainment,2026-08-01T18:35:53+00:00,30,2026-08-01T19:06:59.053901+00:00,30.9,12210,127,2,telegram
tweetychannel,409351,775496,social_entertainment,2026-08-01T18:35:53+00:00,1440,2026-08-02T18:39:10.317701+00:00,1442.76,22183,211,39,telegram
footballiapp,493019,49780,sport,2026-08-01T18:36:02+00:00,30,2026-08-01T19:06:51.616104+00:00,30.75,727,2,2,telegram
footballiapp,493019,49780,sport,2026-08-01T18:36:02+00:00,1440,2026-08-02T18:39:03.208288+00:00,1442.61,1936,4,3,telegram
khabarfouri,555732,4823154,general_news,2026-08-01T18:36:28+00:00,30,2026-08-01T19:06:50.150634+00:00,30.32,17326,0,69,telegram
khabarfouri,555732,4823154,general_news,2026-08-01T18:36:28+00:00,1440,2026-08-02T18:38:58.823943+00:00,1442.18,52821,0,138,telegram
tweetychannel,409352,775496,social_entertainment,2026-08-01T18:38:01+00:00,30,2026-08-01T19:08:16.391312+00:00,30.06,12197,86,68,telegram
tweetychannel,409352,775496,social_entertainment,2026-08-01T18:38:01+00:00,1440,2026-08-02T18:39:08.932745+00:00,1440.63,22042,133,104,telegram
farsna,453912,1816267,general_news,2026-08-01T18:38:50+00:00,20,2026-08-01T19:01:52.310052+00:00,22.77,4968,0,10,telegram
farsna,453912,1816267,general_news,2026-08-01T18:38:50+00:00,30,2026-08-01T19:09:38.507485+00:00,30.53,5924,0,10,telegram
farsna,453912,1816267,general_news,2026-08-01T18:38:50+00:00,1440,2026-08-02T19:10:17.531975+00:00,1470.5,14368,0,35,telegram
tweetychannel,409353,775496,social_entertainment,2026-08-01T18:39:01+00:00,20,2026-08-01T19:01:47.866123+00:00,22.58,11175,441,72,telegram
tweetychannel,409353,775496,social_entertainment,2026-08-01T18:39:01+00:00,30,2026-08-01T19:09:34.113511+00:00,30.35,12187,469,106,telegram
tweetychannel,409353,775496,social_entertainment,2026-08-01T18:39:01+00:00,1440,2026-08-02T19:10:01.141703+00:00,1470.31,22298,774,137,telegram
eghtesadonline,354057,75241,economy,2026-08-01T18:40:01+00:00,20,2026-08-01T19:01:43.392859+00:00,21.58,2284,2,3,telegram
eghtesadonline,354057,75241,economy,2026-08-01T18:40:01+00:00,30,2026-08-01T19:10:47.324616+00:00,30.65,2995,4,3,telegram
eghtesadonline,354057,75241,economy,2026-08-01T18:40:01+00:00,1440,2026-08-02T19:09:48.642061+00:00,1469.31,8861,7,3,telegram
akharinkhabar,623719,1943342,general_news,2026-08-01T18:40:54+00:00,20,2026-08-01T19:01:49.386689+00:00,20.7,14255,0,3,telegram
akharinkhabar,623719,1943342,general_news,2026-08-01T18:40:54+00:00,30,2026-08-01T19:12:12.023747+00:00,31.05,18347,0,3,telegram
akharinkhabar,623719,1943342,general_news,2026-08-01T18:40:54+00:00,1440,2026-08-02T19:10:05.348949+00:00,1468.43,50467,0,50,telegram
tweetychannel,409354,775496,social_entertainment,2026-08-01T18:42:26+00:00,20,2026-08-01T19:03:05.352328+00:00,20.46,10151,268,1,telegram
tweetychannel,409354,775496,social_entertainment,2026-08-01T18:42:26+00:00,30,2026-08-01T19:13:28.452297+00:00,30.84,11173,303,1,telegram
tweetychannel,409354,775496,social_entertainment,2026-08-01T18:42:26+00:00,1440,2026-08-02T19:09:59.797521+00:00,1466.9,21434,608,50,telegram
tweetychannel,409355,775496,social_entertainment,2026-08-01T18:42:43+00:00,20,2026-08-01T19:03:05.351237+00:00,20.18,11167,76,69,telegram
tweetychannel,409355,775496,social_entertainment,2026-08-01T18:42:43+00:00,30,2026-08-01T19:13:28.452268+00:00,30.55,12188,79,69,telegram
tweetychannel,409355,775496,social_entertainment,2026-08-01T18:42:43+00:00,1440,2026-08-02T19:09:58.436992+00:00,1466.61,22367,125,70,telegram
akharinkhabar,623720,1943342,general_news,2026-08-01T18:42:55+00:00,20,2026-08-01T19:04:25.121090+00:00,21.27,14270,0,39,telegram
akharinkhabar,623720,1943342,general_news,2026-08-01T18:42:55+00:00,30,2026-08-01T19:13:29.934645+00:00,30.35,18358,0,39,telegram
akharinkhabar,623720,1943342,general_news,2026-08-01T18:42:55+00:00,1440,2026-08-02T19:10:04.006899+00:00,1466.41,50417,0,99,telegram
footballiapp,493021,49780,sport,2026-08-01T18:43:58+00:00,20,2026-08-01T19:04:16.060277+00:00,20.22,534,0,3,telegram
footballiapp,493021,49780,sport,2026-08-01T18:43:58+00:00,30,2026-08-01T19:14:39.058327+00:00,30.6,809,1,4,telegram
footballiapp,493021,49780,sport,2026-08-01T18:43:58+00:00,1440,2026-08-02T19:09:42.807346+00:00,1465.36,1823,1,5,telegram
farsna,453913,1816267,general_news,2026-08-01T18:45:21+00:00,20,2026-08-01T19:05:45.809762+00:00,20.14,5262,0,52,telegram
farsna,453913,1816267,general_news,2026-08-01T18:45:21+00:00,30,2026-08-01T19:16:09.559496+00:00,30.54,6566,0,52,telegram
farsna,453913,1816267,general_news,2026-08-01T18:45:21+00:00,1440,2026-08-02T19:10:16.105150+00:00,1463.98,16894,0,88,telegram
tweetychannel,409356,775496,social_entertainment,2026-08-01T18:45:24+00:00,20,2026-08-01T19:05:41.317365+00:00,20.09,10151,160,171,telegram
tweetychannel,409356,775496,social_entertainment,2026-08-01T18:45:24+00:00,30,2026-08-01T19:16:05.252644+00:00,30.49,12170,205,239,telegram
tweetychannel,409356,775496,social_entertainment,2026-08-01T18:45:24+00:00,1440,2026-08-02T19:09:57.079692+00:00,1463.93,22193,421,455,telegram
tweetychannel,409357,775496,social_entertainment,2026-08-01T18:46:11+00:00,20,2026-08-01T19:06:59.053549+00:00,20.6,10151,81,68,telegram
tweetychannel,409357,775496,social_entertainment,2026-08-01T18:46:11+00:00,30,2026-08-01T19:17:22.831619+00:00,31.0,12173,91,68,telegram
tweetychannel,409357,775496,social_entertainment,2026-08-01T18:46:11+00:00,1440,2026-08-02T19:09:55.713944+00:00,1463.15,23353,127,96,telegram
tweetfrsi,21571,664291,entertainment,2026-08-01T18:46:17+00:00,20,2026-08-01T19:06:56.101400+00:00,20.5,2886,30,7,telegram
tweetfrsi,21571,664291,entertainment,2026-08-01T18:46:17+00:00,30,2026-08-01T19:17:19.953385+00:00,30.9,4103,44,7,telegram
tweetfrsi,21571,664291,entertainment,2026-08-01T18:46:17+00:00,1440,2026-08-02T19:09:50.159691+00:00,1463.05,21373,164,31,telegram
footballiapp,493022,49780,sport,2026-08-01T18:49:54+00:00,10,2026-08-01T19:01:40.530074+00:00,11.7,365,4,6,telegram
footballiapp,493022,49780,sport,2026-08-01T18:49:54+00:00,20,2026-08-01T19:10:44.330059+00:00,20.76,642,5,9,telegram
footballiapp,493022,49780,sport,2026-08-01T18:49:54+00:00,30,2026-08-01T19:21:08.895988+00:00,31.17,827,8,13,telegram
footballiapp,493022,49780,sport,2026-08-01T18:49:54+00:00,1440,2026-08-02T19:09:41.449223+00:00,1459.43,1831,18,17,telegram
tweetychannel,409358,775496,social_entertainment,2026-08-01T18:51:11+00:00,10,2026-08-01T19:01:47.865708+00:00,10.42,6104,159,71,telegram
tweetychannel,409358,775496,social_entertainment,2026-08-01T18:51:11+00:00,20,2026-08-01T19:12:10.575549+00:00,20.77,9154,174,71,telegram
tweetychannel,409358,775496,social_entertainment,2026-08-01T18:51:11+00:00,30,2026-08-01T19:22:33.800809+00:00,31.18,11179,185,105,telegram
tweetychannel,409358,775496,social_entertainment,2026-08-01T18:51:11+00:00,1440,2026-08-02T19:09:54.320675+00:00,1458.15,21558,225,107,telegram
farsna,453914,1816267,general_news,2026-08-01T18:53:04+00:00,10,2026-08-01T19:04:28.140417+00:00,11.12,3011,0,10,telegram
farsna,453914,1816267,general_news,2026-08-01T18:53:04+00:00,20,2026-08-01T19:13:32.948945+00:00,20.2,4333,0,10,telegram
farsna,453914,1816267,general_news,2026-08-01T18:53:04+00:00,30,2026-08-01T19:23:55.697812+00:00,30.59,5003,0,10,telegram
farsna,453914,1816267,general_news,2026-08-01T18:53:04+00:00,1440,2026-08-02T19:10:14.603462+00:00,1456.26,13020,0,21,telegram
farsna,453915,1816267,general_news,2026-08-01T18:54:42+00:00,5,2026-08-01T19:01:52.310037+00:00,6.9,2020,0,0,telegram
farsna,453915,1816267,general_news,2026-08-01T18:54:42+00:00,10,2026-08-01T19:05:45.809730+00:00,10.79,2681,0,0,telegram
farsna,453915,1816267,general_news,2026-08-01T18:54:42+00:00,20,2026-08-01T19:16:09.559463+00:00,21.19,4318,0,0,telegram
farsna,453915,1816267,general_news,2026-08-01T18:54:42+00:00,30,2026-08-01T19:25:13.405729+00:00,30.25,4983,0,1,telegram
farsna,453915,1816267,general_news,2026-08-01T18:54:42+00:00,1440,2026-08-02T19:10:13.173214+00:00,1454.63,13148,0,12,telegram
farsna,453916,1816267,general_news,2026-08-01T18:54:42+00:00,5,2026-08-01T19:01:52.309977+00:00,6.9,2020,0,0,telegram
farsna,453916,1816267,general_news,2026-08-01T18:54:42+00:00,10,2026-08-01T19:05:45.809706+00:00,10.79,2981,0,0,telegram
farsna,453916,1816267,general_news,2026-08-01T18:54:42+00:00,20,2026-08-01T19:16:09.559350+00:00,21.19,4314,0,0,telegram
farsna,453916,1816267,general_news,2026-08-01T18:54:42+00:00,30,2026-08-01T19:25:13.405299+00:00,30.25,4981,0,1,telegram
farsna,453916,1816267,general_news,2026-08-01T18:54:42+00:00,1440,2026-08-02T19:10:11.634007+00:00,1454.63,12403,0,12,telegram
varzesh3,298674,1296635,sport,2026-08-01T18:56:44+00:00,5,2026-08-01T19:02:59.629706+00:00,6.16,17542,0,35,telegram
varzesh3,298674,1296635,sport,2026-08-01T18:56:44+00:00,10,2026-08-01T19:06:53.122473+00:00,10.05,24770,0,35,telegram
varzesh3,298674,1296635,sport,2026-08-01T18:56:44+00:00,20,2026-08-01T19:17:16.972016+00:00,20.45,39240,0,35,telegram
varzesh3,298674,1296635,sport,2026-08-01T18:56:44+00:00,30,2026-08-01T19:27:38.377680+00:00,30.81,50666,0,70,telegram
varzesh3,298674,1296635,sport,2026-08-01T18:56:44+00:00,1440,2026-08-02T19:09:45.677402+00:00,1452.6,231082,0,213,telegram
varzesh3,298675,1296635,sport,2026-08-01T18:56:44+00:00,5,2026-08-01T19:02:59.628426+00:00,6.16,18555,0,35,telegram
varzesh3,298675,1296635,sport,2026-08-01T18:56:44+00:00,10,2026-08-01T19:06:53.122018+00:00,10.05,25775,0,35,telegram
varzesh3,298675,1296635,sport,2026-08-01T18:56:44+00:00,20,2026-08-01T19:17:16.970655+00:00,20.45,39241,0,35,telegram
varzesh3,298675,1296635,sport,2026-08-01T18:56:44+00:00,30,2026-08-01T19:27:38.377184+00:00,30.81,50694,0,70,telegram
varzesh3,298675,1296635,sport,2026-08-01T18:56:44+00:00,1440,2026-08-02T19:09:44.295903+00:00,1452.6,225528,0,214,telegram
farsna,453917,1816267,general_news,2026-08-01T18:58:04+00:00,5,2026-08-01T19:04:28.140376+00:00,6.12,1985,0,10,telegram
farsna,453917,1816267,general_news,2026-08-01T18:58:04+00:00,10,2026-08-01T19:08:20.883951+00:00,10.01,2649,0,11,telegram
farsna,453917,1816267,general_news,2026-08-01T18:58:04+00:00,20,2026-08-01T19:18:44.631005+00:00,20.41,4355,0,12,telegram
farsna,453917,1816267,general_news,2026-08-01T18:58:04+00:00,30,2026-08-01T19:29:06.278238+00:00,30.76,5054,0,12,telegram
farsna,453917,1816267,general_news,2026-08-01T18:58:04+00:00,1440,2026-08-02T19:10:10.183962+00:00,1451.26,13043,0,25,telegram
farsna,453918,1816267,general_news,2026-08-01T18:58:04+00:00,5,2026-08-01T19:04:28.139951+00:00,6.12,1983,0,11,telegram
farsna,453918,1816267,general_news,2026-08-01T18:58:04+00:00,10,2026-08-01T19:08:20.883927+00:00,10.01,2646,0,12,telegram
farsna,453918,1816267,general_news,2026-08-01T18:58:04+00:00,20,2026-08-01T19:18:44.630983+00:00,20.41,4351,0,13,telegram
farsna,453918,1816267,general_news,2026-08-01T18:58:04+00:00,30,2026-08-01T19:29:06.278224+00:00,30.76,5052,0,13,telegram
farsna,453918,1816267,general_news,2026-08-01T18:58:04+00:00,1440,2026-08-02T19:10:08.550751+00:00,1451.26,13116,0,26,telegram
farsna,453919,1816267,general_news,2026-08-01T18:59:57+00:00,5,2026-08-01T19:05:45.809278+00:00,5.54,1680,0,0,telegram
farsna,453919,1816267,general_news,2026-08-01T18:59:57+00:00,10,2026-08-01T19:10:56.052748+00:00,10.71,2686,0,0,telegram
farsna,453919,1816267,general_news,2026-08-01T18:59:57+00:00,20,2026-08-01T19:21:20.592285+00:00,21.12,4327,0,0,telegram
farsna,453919,1816267,general_news,2026-08-01T18:59:57+00:00,30,2026-08-01T19:30:24.346874+00:00,30.17,5000,0,1,telegram
farsna,453919,1816267,general_news,2026-08-01T18:59:57+00:00,1440,2026-08-02T19:10:06.821762+00:00,1449.38,13092,0,12,telegram
persiantwix,9525,1049188,entertainment,2026-08-01T19:00:00+00:00,5,2026-08-01T19:05:39.866515+00:00,5.49,2762,560,41,telegram
persiantwix,9525,1049188,entertainment,2026-08-01T19:00:00+00:00,10,2026-08-01T19:10:50.160794+00:00,10.66,4294,784,61,telegram
persiantwix,9525,1049188,entertainment,2026-08-01T19:00:00+00:00,20,2026-08-01T19:21:14.755231+00:00,21.07,6430,1100,92,telegram
persiantwix,9525,1049188,entertainment,2026-08-01T19:00:00+00:00,30,2026-08-01T19:30:18.500822+00:00,30.12,7708,1317,117,telegram
persiantwix,9525,1049188,entertainment,2026-08-01T19:00:00+00:00,1440,2026-08-02T19:09:51.553551+00:00,1449.33,40493,4210,343,telegram
thezoomit,98198,129324,technology,2026-08-01T19:00:13+00:00,5,2026-08-01T19:05:29.643944+00:00,5.27,966,17,15,telegram
thezoomit,98198,129324,technology,2026-08-01T19:00:13+00:00,10,2026-08-01T19:10:39.936506+00:00,10.45,1555,34,25,telegram
thezoomit,98198,129324,technology,2026-08-01T19:00:13+00:00,20,2026-08-01T19:21:04.474895+00:00,20.85,2206,45,39,telegram
thezoomit,98198,129324,technology,2026-08-01T19:00:13+00:00,30,2026-08-01T19:31:26.005392+00:00,31.21,2726,57,45,telegram
thezoomit,98198,129324,technology,2026-08-01T19:00:13+00:00,1440,2026-08-02T19:09:39.922633+00:00,1449.11,11242,152,108,telegram
thezoomit,98199,129324,technology,2026-08-01T19:00:13+00:00,5,2026-08-01T19:05:29.643473+00:00,5.27,997,0,13,telegram
thezoomit,98199,129324,technology,2026-08-01T19:00:13+00:00,10,2026-08-01T19:10:39.935978+00:00,10.45,1494,0,25,telegram
thezoomit,98199,129324,technology,2026-08-01T19:00:13+00:00,20,2026-08-01T19:21:04.474340+00:00,20.85,2176,0,39,telegram
thezoomit,98199,129324,technology,2026-08-01T19:00:13+00:00,30,2026-08-01T19:31:26.004097+00:00,31.21,2697,0,45,telegram
thezoomit,98199,129324,technology,2026-08-01T19:00:13+00:00,1440,2026-08-02T19:09:38.539331+00:00,1449.11,10932,0,107,telegram
tweetychannel,409359,775496,social_entertainment,2026-08-01T19:00:23+00:00,5,2026-08-01T19:05:41.317234+00:00,5.11,4067,65,0,telegram
tweetychannel,409359,775496,social_entertainment,2026-08-01T19:00:23+00:00,10,2026-08-01T19:10:51.657375+00:00,10.28,5084,79,0,telegram
tweetychannel,409359,775496,social_entertainment,2026-08-01T19:00:23+00:00,20,2026-08-01T19:21:16.200778+00:00,20.69,8117,104,0,telegram
tweetychannel,409359,775496,social_entertainment,2026-08-01T19:00:23+00:00,30,2026-08-01T19:31:38.933301+00:00,31.04,9141,119,0,telegram
tweetychannel,409359,775496,social_entertainment,2026-08-01T19:00:23+00:00,1440,2026-08-02T19:09:52.946965+00:00,1448.95,21488,200,34,telegram
farsna,453920,1816267,general_news,2026-08-01T19:02:04+00:00,5,2026-08-01T19:08:20.883804+00:00,6.01,1984,0,10,telegram
farsna,453920,1816267,general_news,2026-08-01T19:02:04+00:00,10,2026-08-01T19:13:32.948885+00:00,11.2,3313,0,10,telegram
farsna,453920,1816267,general_news,2026-08-01T19:02:04+00:00,20,2026-08-01T19:22:38.399568+00:00,20.3,4970,0,10,telegram
farsna,453920,1816267,general_news,2026-08-01T19:02:04+00:00,30,2026-08-01T19:33:05.209858+00:00,30.71,5970,0,11,telegram
farsna,453920,1816267,general_news,2026-08-01T19:02:04+00:00,1440,2026-08-02T19:10:21.749389+00:00,1447.26,15402,0,43,telegram
tweetychannel,409360,775496,social_entertainment,2026-08-01T19:02:11+00:00,5,2026-08-01T19:08:16.391213+00:00,5.89,3052,23,36,telegram
tweetychannel,409360,775496,social_entertainment,2026-08-01T19:02:11+00:00,10,2026-08-01T19:13:28.452209+00:00,11.09,5078,31,71,telegram
tweetychannel,409360,775496,social_entertainment,2026-08-01T19:02:11+00:00,20,2026-08-01T19:22:33.800770+00:00,20.18,7096,42,71,telegram
tweetychannel,409360,775496,social_entertainment,2026-08-01T19:02:11+00:00,30,2026-08-01T19:33:00.547690+00:00,30.59,9121,46,71,telegram
tweetychannel,409360,775496,social_entertainment,2026-08-01T19:02:11+00:00,1440,2026-08-02T19:10:20.332544+00:00,1447.15,18968,121,165,telegram
tweetfrsi,21572,664291,entertainment,2026-08-01T19:03:01+00:00,5,2026-08-01T19:08:13.505370+00:00,5.06,1232,79,9,telegram
tweetfrsi,21572,664291,entertainment,2026-08-01T19:03:01+00:00,10,2026-08-01T19:13:25.397838+00:00,10.25,2145,118,19,telegram
tweetfrsi,21572,664291,entertainment,2026-08-01T19:03:01+00:00,20,2026-08-01T19:23:48.456639+00:00,20.64,3067,189,29,telegram
tweetfrsi,21572,664291,entertainment,2026-08-01T19:03:01+00:00,30,2026-08-01T19:34:16.380145+00:00,31.09,4179,233,33,telegram
tweetfrsi,21572,664291,entertainment,2026-08-01T19:03:01+00:00,1440,2026-08-02T19:10:23.123131+00:00,1446.31,21903,683,82,telegram
tweetychannel,409361,775496,social_entertainment,2026-08-01T19:03:01+00:00,5,2026-08-01T19:08:16.391106+00:00,5.06,3049,1,0,telegram
tweetychannel,409361,775496,social_entertainment,2026-08-01T19:03:01+00:00,10,2026-08-01T19:13:28.452188+00:00,10.25,5079,3,0,telegram
tweetychannel,409361,775496,social_entertainment,2026-08-01T19:03:01+00:00,20,2026-08-01T19:23:51.323152+00:00,20.64,7104,4,0,telegram
tweetychannel,409361,775496,social_entertainment,2026-08-01T19:03:01+00:00,30,2026-08-01T19:34:20.032091+00:00,31.09,9131,4,0,telegram
tweetychannel,409362,775496,social_entertainment,2026-08-01T19:03:57+00:00,5,2026-08-01T19:09:34.113229+00:00,5.42,4056,10,1,telegram
tweetychannel,409362,775496,social_entertainment,2026-08-01T19:03:57+00:00,10,2026-08-01T19:14:46.365018+00:00,10.62,5082,21,35,telegram
tweetychannel,409362,775496,social_entertainment,2026-08-01T19:03:57+00:00,20,2026-08-01T19:25:08.889808+00:00,21.0,8108,31,35,telegram
tweetychannel,409362,775496,social_entertainment,2026-08-01T19:03:57+00:00,30,2026-08-01T19:34:20.032067+00:00,30.16,9129,40,35,telegram
tweetychannel,409362,775496,social_entertainment,2026-08-01T19:03:57+00:00,1440,2026-08-02T19:10:24.481510+00:00,1445.38,17401,71,35,telegram
footballiapp,493024,49780,sport,2026-08-01T19:04:35+00:00,5,2026-08-01T19:10:44.329948+00:00,6.08,340,5,8,telegram
footballiapp,493024,49780,sport,2026-08-01T19:04:35+00:00,10,2026-08-01T19:15:57.775738+00:00,11.3,492,5,12,telegram
footballiapp,493024,49780,sport,2026-08-01T19:04:35+00:00,20,2026-08-01T19:25:01.574059+00:00,20.37,677,8,13,telegram
footballiapp,493024,49780,sport,2026-08-01T19:04:35+00:00,30,2026-08-01T19:35:31.111599+00:00,30.85,800,9,14,telegram
footballiapp,493024,49780,sport,2026-08-01T19:04:35+00:00,1440,2026-08-02T19:10:27.366272+00:00,1444.75,1750,15,21,telegram
tweetychannel,409363,775496,social_entertainment,2026-08-01T19:04:59+00:00,5,2026-08-01T19:10:51.657232+00:00,5.68,4050,27,34,telegram
tweetychannel,409363,775496,social_entertainment,2026-08-01T19:04:59+00:00,10,2026-08-01T19:16:05.252543+00:00,10.9,6084,44,68,telegram
tweetychannel,409363,775496,social_entertainment,2026-08-01T19:04:59+00:00,20,2026-08-01T19:26:26.903018+00:00,21.26,9123,58,68,telegram
tweetychannel,409363,775496,social_entertainment,2026-08-01T19:04:59+00:00,30,2026-08-01T19:35:38.810984+00:00,30.45,10142,69,102,telegram
tweetychannel,409363,775496,social_entertainment,2026-08-01T19:04:59+00:00,1440,2026-08-02T19:10:28.771756+00:00,1444.35,19539,183,237,telegram
akharinkhabar,623721,1943342,general_news,2026-08-01T19:05:58+00:00,5,2026-08-01T19:12:12.023716+00:00,5.99,5124,0,0,telegram
akharinkhabar,623721,1943342,general_news,2026-08-01T19:05:58+00:00,10,2026-08-01T19:17:24.268746+00:00,11.21,8178,0,0,telegram
akharinkhabar,623721,1943342,general_news,2026-08-01T19:05:58+00:00,20,2026-08-01T19:26:28.330365+00:00,20.28,11262,0,0,telegram
akharinkhabar,623721,1943342,general_news,2026-08-01T19:05:58+00:00,30,2026-08-01T19:37:02.062175+00:00,30.8,15343,0,0,telegram
akharinkhabar,623721,1943342,general_news,2026-08-01T19:05:58+00:00,1440,2026-08-02T19:10:33.014899+00:00,1443.36,49740,0,12,telegram
akharinkhabar,623722,1943342,general_news,2026-08-01T19:05:58+00:00,5,2026-08-01T19:12:12.023611+00:00,5.99,5121,0,0,telegram
akharinkhabar,623722,1943342,general_news,2026-08-01T19:05:58+00:00,10,2026-08-01T19:17:24.268625+00:00,11.21,8178,0,0,telegram
akharinkhabar,623722,1943342,general_news,2026-08-01T19:05:58+00:00,20,2026-08-01T19:26:28.329983+00:00,20.28,11258,0,0,telegram
akharinkhabar,623722,1943342,general_news,2026-08-01T19:05:58+00:00,30,2026-08-01T19:37:02.061579+00:00,30.8,15334,0,0,telegram
akharinkhabar,623722,1943342,general_news,2026-08-01T19:05:58+00:00,1440,2026-08-02T19:10:31.562655+00:00,1443.36,49530,0,12,telegram
footballiapp,493025,49780,sport,2026-08-01T19:06:02+00:00,5,2026-08-01T19:12:01.869364+00:00,5.92,339,4,9,telegram
footballiapp,493025,49780,sport,2026-08-01T19:06:02+00:00,10,2026-08-01T19:17:15.484934+00:00,11.15,521,7,15,telegram
footballiapp,493025,49780,sport,2026-08-01T19:06:02+00:00,20,2026-08-01T19:26:19.708519+00:00,20.21,709,9,16,telegram
footballiapp,493025,49780,sport,2026-08-01T19:06:02+00:00,30,2026-08-01T19:36:52.227008+00:00,30.73,862,10,18,telegram
footballiapp,493025,49780,sport,2026-08-01T19:06:02+00:00,1440,2026-08-02T19:10:30.190110+00:00,1443.3,1764,18,24,telegram
tweetychannel,409364,775496,social_entertainment,2026-08-01T19:07:14+00:00,5,2026-08-01T19:13:28.452151+00:00,6.04,4055,95,34,telegram
tweetychannel,409364,775496,social_entertainment,2026-08-01T19:07:14+00:00,10,2026-08-01T19:18:40.349674+00:00,11.24,7090,147,35,telegram
tweetychannel,409364,775496,social_entertainment,2026-08-01T19:07:14+00:00,20,2026-08-01T19:27:44.210584+00:00,20.31,8119,192,35,telegram
tweetychannel,409364,775496,social_entertainment,2026-08-01T19:07:14+00:00,30,2026-08-01T19:38:19.150045+00:00,30.88,10135,236,69,telegram
tweetychannel,409364,775496,social_entertainment,2026-08-01T19:07:14+00:00,1440,2026-08-02T19:10:37.349462+00:00,1442.1,18992,495,96,telegram
farsna,453922,1816267,general_news,2026-08-01T19:07:35+00:00,5,2026-08-01T19:13:32.948855+00:00,5.69,2329,0,1,telegram
farsna,453922,1816267,general_news,2026-08-01T19:07:35+00:00,10,2026-08-01T19:18:44.630915+00:00,10.89,3640,0,1,telegram
farsna,453922,1816267,general_news,2026-08-01T19:07:35+00:00,20,2026-08-01T19:29:06.278192+00:00,21.25,4962,0,2,telegram
farsna,453922,1816267,general_news,2026-08-01T19:07:35+00:00,30,2026-08-01T19:38:23.702681+00:00,30.53,5953,0,2,telegram
farsna,453922,1816267,general_news,2026-08-01T19:07:35+00:00,1440,2026-08-02T19:10:38.763437+00:00,1441.75,15176,0,12,telegram
tweetychannel,409365,775496,social_entertainment,2026-08-01T19:07:41+00:00,5,2026-08-01T19:13:28.452120+00:00,5.59,4052,42,0,telegram
tweetychannel,409365,775496,social_entertainment,2026-08-01T19:07:41+00:00,10,2026-08-01T19:18:40.349644+00:00,10.79,7093,73,0,telegram
tweetychannel,409365,775496,social_entertainment,2026-08-01T19:07:41+00:00,20,2026-08-01T19:29:01.893350+00:00,21.15,9126,100,0,telegram
tweetychannel,409365,775496,social_entertainment,2026-08-01T19:07:41+00:00,30,2026-08-01T19:38:19.150029+00:00,30.43,10143,112,0,telegram
tweetychannel,409365,775496,social_entertainment,2026-08-01T19:07:41+00:00,1440,2026-08-02T19:10:35.989102+00:00,1441.65,19420,204,36,telegram
khabarfouri,555733,4823154,general_news,2026-08-01T19:07:42+00:00,5,2026-08-01T19:13:19.359860+00:00,5.57,5080,0,0,telegram
khabarfouri,555733,4823154,general_news,2026-08-01T19:07:42+00:00,10,2026-08-01T19:18:31.600758+00:00,10.77,7134,0,0,telegram
khabarfouri,555733,4823154,general_news,2026-08-01T19:07:42+00:00,20,2026-08-01T19:28:52.970980+00:00,21.13,12227,0,0,telegram
khabarfouri,555733,4823154,general_news,2026-08-01T19:07:42+00:00,30,2026-08-01T19:38:10.100599+00:00,30.41,15284,0,0,telegram
khabarfouri,555733,4823154,general_news,2026-08-01T19:07:42+00:00,1440,2026-08-02T19:10:34.608924+00:00,1441.63,52387,0,31,telegram
farsna,453923,1816267,general_news,2026-08-01T19:08:07+00:00,5,2026-08-01T19:13:32.948354+00:00,5.15,2305,0,11,telegram
farsna,453923,1816267,general_news,2026-08-01T19:08:07+00:00,10,2026-08-01T19:18:44.630314+00:00,10.36,3644,0,21,telegram
farsna,453923,1816267,general_news,2026-08-01T19:08:07+00:00,20,2026-08-01T19:29:06.277838+00:00,20.71,4978,0,21,telegram
farsna,453923,1816267,general_news,2026-08-01T19:08:07+00:00,30,2026-08-01T19:39:42.544784+00:00,31.3,6287,0,21,telegram
farsna,453923,1816267,general_news,2026-08-01T19:08:07+00:00,1440,2026-08-02T19:10:42.982081+00:00,1441.21,15632,0,33,telegram
tweetychannel,409366,775496,social_entertainment,2026-08-01T19:08:08+00:00,5,2026-08-01T19:13:28.451489+00:00,5.14,4056,10,34,telegram
tweetychannel,409366,775496,social_entertainment,2026-08-01T19:08:08+00:00,10,2026-08-01T19:18:40.349515+00:00,10.34,7103,13,68,telegram
tweetychannel,409366,775496,social_entertainment,2026-08-01T19:08:08+00:00,20,2026-08-01T19:29:01.893335+00:00,20.7,10151,17,68,telegram
tweetychannel,409366,775496,social_entertainment,2026-08-01T19:08:08+00:00,30,2026-08-01T19:39:37.764627+00:00,31.28,12173,19,102,telegram
tweetychannel,409366,775496,social_entertainment,2026-08-01T19:08:08+00:00,1440,2026-08-02T19:10:40.211494+00:00,1441.2,21648,35,177,telegram
farsna,453924,1816267,general_news,2026-08-01T19:09:02+00:00,5,2026-08-01T19:14:51.950307+00:00,5.54,2313,0,12,telegram
farsna,453924,1816267,general_news,2026-08-01T19:09:02+00:00,10,2026-08-01T19:20:03.028811+00:00,10.73,3332,0,12,telegram
farsna,453924,1816267,general_news,2026-08-01T19:09:02+00:00,20,2026-08-01T19:30:24.346726+00:00,21.09,5279,0,14,telegram
farsna,453924,1816267,general_news,2026-08-01T19:09:02+00:00,30,2026-08-01T19:39:42.544766+00:00,30.38,6285,0,14,telegram
farsna,453924,1816267,general_news,2026-08-01T19:09:02+00:00,1440,2026-08-02T19:10:41.598750+00:00,1440.3,16159,0,27,telegram
akharinkhabar,623723,1943342,general_news,2026-08-01T19:09:25+00:00,5,2026-08-01T19:14:48.391051+00:00,5.15,4098,0,0,telegram
akharinkhabar,623723,1943342,general_news,2026-08-01T19:09:25+00:00,10,2026-08-01T19:20:00.117560+00:00,10.35,7156,0,0,telegram
akharinkhabar,623723,1943342,general_news,2026-08-01T19:09:25+00:00,20,2026-08-01T19:30:21.448238+00:00,20.71,12257,0,0,telegram
akharinkhabar,623723,1943342,general_news,2026-08-01T19:09:25+00:00,30,2026-08-01T19:40:58.103624+00:00,31.31,16335,0,0,telegram
akharinkhabar,623723,1943342,general_news,2026-08-01T19:09:25+00:00,1440,2026-08-02T19:41:15.212981+00:00,1471.33,49459,0,2,telegram
akharinkhabar,623724,1943342,general_news,2026-08-01T19:09:25+00:00,5,2026-08-01T19:14:48.391028+00:00,5.15,4095,0,0,telegram
akharinkhabar,623724,1943342,general_news,2026-08-01T19:09:25+00:00,10,2026-08-01T19:20:00.117535+00:00,10.35,7156,0,0,telegram
akharinkhabar,623724,1943342,general_news,2026-08-01T19:09:25+00:00,20,2026-08-01T19:30:21.448207+00:00,20.71,12255,0,0,telegram
akharinkhabar,623724,1943342,general_news,2026-08-01T19:09:25+00:00,30,2026-08-01T19:40:58.103601+00:00,31.31,16340,0,0,telegram
akharinkhabar,623724,1943342,general_news,2026-08-01T19:09:25+00:00,1440,2026-08-02T19:41:13.843356+00:00,1471.33,51372,0,2,telegram
akharinkhabar,623725,1943342,general_news,2026-08-01T19:09:25+00:00,5,2026-08-01T19:14:48.390617+00:00,5.15,4095,0,0,telegram
akharinkhabar,623725,1943342,general_news,2026-08-01T19:09:25+00:00,10,2026-08-01T19:20:00.117104+00:00,10.35,7165,0,0,telegram
akharinkhabar,623725,1943342,general_news,2026-08-01T19:09:25+00:00,20,2026-08-01T19:30:21.447331+00:00,20.71,12254,0,0,telegram
akharinkhabar,623725,1943342,general_news,2026-08-01T19:09:25+00:00,30,2026-08-01T19:40:58.103116+00:00,31.31,16334,0,0,telegram
akharinkhabar,623725,1943342,general_news,2026-08-01T19:09:25+00:00,1440,2026-08-02T19:41:12.488121+00:00,1471.33,49402,0,2,telegram
farsna,453925,1816267,general_news,2026-08-01T19:09:37+00:00,5,2026-08-01T19:16:09.559190+00:00,6.27,2310,0,12,telegram
farsna,453925,1816267,general_news,2026-08-01T19:09:37+00:00,10,2026-08-01T19:20:03.028321+00:00,10.15,3330,0,12,telegram
farsna,453925,1816267,general_news,2026-08-01T19:09:37+00:00,20,2026-08-01T19:30:24.346624+00:00,20.51,5287,0,24,telegram
farsna,453925,1816267,general_news,2026-08-01T19:09:37+00:00,30,2026-08-01T19:41:01.042249+00:00,31.11,6610,0,24,telegram
farsna,453925,1816267,general_news,2026-08-01T19:09:37+00:00,1440,2026-08-02T19:41:16.590262+00:00,1471.13,15738,0,37,telegram
tweetychannel,409367,775496,social_entertainment,2026-08-01T19:09:46+00:00,5,2026-08-01T19:16:05.252071+00:00,6.12,5068,55,0,telegram
tweetychannel,409367,775496,social_entertainment,2026-08-01T19:09:46+00:00,10,2026-08-01T19:21:16.200277+00:00,11.3,7104,67,0,telegram
tweetychannel,409367,775496,social_entertainment,2026-08-01T19:09:46+00:00,20,2026-08-01T19:30:19.910212+00:00,20.36,10149,73,0,telegram
tweetychannel,409367,775496,social_entertainment,2026-08-01T19:09:46+00:00,30,2026-08-01T19:40:56.523681+00:00,30.96,12170,76,0,telegram
tweetychannel,409367,775496,social_entertainment,2026-08-01T19:09:46+00:00,1440,2026-08-02T19:41:10.983739+00:00,1470.98,21120,105,0,telegram
footballiapp,493026,49780,sport,2026-08-01T19:10:04+00:00,5,2026-08-01T19:15:57.774166+00:00,5.82,335,3,12,telegram
footballiapp,493026,49780,sport,2026-08-01T19:10:04+00:00,10,2026-08-01T19:21:08.895946+00:00,11.0,492,5,13,telegram
footballiapp,493026,49780,sport,2026-08-01T19:10:04+00:00,20,2026-08-01T19:30:12.504619+00:00,20.06,739,7,16,telegram
footballiapp,493026,49780,sport,2026-08-01T19:10:04+00:00,30,2026-08-01T19:40:48.838667+00:00,30.66,892,8,17,telegram
footballiapp,493026,49780,sport,2026-08-01T19:10:04+00:00,1440,2026-08-02T19:41:09.605649+00:00,1470.68,1952,15,19,telegram
eghtesadonline,354059,75241,economy,2026-08-01T19:11:03+00:00,5,2026-08-01T19:17:18.455400+00:00,6.13,874,11,4,telegram
eghtesadonline,354059,75241,economy,2026-08-01T19:11:03+00:00,10,2026-08-01T19:21:11.841380+00:00,10.02,1428,19,4,telegram
eghtesadonline,354059,75241,economy,2026-08-01T19:11:03+00:00,20,2026-08-01T19:31:33.660324+00:00,20.38,2296,29,4,telegram
eghtesadonline,354059,75241,economy,2026-08-01T19:11:03+00:00,30,2026-08-01T19:42:10.475633+00:00,30.99,3219,31,4,telegram
eghtesadonline,354059,75241,economy,2026-08-01T19:11:03+00:00,1440,2026-08-02T19:41:21.439607+00:00,1469.7,8272,46,8,telegram
eghtesadonline,354060,75241,economy,2026-08-01T19:11:03+00:00,5,2026-08-01T19:17:18.455281+00:00,6.13,936,0,4,telegram
eghtesadonline,354060,75241,economy,2026-08-01T19:11:03+00:00,10,2026-08-01T19:21:11.841349+00:00,10.02,1368,0,4,telegram
eghtesadonline,354060,75241,economy,2026-08-01T19:11:03+00:00,20,2026-08-01T19:31:33.660303+00:00,20.38,2268,0,4,telegram
eghtesadonline,354060,75241,economy,2026-08-01T19:11:03+00:00,30,2026-08-01T19:42:10.475537+00:00,30.99,3191,0,4,telegram
eghtesadonline,354060,75241,economy,2026-08-01T19:11:03+00:00,1440,2026-08-02T19:41:20.038548+00:00,1469.7,8893,0,8,telegram
eghtesadonline,354061,75241,economy,2026-08-01T19:11:03+00:00,5,2026-08-01T19:17:18.454757+00:00,6.13,936,0,4,telegram
eghtesadonline,354061,75241,economy,2026-08-01T19:11:03+00:00,10,2026-08-01T19:21:11.841216+00:00,10.02,1491,0,4,telegram
eghtesadonline,354061,75241,economy,2026-08-01T19:11:03+00:00,20,2026-08-01T19:31:33.660219+00:00,20.38,2266,0,4,telegram
eghtesadonline,354061,75241,economy,2026-08-01T19:11:03+00:00,30,2026-08-01T19:42:10.475513+00:00,30.99,3191,0,4,telegram
eghtesadonline,354061,75241,economy,2026-08-01T19:11:03+00:00,1440,2026-08-02T19:41:18.032536+00:00,1469.7,8645,0,8,telegram
akharinkhabar,623726,1943342,general_news,2026-08-01T19:11:43+00:00,5,2026-08-01T19:17:24.268120+00:00,5.46,4087,0,0,telegram
akharinkhabar,623726,1943342,general_news,2026-08-01T19:11:43+00:00,10,2026-08-01T19:22:35.239518+00:00,10.65,6151,0,0,telegram
akharinkhabar,623726,1943342,general_news,2026-08-01T19:11:43+00:00,20,2026-08-01T19:33:02.135668+00:00,21.06,13269,0,0,telegram
akharinkhabar,623726,1943342,general_news,2026-08-01T19:11:43+00:00,30,2026-08-01T19:42:16.454459+00:00,30.32,16346,0,0,telegram
akharinkhabar,623726,1943342,general_news,2026-08-01T19:11:43+00:00,1440,2026-08-02T19:41:22.891805+00:00,1469.03,52280,0,2,telegram
tweetychannel,409368,775496,social_entertainment,2026-08-01T19:13:37+00:00,5,2026-08-01T19:19:58.134258+00:00,6.15,5072,165,34,telegram
tweetychannel,409368,775496,social_entertainment,2026-08-01T19:13:37+00:00,10,2026-08-01T19:23:51.323063+00:00,10.04,7100,194,34,telegram
tweetychannel,409368,775496,social_entertainment,2026-08-01T19:13:37+00:00,20,2026-08-01T19:34:20.031927+00:00,20.49,10152,255,34,telegram
tweetychannel,409368,775496,social_entertainment,2026-08-01T19:13:37+00:00,30,2026-08-01T19:44:51.209943+00:00,31.03,11171,284,34,telegram
tweetychannel,409368,775496,social_entertainment,2026-08-01T19:13:37+00:00,1440,2026-08-02T19:41:24.466324+00:00,1467.13,21645,441,67,telegram
farsna,453926,1816267,general_news,2026-08-01T19:14:57+00:00,5,2026-08-01T19:21:20.590833+00:00,6.12,1700,0,2,telegram
farsna,453926,1816267,general_news,2026-08-01T19:14:57+00:00,10,2026-08-01T19:26:31.154277+00:00,11.29,2690,0,13,telegram
farsna,453926,1816267,general_news,2026-08-01T19:14:57+00:00,20,2026-08-01T19:35:44.702195+00:00,20.48,4673,0,14,telegram
farsna,453926,1816267,general_news,2026-08-01T19:14:57+00:00,30,2026-08-01T19:46:14.586791+00:00,31.01,6586,0,15,telegram
farsna,453926,1816267,general_news,2026-08-01T19:14:57+00:00,1440,2026-08-02T19:41:27.217684+00:00,1465.8,17003,0,28,telegram
footballiapp,493027,49780,sport,2026-08-01T19:15:04+00:00,5,2026-08-01T19:21:08.895833+00:00,6.0,278,7,5,telegram
footballiapp,493027,49780,sport,2026-08-01T19:15:04+00:00,10,2026-08-01T19:26:19.708480+00:00,11.18,433,8,6,telegram
footballiapp,493027,49780,sport,2026-08-01T19:15:04+00:00,20,2026-08-01T19:35:31.111555+00:00,20.37,617,10,8,telegram
footballiapp,493027,49780,sport,2026-08-01T19:15:04+00:00,30,2026-08-01T19:46:02.431319+00:00,30.89,771,10,11,telegram
footballiapp,493027,49780,sport,2026-08-01T19:15:04+00:00,1440,2026-08-02T19:41:25.850580+00:00,1465.68,1611,21,16,telegram
tweetychannel,409369,775496,social_entertainment,2026-08-01T19:17:01+00:00,5,2026-08-01T19:22:33.800128+00:00,5.35,4066,54,0,telegram
tweetychannel,409369,775496,social_entertainment,2026-08-01T19:17:01+00:00,10,2026-08-01T19:27:44.210416+00:00,10.52,7113,75,0,telegram
tweetychannel,409369,775496,social_entertainment,2026-08-01T19:17:01+00:00,20,2026-08-01T19:38:19.149998+00:00,21.09,10158,104,0,telegram
tweetychannel,409369,775496,social_entertainment,2026-08-01T19:17:01+00:00,30,2026-08-01T19:47:28.093392+00:00,30.25,11171,115,0,telegram
tweetychannel,409369,775496,social_entertainment,2026-08-01T19:17:01+00:00,1440,2026-08-02T19:41:28.578163+00:00,1463.73,21007,180,2,telegram
khabarfouri,555734,4823154,general_news,2026-08-01T19:17:27+00:00,5,2026-08-01T19:23:42.702629+00:00,6.21,5081,0,0,telegram
khabarfouri,555734,4823154,general_news,2026-08-01T19:17:27+00:00,10,2026-08-01T19:27:35.483309+00:00,10.09,9153,0,0,telegram
khabarfouri,555734,4823154,general_news,2026-08-01T19:17:27+00:00,20,2026-08-01T19:38:10.100511+00:00,20.66,13230,0,0,telegram
khabarfouri,555734,4823154,general_news,2026-08-01T19:17:27+00:00,30,2026-08-01T19:48:38.677547+00:00,31.12,17289,0,0,telegram
khabarfouri,555734,4823154,general_news,2026-08-01T19:17:27+00:00,1440,2026-08-02T19:41:30.080310+00:00,1463.3,54473,0,0,telegram
tweetychannel,409370,775496,social_entertainment,2026-08-01T19:17:36+00:00,5,2026-08-01T19:23:51.323014+00:00,6.06,5085,90,0,telegram
tweetychannel,409370,775496,social_entertainment,2026-08-01T19:17:36+00:00,10,2026-08-01T19:29:01.893297+00:00,11.23,7126,119,0,telegram
tweetychannel,409370,775496,social_entertainment,2026-08-01T19:17:36+00:00,20,2026-08-01T19:38:19.149986+00:00,20.51,10169,150,0,telegram
tweetychannel,409370,775496,social_entertainment,2026-08-01T19:17:36+00:00,30,2026-08-01T19:48:49.297093+00:00,30.97,11187,160,0,telegram
tweetychannel,409370,775496,social_entertainment,2026-08-01T19:17:36+00:00,1440,2026-08-02T19:41:38.428894+00:00,1463.15,21858,221,36,telegram
tweetychannel,409371,775496,social_entertainment,2026-08-01T19:17:36+00:00,5,2026-08-01T19:23:51.322989+00:00,6.06,4083,0,0,telegram
tweetychannel,409371,775496,social_entertainment,2026-08-01T19:17:36+00:00,10,2026-08-01T19:29:01.893281+00:00,11.23,7125,0,0,telegram
tweetychannel,409371,775496,social_entertainment,2026-08-01T19:17:36+00:00,20,2026-08-01T19:38:19.149941+00:00,20.51,10169,0,0,telegram
tweetychannel,409371,775496,social_entertainment,2026-08-01T19:17:36+00:00,30,2026-08-01T19:48:49.297046+00:00,30.97,11186,0,0,telegram
tweetychannel,409371,775496,social_entertainment,2026-08-01T19:17:36+00:00,1440,2026-08-02T19:41:37.023826+00:00,1463.15,22260,0,36,telegram
tweetychannel,409372,775496,social_entertainment,2026-08-01T19:17:36+00:00,5,2026-08-01T19:23:51.322891+00:00,6.06,4077,0,0,telegram
tweetychannel,409372,775496,social_entertainment,2026-08-01T19:17:36+00:00,10,2026-08-01T19:29:01.893266+00:00,11.23,7129,0,0,telegram
tweetychannel,409372,775496,social_entertainment,2026-08-01T19:17:36+00:00,20,2026-08-01T19:38:19.149925+00:00,20.51,10174,0,0,telegram
tweetychannel,409372,775496,social_entertainment,2026-08-01T19:17:36+00:00,30,2026-08-01T19:48:49.297004+00:00,30.97,11192,0,0,telegram
tweetychannel,409372,775496,social_entertainment,2026-08-01T19:17:36+00:00,1440,2026-08-02T19:41:35.617082+00:00,1463.15,22383,0,36,telegram
tweetychannel,409373,775496,social_entertainment,2026-08-01T19:17:36+00:00,5,2026-08-01T19:23:51.322862+00:00,6.06,4076,0,0,telegram
tweetychannel,409373,775496,social_entertainment,2026-08-01T19:17:36+00:00,10,2026-08-01T19:29:01.893253+00:00,11.23,7129,0,0,telegram
tweetychannel,409373,775496,social_entertainment,2026-08-01T19:17:36+00:00,20,2026-08-01T19:38:19.149914+00:00,20.51,10174,0,0,telegram
tweetychannel,409373,775496,social_entertainment,2026-08-01T19:17:36+00:00,30,2026-08-01T19:48:49.296989+00:00,30.97,12195,0,0,telegram
tweetychannel,409373,775496,social_entertainment,2026-08-01T19:17:36+00:00,1440,2026-08-02T19:41:34.243756+00:00,1463.15,22204,0,36,telegram
tweetychannel,409374,775496,social_entertainment,2026-08-01T19:17:36+00:00,5,2026-08-01T19:23:51.322716+00:00,6.06,5086,0,0,telegram
tweetychannel,409374,775496,social_entertainment,2026-08-01T19:17:36+00:00,10,2026-08-01T19:29:01.893239+00:00,11.23,7129,0,0,telegram
tweetychannel,409374,775496,social_entertainment,2026-08-01T19:17:36+00:00,20,2026-08-01T19:38:19.149904+00:00,20.51,10178,0,0,telegram
tweetychannel,409374,775496,social_entertainment,2026-08-01T19:17:36+00:00,30,2026-08-01T19:48:49.296974+00:00,30.97,12198,0,0,telegram
tweetychannel,409374,775496,social_entertainment,2026-08-01T19:17:36+00:00,1440,2026-08-02T19:41:32.854814+00:00,1463.15,24067,0,36,telegram
tweetychannel,409375,775496,social_entertainment,2026-08-01T19:17:36+00:00,5,2026-08-01T19:23:51.322587+00:00,6.06,4076,0,0,telegram
tweetychannel,409375,775496,social_entertainment,2026-08-01T19:17:36+00:00,10,2026-08-01T19:29:01.893215+00:00,11.23,7131,0,0,telegram
tweetychannel,409375,775496,social_entertainment,2026-08-01T19:17:36+00:00,20,2026-08-01T19:38:19.149887+00:00,20.51,10178,0,0,telegram
tweetychannel,409375,775496,social_entertainment,2026-08-01T19:17:36+00:00,30,2026-08-01T19:48:49.296958+00:00,30.97,12196,0,0,telegram
tweetychannel,409375,775496,social_entertainment,2026-08-01T19:17:36+00:00,1440,2026-08-02T19:41:31.469325+00:00,1463.15,23925,0,36,telegram
eghtesadonline,354062,75241,economy,2026-08-01T19:19:26+00:00,5,2026-08-01T19:25:04.671182+00:00,5.52,1181,14,9,telegram
eghtesadonline,354062,75241,economy,2026-08-01T19:19:26+00:00,10,2026-08-01T19:30:15.487982+00:00,10.69,1493,21,9,telegram
eghtesadonline,354062,75241,economy,2026-08-01T19:19:26+00:00,20,2026-08-01T19:40:51.985511+00:00,21.3,2723,29,9,telegram
eghtesadonline,354062,75241,economy,2026-08-01T19:19:26+00:00,30,2026-08-01T19:50:03.834595+00:00,30.49,3344,33,9,telegram
eghtesadonline,354062,75241,economy,2026-08-01T19:19:26+00:00,1440,2026-08-02T19:41:39.799948+00:00,1461.31,9450,70,17,telegram
footballiapp,493028,49780,sport,2026-08-01T19:20:04+00:00,5,2026-08-01T19:26:19.707693+00:00,6.18,279,3,3,telegram
footballiapp,493028,49780,sport,2026-08-01T19:20:04+00:00,10,2026-08-01T19:30:12.504547+00:00,10.06,370,3,6,telegram
footballiapp,493028,49780,sport,2026-08-01T19:20:04+00:00,20,2026-08-01T19:40:48.838562+00:00,20.66,583,6,8,telegram
footballiapp,493028,49780,sport,2026-08-01T19:20:04+00:00,30,2026-08-01T19:51:19.374735+00:00,31.17,707,6,10,telegram
footballiapp,493028,49780,sport,2026-08-01T19:20:04+00:00,1440,2026-08-02T19:41:41.271224+00:00,1460.68,1709,12,14,telegram
eghtesadonline,354063,75241,economy,2026-08-01T19:20:25+00:00,5,2026-08-01T19:26:22.631139+00:00,5.83,1001,4,3,telegram
eghtesadonline,354063,75241,economy,2026-08-01T19:20:25+00:00,10,2026-08-01T19:31:33.660096+00:00,11.01,1611,8,3,telegram
eghtesadonline,354063,75241,economy,2026-08-01T19:20:25+00:00,20,2026-08-01T19:40:51.985388+00:00,20.31,2540,10,3,telegram
eghtesadonline,354063,75241,economy,2026-08-01T19:20:25+00:00,30,2026-08-01T19:51:22.426099+00:00,30.82,3464,15,3,telegram
eghtesadonline,354063,75241,economy,2026-08-01T19:20:25+00:00,1440,2026-08-02T19:41:42.710498+00:00,1460.33,8405,23,3,telegram
tweetychannel,409376,775496,social_entertainment,2026-08-01T19:22:33+00:00,5,2026-08-01T19:29:01.892771+00:00,6.28,5093,122,102,telegram
tweetychannel,409376,775496,social_entertainment,2026-08-01T19:22:33+00:00,10,2026-08-01T19:33:00.547401+00:00,10.22,7129,149,136,telegram
tweetychannel,409376,775496,social_entertainment,2026-08-01T19:22:33+00:00,20,2026-08-01T19:43:33.128444+00:00,20.79,10164,161,136,telegram
tweetychannel,409376,775496,social_entertainment,2026-08-01T19:22:33+00:00,30,2026-08-01T19:54:03.265010+00:00,31.3,12188,169,136,telegram
tweetychannel,409376,775496,social_entertainment,2026-08-01T19:22:33+00:00,1440,2026-08-02T19:41:44.066065+00:00,1458.2,23458,228,181,telegram
akharinkhabar,623727,1943342,general_news,2026-08-01T19:22:56+00:00,5,2026-08-01T19:29:03.345128+00:00,5.9,4097,0,0,telegram
akharinkhabar,623727,1943342,general_news,2026-08-01T19:22:56+00:00,10,2026-08-01T19:34:21.640629+00:00,11.17,9185,0,0,telegram
akharinkhabar,623727,1943342,general_news,2026-08-01T19:22:56+00:00,20,2026-08-01T19:43:34.655239+00:00,20.41,13292,0,0,telegram
akharinkhabar,623727,1943342,general_news,2026-08-01T19:22:56+00:00,30,2026-08-01T19:54:04.743317+00:00,30.92,17369,0,0,telegram
akharinkhabar,623727,1943342,general_news,2026-08-01T19:22:56+00:00,1440,2026-08-02T19:41:46.776867+00:00,1457.81,52379,0,20,telegram
akharinkhabar,623728,1943342,general_news,2026-08-01T19:22:56+00:00,5,2026-08-01T19:29:03.345050+00:00,5.9,4095,0,0,telegram
akharinkhabar,623728,1943342,general_news,2026-08-01T19:22:56+00:00,10,2026-08-01T19:34:21.640615+00:00,11.17,8178,0,0,telegram
akharinkhabar,623728,1943342,general_news,2026-08-01T19:22:56+00:00,20,2026-08-01T19:43:34.654721+00:00,20.41,13290,0,0,telegram
akharinkhabar,623728,1943342,general_news,2026-08-01T19:22:56+00:00,30,2026-08-01T19:54:04.742722+00:00,30.92,17367,0,0,telegram
akharinkhabar,623728,1943342,general_news,2026-08-01T19:22:56+00:00,1440,2026-08-02T19:41:45.420533+00:00,1457.81,50411,0,20,telegram
khabarfouri,555735,4823154,general_news,2026-08-01T19:24:26+00:00,5,2026-08-01T19:30:10.816703+00:00,5.69,5104,0,1,telegram
khabarfouri,555735,4823154,general_news,2026-08-01T19:24:26+00:00,10,2026-08-01T19:35:29.560327+00:00,11.0,9156,0,1,telegram
khabarfouri,555735,4823154,general_news,2026-08-01T19:24:26+00:00,20,2026-08-01T19:44:42.176160+00:00,20.21,12215,0,1,telegram
khabarfouri,555735,4823154,general_news,2026-08-01T19:24:26+00:00,30,2026-08-01T19:55:12.116435+00:00,30.71,16265,0,1,telegram
khabarfouri,555735,4823154,general_news,2026-08-01T19:24:26+00:00,1440,2026-08-02T19:41:48.123296+00:00,1456.31,50654,0,1,telegram
footballiapp,493029,49780,sport,2026-08-01T19:25:07+00:00,5,2026-08-01T19:30:12.504092+00:00,5.01,187,0,6,telegram
footballiapp,493029,49780,sport,2026-08-01T19:25:07+00:00,10,2026-08-01T19:35:31.110228+00:00,10.32,309,1,7,telegram
footballiapp,493029,49780,sport,2026-08-01T19:25:07+00:00,20,2026-08-01T19:46:02.430178+00:00,20.84,553,1,10,telegram
footballiapp,493029,49780,sport,2026-08-01T19:25:07+00:00,30,2026-08-01T19:55:13.677345+00:00,30.03,646,1,12,telegram
footballiapp,493029,49780,sport,2026-08-01T19:25:07+00:00,1440,2026-08-02T19:41:49.519056+00:00,1455.63,1628,8,15,telegram
tweetychannel,409377,775496,social_entertainment,2026-08-01T19:26:48+00:00,5,2026-08-01T19:33:00.546776+00:00,5.97,4088,146,69,telegram
tweetychannel,409377,775496,social_entertainment,2026-08-01T19:26:48+00:00,10,2026-08-01T19:38:19.149862+00:00,11.31,6114,180,69,telegram
tweetychannel,409377,775496,social_entertainment,2026-08-01T19:26:48+00:00,20,2026-08-01T19:47:28.093270+00:00,20.46,8138,202,69,telegram
tweetychannel,409377,775496,social_entertainment,2026-08-01T19:26:48+00:00,30,2026-08-01T19:57:57.247801+00:00,30.95,10166,233,69,telegram
tweetychannel,409377,775496,social_entertainment,2026-08-01T19:26:48+00:00,1440,2026-08-02T19:41:50.888890+00:00,1453.95,21431,405,123,telegram
farsna,453927,1816267,general_news,2026-08-01T19:27:04+00:00,5,2026-08-01T19:33:05.209381+00:00,5.71,2022,0,11,telegram
farsna,453927,1816267,general_news,2026-08-01T19:27:04+00:00,10,2026-08-01T19:38:23.702345+00:00,11.04,3330,0,11,telegram
farsna,453927,1816267,general_news,2026-08-01T19:27:04+00:00,20,2026-08-01T19:47:32.701468+00:00,20.2,4970,0,12,telegram
farsna,453927,1816267,general_news,2026-08-01T19:27:04+00:00,30,2026-08-01T19:58:01.668138+00:00,30.69,6301,0,12,telegram
farsna,453927,1816267,general_news,2026-08-01T19:27:04+00:00,1440,2026-08-02T19:41:52.261014+00:00,1453.68,16174,0,13,telegram
khabarfouri,555736,4823154,general_news,2026-08-01T19:27:47+00:00,5,2026-08-01T19:34:10.041253+00:00,6.32,5099,0,1,telegram
khabarfouri,555736,4823154,general_news,2026-08-01T19:27:47+00:00,10,2026-08-01T19:38:10.100484+00:00,10.33,8137,0,1,telegram
khabarfouri,555736,4823154,general_news,2026-08-01T19:27:47+00:00,20,2026-08-01T19:48:38.677511+00:00,20.78,14211,0,1,telegram
khabarfouri,555736,4823154,general_news,2026-08-01T19:27:47+00:00,30,2026-08-01T19:59:06.162677+00:00,31.26,16254,0,1,telegram
khabarfouri,555736,4823154,general_news,2026-08-01T19:27:47+00:00,1440,2026-08-02T19:41:55.035118+00:00,1452.96,51220,0,1,telegram
varzesh3,298676,1296635,sport,2026-08-01T19:28:27+00:00,5,2026-08-01T19:34:13.323206+00:00,5.66,13390,0,105,telegram
varzesh3,298676,1296635,sport,2026-08-01T19:28:27+00:00,10,2026-08-01T19:39:31.848279+00:00,10.97,20621,0,141,telegram
varzesh3,298676,1296635,sport,2026-08-01T19:28:27+00:00,20,2026-08-01T19:48:43.067856+00:00,20.12,32029,0,210,telegram
varzesh3,298676,1296635,sport,2026-08-01T19:28:27+00:00,30,2026-08-01T19:59:09.226408+00:00,30.6,47399,0,314,telegram
varzesh3,298676,1296635,sport,2026-08-01T19:28:27+00:00,1440,2026-08-02T19:41:56.633325+00:00,1452.3,211829,0,1030,telegram
akharinkhabar,623729,1943342,general_news,2026-08-01T19:28:31+00:00,5,2026-08-01T19:34:21.640553+00:00,5.59,4112,0,0,telegram
akharinkhabar,623729,1943342,general_news,2026-08-01T19:28:31+00:00,10,2026-08-01T19:39:39.474375+00:00,10.9,8190,0,0,telegram
akharinkhabar,623729,1943342,general_news,2026-08-01T19:28:31+00:00,20,2026-08-01T19:48:50.895573+00:00,20.05,12287,0,34,telegram
akharinkhabar,623729,1943342,general_news,2026-08-01T19:28:31+00:00,30,2026-08-01T19:59:16.683422+00:00,30.53,17377,0,34,telegram
akharinkhabar,623729,1943342,general_news,2026-08-01T19:28:31+00:00,1440,2026-08-02T19:41:57.983733+00:00,1452.23,51159,0,98,telegram
khabarfouri,555737,4823154,general_news,2026-08-01T19:28:44+00:00,5,2026-08-01T19:34:10.041195+00:00,5.37,4082,0,0,telegram
khabarfouri,555737,4823154,general_news,2026-08-01T19:28:44+00:00,10,2026-08-01T19:39:28.547026+00:00,10.68,7133,0,0,telegram
khabarfouri,555737,4823154,general_news,2026-08-01T19:28:44+00:00,20,2026-08-01T19:49:59.121200+00:00,21.19,13216,0,0,telegram
khabarfouri,555737,4823154,general_news,2026-08-01T19:28:44+00:00,30,2026-08-01T19:59:06.161780+00:00,30.31,16259,0,0,telegram
khabarfouri,555737,4823154,general_news,2026-08-01T19:28:44+00:00,1440,2026-08-02T19:41:53.604483+00:00,1452.01,51278,0,15,telegram
farsna,453928,1816267,general_news,2026-08-01T19:28:57+00:00,5,2026-08-01T19:34:24.804155+00:00,5.16,1688,0,10,telegram
farsna,453928,1816267,general_news,2026-08-01T19:28:57+00:00,10,2026-08-01T19:39:42.544437+00:00,10.47,3326,0,11,telegram
farsna,453928,1816267,general_news,2026-08-01T19:28:57+00:00,20,2026-08-01T19:50:12.993100+00:00,20.97,5285,0,12,telegram
farsna,453928,1816267,general_news,2026-08-01T19:28:57+00:00,30,2026-08-01T19:59:19.674698+00:00,30.1,6621,0,22,telegram
farsna,453928,1816267,general_news,2026-08-01T19:28:57+00:00,1440,2026-08-02T19:42:02.154446+00:00,1451.8,19932,0,43,telegram
tweetychannel,409378,775496,social_entertainment,2026-08-01T19:29:10+00:00,5,2026-08-01T19:35:38.810228+00:00,6.27,4081,94,71,telegram
tweetychannel,409378,775496,social_entertainment,2026-08-01T19:29:10+00:00,10,2026-08-01T19:39:37.764365+00:00,10.25,5098,113,105,telegram
tweetychannel,409378,775496,social_entertainment,2026-08-01T19:29:10+00:00,20,2026-08-01T19:50:08.442253+00:00,20.76,8127,155,107,telegram
tweetychannel,409378,775496,social_entertainment,2026-08-01T19:29:10+00:00,30,2026-08-01T20:00:33.335692+00:00,31.18,10157,184,141,telegram
tweetychannel,409378,775496,social_entertainment,2026-08-01T19:29:10+00:00,1440,2026-08-02T19:42:00.763951+00:00,1451.58,21795,374,205,telegram
persiantwix,9526,1049188,entertainment,2026-08-01T19:30:00+00:00,5,2026-08-01T19:35:37.320238+00:00,5.43,3685,369,118,telegram
persiantwix,9526,1049188,entertainment,2026-08-01T19:30:00+00:00,10,2026-08-01T19:40:55.005493+00:00,10.73,5216,527,168,telegram
persiantwix,9526,1049188,entertainment,2026-08-01T19:30:00+00:00,20,2026-08-01T19:51:25.428623+00:00,21.24,7354,741,239,telegram
persiantwix,9526,1049188,entertainment,2026-08-01T19:30:00+00:00,30,2026-08-01T20:00:31.836275+00:00,30.35,8578,875,279,telegram
persiantwix,9526,1049188,entertainment,2026-08-01T19:30:00+00:00,1440,2026-08-02T19:41:59.356136+00:00,1450.75,41429,2986,878,telegram
tweetychannel,409379,775496,social_entertainment,2026-08-01T19:31:00+00:00,5,2026-08-01T19:37:00.452051+00:00,5.77,4068,49,0,telegram
tweetychannel,409379,775496,social_entertainment,2026-08-01T19:31:00+00:00,10,2026-08-01T19:42:14.972884+00:00,11.04,5089,68,0,telegram
tweetychannel,409379,775496,social_entertainment,2026-08-01T19:31:00+00:00,20,2026-08-01T19:51:26.923026+00:00,20.24,7111,84,0,telegram
tweetychannel,409379,775496,social_entertainment,2026-08-01T19:31:00+00:00,30,2026-08-01T20:01:51.111872+00:00,30.65,9140,95,0,telegram
tweetychannel,409379,775496,social_entertainment,2026-08-01T19:31:00+00:00,1440,2026-08-02T19:42:04.871080+00:00,1449.75,20187,152,17,telegram
farsna,453929,1816267,general_news,2026-08-01T19:31:04+00:00,5,2026-08-01T19:37:05.309659+00:00,5.7,1379,0,0,telegram
farsna,453929,1816267,general_news,2026-08-01T19:31:04+00:00,10,2026-08-01T19:42:19.381553+00:00,10.97,3326,0,0,telegram
farsna,453929,1816267,general_news,2026-08-01T19:31:04+00:00,20,2026-08-01T19:51:31.396092+00:00,20.17,5277,0,1,telegram
farsna,453929,1816267,general_news,2026-08-01T19:31:04+00:00,30,2026-08-01T20:01:55.654062+00:00,30.58,7260,0,1,telegram
farsna,453929,1816267,general_news,2026-08-01T19:31:04+00:00,1440,2026-08-02T19:42:06.326280+00:00,1449.68,20605,0,11,telegram
eghtesadonline,354064,75241,economy,2026-08-01T19:31:17+00:00,5,2026-08-01T19:36:55.656763+00:00,5.48,921,5,0,telegram
eghtesadonline,354064,75241,economy,2026-08-01T19:31:17+00:00,10,2026-08-01T19:42:10.473432+00:00,10.75,1545,14,0,telegram
eghtesadonline,354064,75241,economy,2026-08-01T19:31:17+00:00,20,2026-08-01T19:52:40.870219+00:00,21.26,2478,25,1,telegram
eghtesadonline,354064,75241,economy,2026-08-01T19:31:17+00:00,30,2026-08-01T20:01:46.648748+00:00,30.36,3302,32,1,telegram
eghtesadonline,354064,75241,economy,2026-08-01T19:31:17+00:00,1440,2026-08-02T19:42:03.502313+00:00,1449.46,8475,52,3,telegram
tweetfrsi,21573,664291,entertainment,2026-08-01T19:31:30+00:00,5,2026-08-01T19:36:57.269807+00:00,5.27,1158,34,19,telegram
tweetfrsi,21573,664291,entertainment,2026-08-01T19:31:30+00:00,10,2026-08-01T19:42:12.014469+00:00,10.54,1829,45,30,telegram
tweetfrsi,21573,664291,entertainment,2026-08-01T19:31:30+00:00,20,2026-08-01T19:52:42.385538+00:00,21.04,2653,65,45,telegram
tweetfrsi,21573,664291,entertainment,2026-08-01T19:31:30+00:00,30,2026-08-01T20:01:48.125441+00:00,30.15,3723,93,58,telegram
tweetfrsi,21573,664291,entertainment,2026-08-01T19:31:30+00:00,1440,2026-08-02T19:42:07.855107+00:00,1449.25,22390,297,151,telegram
tweetychannel,409380,775496,social_entertainment,2026-08-01T19:32:40+00:00,5,2026-08-01T19:38:19.149829+00:00,5.44,3043,18,0,telegram
tweetychannel,409380,775496,social_entertainment,2026-08-01T19:32:40+00:00,10,2026-08-01T19:43:33.128379+00:00,10.68,5067,26,0,telegram
tweetychannel,409380,775496,social_entertainment,2026-08-01T19:32:40+00:00,20,2026-08-01T19:54:03.264978+00:00,21.18,7096,37,0,telegram
tweetychannel,409380,775496,social_entertainment,2026-08-01T19:32:40+00:00,30,2026-08-01T20:03:09.106335+00:00,30.28,9128,44,0,telegram
tweetychannel,409380,775496,social_entertainment,2026-08-01T19:32:40+00:00,1440,2026-08-02T19:42:09.223818+00:00,1448.08,20532,83,50,telegram
tweetychannel,409381,775496,social_entertainment,2026-08-01T19:32:57+00:00,5,2026-08-01T19:38:19.149816+00:00,5.16,3042,33,0,telegram
tweetychannel,409381,775496,social_entertainment,2026-08-01T19:32:57+00:00,10,2026-08-01T19:43:33.128354+00:00,10.39,5072,57,2,telegram
tweetychannel,409381,775496,social_entertainment,2026-08-01T19:32:57+00:00,20,2026-08-01T19:54:03.264962+00:00,20.9,8107,80,36,telegram
tweetychannel,409381,775496,social_entertainment,2026-08-01T19:32:57+00:00,30,2026-08-01T20:04:28.268725+00:00,31.3,10134,92,36,telegram
tweetychannel,409381,775496,social_entertainment,2026-08-01T19:32:57+00:00,1440,2026-08-02T19:42:17.549418+00:00,1447.8,19467,163,36,telegram
tweetychannel,409382,775496,social_entertainment,2026-08-01T19:33:01+00:00,5,2026-08-01T19:38:19.149779+00:00,5.09,3041,3,0,telegram
tweetychannel,409382,775496,social_entertainment,2026-08-01T19:33:01+00:00,10,2026-08-01T19:43:33.128325+00:00,10.33,4061,4,1,telegram
tweetychannel,409382,775496,social_entertainment,2026-08-01T19:33:01+00:00,20,2026-08-01T19:54:03.264942+00:00,20.83,7091,7,1,telegram
tweetychannel,409382,775496,social_entertainment,2026-08-01T19:33:01+00:00,30,2026-08-01T20:04:28.268615+00:00,31.23,9120,7,1,telegram
tweetychannel,409383,775496,social_entertainment,2026-08-01T19:33:01+00:00,5,2026-08-01T19:38:19.149610+00:00,5.09,3041,0,0,telegram
tweetychannel,409383,775496,social_entertainment,2026-08-01T19:33:01+00:00,10,2026-08-01T19:43:33.128297+00:00,10.33,5061,0,0,telegram
tweetychannel,409383,775496,social_entertainment,2026-08-01T19:33:01+00:00,20,2026-08-01T19:54:03.264654+00:00,20.83,7092,0,1,telegram
tweetychannel,409383,775496,social_entertainment,2026-08-01T19:33:01+00:00,30,2026-08-01T20:04:28.268586+00:00,31.23,9120,0,1,telegram
tweetychannel,409383,775496,social_entertainment,2026-08-01T19:33:01+00:00,1440,2026-08-02T19:42:14.736428+00:00,1447.73,16781,0,3,telegram
khabarfouri,555738,4823154,general_news,2026-08-01T19:33:05+00:00,5,2026-08-01T19:38:10.099397+00:00,5.03,4069,0,0,telegram
khabarfouri,555738,4823154,general_news,2026-08-01T19:33:05+00:00,10,2026-08-01T19:43:23.975928+00:00,10.26,6110,0,0,telegram
khabarfouri,555738,4823154,general_news,2026-08-01T19:33:05+00:00,20,2026-08-01T19:53:54.423239+00:00,20.77,13203,0,0,telegram
khabarfouri,555738,4823154,general_news,2026-08-01T19:33:05+00:00,30,2026-08-01T20:04:18.145097+00:00,31.16,16255,0,0,telegram
khabarfouri,555738,4823154,general_news,2026-08-01T19:33:05+00:00,1440,2026-08-02T19:42:10.583331+00:00,1447.66,52667,0,16,telegram
footballiapp,493030,49780,sport,2026-08-01T19:33:17+00:00,5,2026-08-01T19:39:30.061659+00:00,6.13,245,3,7,telegram
footballiapp,493030,49780,sport,2026-08-01T19:33:17+00:00,10,2026-08-01T19:43:25.528373+00:00,10.06,366,4,11,telegram
footballiapp,493030,49780,sport,2026-08-01T19:33:17+00:00,20,2026-08-01T19:53:55.973384+00:00,20.57,521,4,13,telegram
footballiapp,493030,49780,sport,2026-08-01T19:33:17+00:00,30,2026-08-01T20:04:19.697106+00:00,30.96,584,4,13,telegram
footballiapp,493030,49780,sport,2026-08-01T19:33:17+00:00,1440,2026-08-02T19:42:12.019290+00:00,1447.46,1505,12,19,telegram
akharinkhabar,623730,1943342,general_news,2026-08-01T19:34:04+00:00,5,2026-08-01T19:39:39.473962+00:00,5.35,4109,0,0,telegram
akharinkhabar,623730,1943342,general_news,2026-08-01T19:34:04+00:00,10,2026-08-01T19:44:53.220418+00:00,10.58,7186,0,0,telegram
akharinkhabar,623730,1943342,general_news,2026-08-01T19:34:04+00:00,20,2026-08-01T19:55:22.592773+00:00,21.08,13294,0,0,telegram
akharinkhabar,623730,1943342,general_news,2026-08-01T19:34:04+00:00,30,2026-08-01T20:04:29.809724+00:00,30.18,17384,0,0,telegram
akharinkhabar,623730,1943342,general_news,2026-08-01T19:34:04+00:00,1440,2026-08-02T19:42:18.918125+00:00,1446.68,50887,0,0,telegram
farsna,453930,1816267,general_news,2026-08-01T19:36:07+00:00,5,2026-08-01T19:42:19.381360+00:00,5.92,2289,0,12,telegram
farsna,453930,1816267,general_news,2026-08-01T19:36:07+00:00,10,2026-08-01T19:47:32.701112+00:00,11.15,3606,0,12,telegram
farsna,453930,1816267,general_news,2026-08-01T19:36:07+00:00,20,2026-08-01T19:56:43.891214+00:00,20.33,5575,0,12,telegram
farsna,453930,1816267,general_news,2026-08-01T19:36:07+00:00,30,2026-08-01T20:07:08.295324+00:00,30.74,7563,0,22,telegram
farsna,453930,1816267,general_news,2026-08-01T19:36:07+00:00,1440,2026-08-02T19:42:20.267842+00:00,1444.63,19383,0,23,telegram
tweetychannel,409386,775496,social_entertainment,2026-08-01T19:38:04+00:00,5,2026-08-01T19:43:33.128264+00:00,5.28,3043,29,0,telegram
tweetychannel,409386,775496,social_entertainment,2026-08-01T19:38:04+00:00,10,2026-08-01T19:48:49.296870+00:00,10.5,5070,45,0,telegram
tweetychannel,409386,775496,social_entertainment,2026-08-01T19:38:04+00:00,20,2026-08-01T19:59:15.147189+00:00,20.98,9134,61,0,telegram
tweetychannel,409386,775496,social_entertainment,2026-08-01T19:38:04+00:00,30,2026-08-01T20:08:21.501771+00:00,30.09,10162,71,0,telegram
tweetychannel,409386,775496,social_entertainment,2026-08-01T19:38:04+00:00,1440,2026-08-02T19:42:24.383737+00:00,1442.68,20224,141,51,telegram
tweetychannel,409387,775496,social_entertainment,2026-08-01T19:38:04+00:00,5,2026-08-01T19:43:33.128229+00:00,5.28,3043,0,0,telegram
tweetychannel,409387,775496,social_entertainment,2026-08-01T19:38:04+00:00,10,2026-08-01T19:48:49.296849+00:00,10.5,5071,0,0,telegram
tweetychannel,409387,775496,social_entertainment,2026-08-01T19:38:04+00:00,20,2026-08-01T19:59:15.147157+00:00,20.98,9132,0,0,telegram
tweetychannel,409387,775496,social_entertainment,2026-08-01T19:38:04+00:00,30,2026-08-01T20:08:21.501749+00:00,30.09,11164,0,0,telegram
tweetychannel,409387,775496,social_entertainment,2026-08-01T19:38:04+00:00,1440,2026-08-02T19:42:23.009005+00:00,1442.68,21940,0,51,telegram
tweetychannel,409388,775496,social_entertainment,2026-08-01T19:38:04+00:00,5,2026-08-01T19:43:33.127616+00:00,5.28,3043,0,0,telegram
tweetychannel,409388,775496,social_entertainment,2026-08-01T19:38:04+00:00,10,2026-08-01T19:48:49.296428+00:00,10.5,5069,0,0,telegram
tweetychannel,409388,775496,social_entertainment,2026-08-01T19:38:04+00:00,20,2026-08-01T19:59:15.146959+00:00,20.98,9138,0,0,telegram
tweetychannel,409388,775496,social_entertainment,2026-08-01T19:38:04+00:00,30,2026-08-01T20:08:21.501727+00:00,30.09,10162,0,0,telegram
tweetychannel,409388,775496,social_entertainment,2026-08-01T19:38:04+00:00,1440,2026-08-02T19:42:21.630814+00:00,1442.68,20454,0,51,telegram
eghtesadonline,354065,75241,economy,2026-08-01T19:40:01+00:00,5,2026-08-01T19:46:05.655188+00:00,5.94,935,12,0,telegram
eghtesadonline,354065,75241,economy,2026-08-01T19:40:01+00:00,10,2026-08-01T19:51:22.425492+00:00,11.22,1549,17,0,telegram
eghtesadonline,354065,75241,economy,2026-08-01T19:40:01+00:00,20,2026-08-01T20:00:28.874462+00:00,20.33,2515,23,1,telegram
eghtesadonline,354065,75241,economy,2026-08-01T19:40:01+00:00,30,2026-08-01T20:10:53.501810+00:00,30.73,3363,27,2,telegram
eghtesadonline,354065,75241,economy,2026-08-01T19:40:01+00:00,1440,2026-08-02T19:42:28.490331+00:00,1440.73,8432,42,12,telegram
footballiapp,493031,49780,sport,2026-08-01T19:40:06+00:00,5,2026-08-01T19:46:02.430154+00:00,5.86,216,3,7,telegram
footballiapp,493031,49780,sport,2026-08-01T19:40:06+00:00,10,2026-08-01T19:51:19.374695+00:00,11.14,308,3,9,telegram
footballiapp,493031,49780,sport,2026-08-01T19:40:06+00:00,20,2026-08-01T20:00:25.951364+00:00,20.25,401,3,10,telegram
footballiapp,493031,49780,sport,2026-08-01T19:40:06+00:00,30,2026-08-01T20:10:50.124222+00:00,30.65,522,4,10,telegram
footballiapp,493031,49780,sport,2026-08-01T19:40:06+00:00,1440,2026-08-02T19:42:27.121519+00:00,1440.65,1471,13,14,telegram
footballiapp,493032,49780,sport,2026-08-01T19:40:45+00:00,5,2026-08-01T19:46:02.429944+00:00,5.21,185,1,1,telegram
footballiapp,493032,49780,sport,2026-08-01T19:40:45+00:00,10,2026-08-01T19:51:19.374654+00:00,10.49,306,1,1,telegram
footballiapp,493032,49780,sport,2026-08-01T19:40:45+00:00,20,2026-08-01T20:01:43.663485+00:00,20.9,399,2,1,telegram
footballiapp,493032,49780,sport,2026-08-01T19:40:45+00:00,30,2026-08-01T20:12:08.605892+00:00,31.31,519,2,1,telegram
footballiapp,493032,49780,sport,2026-08-01T19:40:45+00:00,1440,2026-08-02T20:13:05.816516+00:00,1471.84,1256,5,1,telegram
akharinkhabar,623731,1943342,general_news,2026-08-01T19:41:01+00:00,5,2026-08-01T19:47:29.673712+00:00,6.25,5140,0,0,telegram
akharinkhabar,623731,1943342,general_news,2026-08-01T19:41:01+00:00,10,2026-08-01T19:51:28.455222+00:00,10.22,8189,0,0,telegram
akharinkhabar,623731,1943342,general_news,2026-08-01T19:41:01+00:00,20,2026-08-01T20:01:52.655328+00:00,20.63,14322,0,1,telegram
akharinkhabar,623731,1943342,general_news,2026-08-01T19:41:01+00:00,30,2026-08-01T20:12:17.887717+00:00,31.05,18406,0,1,telegram
akharinkhabar,623731,1943342,general_news,2026-08-01T19:41:01+00:00,1440,2026-08-02T20:13:08.812874+00:00,1471.58,57870,0,38,telegram
footballiapp,493033,49780,sport,2026-08-01T19:41:44+00:00,5,2026-08-01T19:47:20.597978+00:00,5.53,216,2,0,telegram
footballiapp,493033,49780,sport,2026-08-01T19:41:44+00:00,10,2026-08-01T19:52:37.834669+00:00,10.81,307,2,0,telegram
footballiapp,493033,49780,sport,2026-08-01T19:41:44+00:00,20,2026-08-01T20:03:01.857927+00:00,21.21,400,3,0,telegram
footballiapp,493033,49780,sport,2026-08-01T19:41:44+00:00,30,2026-08-01T20:12:08.605258+00:00,30.33,490,3,1,telegram
footballiapp,493033,49780,sport,2026-08-01T19:41:44+00:00,1440,2026-08-02T20:13:04.436127+00:00,1470.86,1305,7,4,telegram
tweetychannel,409389,775496,social_entertainment,2026-08-01T19:42:01+00:00,5,2026-08-01T19:47:28.092552+00:00,5.25,3046,101,0,telegram
tweetychannel,409389,775496,social_entertainment,2026-08-01T19:42:01+00:00,10,2026-08-01T19:52:45.272164+00:00,10.53,6081,140,34,telegram
tweetychannel,409389,775496,social_entertainment,2026-08-01T19:42:01+00:00,20,2026-08-01T20:03:09.105324+00:00,20.93,9140,186,35,telegram
tweetychannel,409389,775496,social_entertainment,2026-08-01T19:42:01+00:00,30,2026-08-01T20:12:16.334498+00:00,30.05,11163,219,35,telegram
tweetychannel,409389,775496,social_entertainment,2026-08-01T19:42:01+00:00,1440,2026-08-02T20:13:07.211004+00:00,1470.58,21593,349,62,telegram
khabarfouri,555739,4823154,general_news,2026-08-01T19:43:32+00:00,5,2026-08-01T19:48:38.676098+00:00,5.03,4090,0,0,telegram
khabarfouri,555739,4823154,general_news,2026-08-01T19:43:32+00:00,10,2026-08-01T19:53:54.422459+00:00,10.32,9152,0,0,telegram
khabarfouri,555739,4823154,general_news,2026-08-01T19:43:32+00:00,20,2026-08-01T20:04:18.144488+00:00,20.71,13228,0,0,telegram
khabarfouri,555739,4823154,general_news,2026-08-01T19:43:32+00:00,30,2026-08-01T20:14:43.656921+00:00,31.14,16271,0,0,telegram
khabarfouri,555739,4823154,general_news,2026-08-01T19:43:32+00:00,1440,2026-08-02T20:13:10.319435+00:00,1469.06,53196,0,11,telegram
footballiapp,493034,49780,sport,2026-08-01T19:44:01+00:00,5,2026-08-01T19:50:00.746752+00:00,5.91,184,0,2,telegram
footballiapp,493034,49780,sport,2026-08-01T19:44:01+00:00,10,2026-08-01T19:55:13.677279+00:00,11.13,275,0,2,telegram
footballiapp,493034,49780,sport,2026-08-01T19:44:01+00:00,20,2026-08-01T20:04:19.696972+00:00,20.23,368,0,2,telegram
footballiapp,493034,49780,sport,2026-08-01T19:44:01+00:00,30,2026-08-01T20:14:45.152923+00:00,30.66,490,0,2,telegram
footballiapp,493034,49780,sport,2026-08-01T19:44:01+00:00,1440,2026-08-02T20:13:11.699623+00:00,1468.58,1388,0,3,telegram
tweetychannel,409390,775496,social_entertainment,2026-08-01T19:44:32+00:00,5,2026-08-01T19:50:08.441636+00:00,5.39,3041,59,34,telegram
tweetychannel,409390,775496,social_entertainment,2026-08-01T19:44:32+00:00,10,2026-08-01T19:55:21.082194+00:00,10.61,6089,93,34,telegram
tweetychannel,409390,775496,social_entertainment,2026-08-01T19:44:32+00:00,20,2026-08-01T20:05:46.111482+00:00,21.03,10157,132,34,telegram
tweetychannel,409390,775496,social_entertainment,2026-08-01T19:44:32+00:00,30,2026-08-01T20:14:52.495416+00:00,30.14,11173,140,34,telegram
tweetychannel,409390,775496,social_entertainment,2026-08-01T19:44:32+00:00,1440,2026-08-02T20:13:13.062465+00:00,1468.06,23321,199,72,telegram
farsna,453931,1816267,general_news,2026-08-01T19:44:57+00:00,5,2026-08-01T19:51:31.395582+00:00,6.29,1668,0,1,telegram
farsna,453931,1816267,general_news,2026-08-01T19:44:57+00:00,10,2026-08-01T19:55:25.530112+00:00,10.2,2988,0,1,telegram
farsna,453931,1816267,general_news,2026-08-01T19:44:57+00:00,20,2026-08-01T20:05:50.470882+00:00,20.62,5314,0,1,telegram
farsna,453931,1816267,general_news,2026-08-01T19:44:57+00:00,30,2026-08-01T20:16:15.863878+00:00,31.02,7261,0,1,telegram
farsna,453931,1816267,general_news,2026-08-01T19:44:57+00:00,1440,2026-08-02T20:13:18.541802+00:00,1467.64,18542,0,11,telegram
footballiapp,493035,49780,sport,2026-08-01T19:45:02+00:00,5,2026-08-01T19:51:19.374610+00:00,6.2,211,0,1,telegram
footballiapp,493035,49780,sport,2026-08-01T19:45:02+00:00,10,2026-08-01T19:55:13.677255+00:00,10.11,243,0,1,telegram
footballiapp,493035,49780,sport,2026-08-01T19:45:02+00:00,20,2026-08-01T20:05:38.793071+00:00,20.53,396,0,1,telegram
footballiapp,493035,49780,sport,2026-08-01T19:45:02+00:00,30,2026-08-01T20:16:03.179818+00:00,30.93,517,0,1,telegram
footballiapp,493035,49780,sport,2026-08-01T19:45:02+00:00,1440,2026-08-02T20:13:17.133754+00:00,1467.56,1384,0,1,telegram
khabarfouri,555740,4823154,general_news,2026-08-01T19:45:44+00:00,5,2026-08-01T19:51:17.650905+00:00,5.5,6104,0,0,telegram
khabarfouri,555740,4823154,general_news,2026-08-01T19:45:44+00:00,10,2026-08-01T19:56:30.076284+00:00,10.71,9166,0,0,telegram
khabarfouri,555740,4823154,general_news,2026-08-01T19:45:44+00:00,20,2026-08-01T20:06:54.843703+00:00,21.13,14247,0,0,telegram
khabarfouri,555740,4823154,general_news,2026-08-01T19:45:44+00:00,30,2026-08-01T20:16:01.563257+00:00,30.23,17294,0,0,telegram
khabarfouri,555740,4823154,general_news,2026-08-01T19:45:44+00:00,1440,2026-08-02T20:13:14.433773+00:00,1466.86,52726,0,1,telegram
footballiapp,493036,49780,sport,2026-08-01T19:45:50+00:00,5,2026-08-01T19:51:19.374506+00:00,5.4,212,0,1,telegram
footballiapp,493036,49780,sport,2026-08-01T19:45:50+00:00,10,2026-08-01T19:56:31.613416+00:00,10.61,274,0,1,telegram
footballiapp,493036,49780,sport,2026-08-01T19:45:50+00:00,20,2026-08-01T20:06:56.348805+00:00,21.03,457,0,2,telegram
footballiapp,493036,49780,sport,2026-08-01T19:45:50+00:00,30,2026-08-01T20:16:03.179766+00:00,30.13,550,0,2,telegram
footballiapp,493036,49780,sport,2026-08-01T19:45:50+00:00,1440,2026-08-02T20:13:15.780563+00:00,1466.76,1470,0,3,telegram
footballiapp,493037,49780,sport,2026-08-01T19:46:21+00:00,5,2026-08-01T19:52:37.833900+00:00,6.19,215,0,2,telegram
footballiapp,493037,49780,sport,2026-08-01T19:46:21+00:00,10,2026-08-01T19:56:31.613191+00:00,10.1,246,0,2,telegram
footballiapp,493037,49780,sport,2026-08-01T19:46:21+00:00,20,2026-08-01T20:06:56.347572+00:00,20.51,489,0,3,telegram
footballiapp,493037,49780,sport,2026-08-01T19:46:21+00:00,30,2026-08-01T20:17:21.887659+00:00,30.93,613,0,3,telegram
footballiapp,493037,49780,sport,2026-08-01T19:46:21+00:00,1440,2026-08-02T20:13:20.005244+00:00,1466.24,1411,0,4,telegram
akharinkhabar,623732,1943342,general_news,2026-08-01T19:50:00+00:00,5,2026-08-01T19:55:22.592582+00:00,5.15,3093,0,0,telegram
akharinkhabar,623732,1943342,general_news,2026-08-01T19:50:00+00:00,10,2026-08-01T20:00:34.816636+00:00,10.35,8208,0,0,telegram
akharinkhabar,623732,1943342,general_news,2026-08-01T19:50:00+00:00,20,2026-08-01T20:10:59.406067+00:00,20.75,14322,0,0,telegram
akharinkhabar,623732,1943342,general_news,2026-08-01T19:50:00+00:00,30,2026-08-01T20:21:23.720496+00:00,31.17,18398,0,0,telegram
akharinkhabar,623732,1943342,general_news,2026-08-01T19:50:00+00:00,1440,2026-08-02T20:13:26.920413+00:00,1462.59,53998,0,1,telegram
footballiapp,493038,49780,sport,2026-08-01T19:50:02+00:00,5,2026-08-01T19:55:13.677213+00:00,5.11,126,0,1,telegram
footballiapp,493038,49780,sport,2026-08-01T19:50:02+00:00,10,2026-08-01T20:00:25.951295+00:00,10.31,278,0,1,telegram
footballiapp,493038,49780,sport,2026-08-01T19:50:02+00:00,20,2026-08-01T20:10:50.124189+00:00,20.71,490,1,2,telegram
footballiapp,493038,49780,sport,2026-08-01T19:50:02+00:00,30,2026-08-01T20:21:14.938630+00:00,31.13,645,2,2,telegram
footballiapp,493038,49780,sport,2026-08-01T19:50:02+00:00,1440,2026-08-02T20:13:24.208697+00:00,1462.56,1541,6,3,telegram
khabarfouri,555741,4823154,general_news,2026-08-01T19:50:04+00:00,5,2026-08-01T19:55:12.115689+00:00,5.08,3062,0,0,telegram
khabarfouri,555741,4823154,general_news,2026-08-01T19:50:04+00:00,10,2026-08-01T20:00:24.395684+00:00,10.28,8141,0,0,telegram
khabarfouri,555741,4823154,general_news,2026-08-01T19:50:04+00:00,20,2026-08-01T20:10:48.203979+00:00,20.68,13219,0,0,telegram
khabarfouri,555741,4823154,general_news,2026-08-01T19:50:04+00:00,30,2026-08-01T20:21:13.267541+00:00,31.1,16277,0,0,telegram
khabarfouri,555741,4823154,general_news,2026-08-01T19:50:04+00:00,1440,2026-08-02T20:13:21.355795+00:00,1462.53,56060,0,1,telegram
footballiapp,493039,49780,sport,2026-08-01T19:50:06+00:00,5,2026-08-01T19:55:13.676658+00:00,5.05,126,0,1,telegram
footballiapp,493039,49780,sport,2026-08-01T19:50:06+00:00,10,2026-08-01T20:00:25.950881+00:00,10.25,308,0,1,telegram
footballiapp,493039,49780,sport,2026-08-01T19:50:06+00:00,20,2026-08-01T20:10:50.124179+00:00,20.65,550,0,2,telegram
footballiapp,493039,49780,sport,2026-08-01T19:50:06+00:00,30,2026-08-01T20:21:14.938611+00:00,31.07,706,1,2,telegram
footballiapp,493039,49780,sport,2026-08-01T19:50:06+00:00,1440,2026-08-02T20:13:22.743078+00:00,1462.49,1569,6,2,telegram
tweetychannel,409391,775496,social_entertainment,2026-08-01T19:51:13+00:00,5,2026-08-01T19:56:39.359620+00:00,5.23,3056,50,1,telegram
tweetychannel,409391,775496,social_entertainment,2026-08-01T19:51:13+00:00,10,2026-08-01T20:01:51.111780+00:00,10.43,7113,58,1,telegram
tweetychannel,409391,775496,social_entertainment,2026-08-01T19:51:13+00:00,20,2026-08-01T20:12:16.334462+00:00,20.85,9149,63,2,telegram
tweetychannel,409391,775496,social_entertainment,2026-08-01T19:51:13+00:00,30,2026-08-01T20:22:40.042881+00:00,31.25,11163,65,2,telegram
tweetychannel,409391,775496,social_entertainment,2026-08-01T19:51:13+00:00,1440,2026-08-02T20:13:25.565705+00:00,1461.38,23554,93,34,telegram
varzesh3,298677,1296635,sport,2026-08-01T19:51:40+00:00,5,2026-08-01T19:57:51.419127+00:00,6.09,15442,0,2,telegram
varzesh3,298677,1296635,sport,2026-08-01T19:51:40+00:00,10,2026-08-01T20:03:03.331429+00:00,11.28,23695,0,2,telegram
varzesh3,298677,1296635,sport,2026-08-01T19:51:40+00:00,20,2026-08-01T20:12:10.159692+00:00,20.4,35044,0,2,telegram
varzesh3,298677,1296635,sport,2026-08-01T19:51:40+00:00,30,2026-08-01T20:22:34.272695+00:00,30.8,45395,0,36,telegram
varzesh3,298677,1296635,sport,2026-08-01T19:51:40+00:00,1440,2026-08-02T20:13:28.447513+00:00,1460.93,220586,0,76,telegram
farsna,453932,1816267,general_news,2026-08-01T19:52:22+00:00,5,2026-08-01T19:58:01.667569+00:00,5.39,1997,0,0,telegram
farsna,453932,1816267,general_news,2026-08-01T19:52:22+00:00,10,2026-08-01T20:03:13.625188+00:00,10.58,3292,0,1,telegram
farsna,453932,1816267,general_news,2026-08-01T19:52:22+00:00,20,2026-08-01T20:13:39.245679+00:00,21.0,5888,0,11,telegram
farsna,453932,1816267,general_news,2026-08-01T19:52:22+00:00,30,2026-08-01T20:22:44.443827+00:00,30.1,6904,0,11,telegram
farsna,453932,1816267,general_news,2026-08-01T19:52:22+00:00,1440,2026-08-02T20:13:29.802822+00:00,1460.23,17170,0,11,telegram
eghtesadonline,354066,75241,economy,2026-08-01T19:53:01+00:00,5,2026-08-01T19:59:10.662793+00:00,6.03,932,13,15,telegram
eghtesadonline,354066,75241,economy,2026-08-01T19:53:01+00:00,10,2026-08-01T20:04:22.680137+00:00,11.23,1756,21,19,telegram
eghtesadonline,354066,75241,economy,2026-08-01T19:53:01+00:00,20,2026-08-01T20:13:30.012127+00:00,20.35,2468,28,22,telegram
eghtesadonline,354066,75241,economy,2026-08-01T19:53:01+00:00,30,2026-08-01T20:23:53.146672+00:00,30.74,3173,34,22,telegram
eghtesadonline,354066,75241,economy,2026-08-01T19:53:01+00:00,1440,2026-08-02T20:13:31.221346+00:00,1459.58,8773,59,33,telegram
akharinkhabar,623733,1943342,general_news,2026-08-01T19:54:35+00:00,5,2026-08-01T20:00:34.816216+00:00,5.76,5139,0,0,telegram
akharinkhabar,623733,1943342,general_news,2026-08-01T19:54:35+00:00,10,2026-08-01T20:05:47.554835+00:00,10.98,8212,0,0,telegram
akharinkhabar,623733,1943342,general_news,2026-08-01T19:54:35+00:00,20,2026-08-01T20:14:53.960890+00:00,20.09,14309,0,34,telegram
akharinkhabar,623733,1943342,general_news,2026-08-01T19:54:35+00:00,30,2026-08-01T20:25:16.870417+00:00,30.47,18398,0,34,telegram
akharinkhabar,623733,1943342,general_news,2026-08-01T19:54:35+00:00,1440,2026-08-02T20:13:34.178729+00:00,1458.01,56195,0,59,telegram
tweetfrsi,21574,664291,entertainment,2026-08-01T19:55:07+00:00,5,2026-08-01T20:00:30.400273+00:00,5.23,1223,73,9,telegram
tweetfrsi,21574,664291,entertainment,2026-08-01T19:55:07+00:00,10,2026-08-01T20:05:43.142935+00:00,10.45,1926,106,17,telegram
tweetfrsi,21574,664291,entertainment,2026-08-01T19:55:07+00:00,20,2026-08-01T20:16:08.269352+00:00,20.85,2719,147,25,telegram
tweetfrsi,21574,664291,entertainment,2026-08-01T19:55:07+00:00,30,2026-08-01T20:26:31.295472+00:00,31.23,3391,186,31,telegram
tweetfrsi,21574,664291,entertainment,2026-08-01T19:55:07+00:00,1440,2026-08-02T20:13:32.797041+00:00,1457.48,22313,633,102,telegram
khabarfouri,555742,4823154,general_news,2026-08-01T19:56:02+00:00,5,2026-08-01T20:01:42.122232+00:00,5.61,4085,0,0,telegram
khabarfouri,555742,4823154,general_news,2026-08-01T19:56:02+00:00,10,2026-08-01T20:06:54.843660+00:00,10.83,8154,0,0,telegram
khabarfouri,555742,4823154,general_news,2026-08-01T19:56:02+00:00,20,2026-08-01T20:17:20.351190+00:00,21.25,13223,0,0,telegram
khabarfouri,555742,4823154,general_news,2026-08-01T19:56:02+00:00,30,2026-08-01T20:26:24.349796+00:00,30.32,15264,0,0,telegram
khabarfouri,555742,4823154,general_news,2026-08-01T19:56:02+00:00,1440,2026-08-02T20:13:35.559905+00:00,1456.56,55251,0,12,telegram
tweetychannel,409392,775496,social_entertainment,2026-08-01T19:56:08+00:00,5,2026-08-01T20:01:51.111672+00:00,5.51,4073,19,2,telegram
tweetychannel,409392,775496,social_entertainment,2026-08-01T19:56:08+00:00,10,2026-08-01T20:07:03.829448+00:00,10.73,6113,28,2,telegram
tweetychannel,409392,775496,social_entertainment,2026-08-01T19:56:08+00:00,20,2026-08-01T20:17:29.181927+00:00,21.15,9132,43,36,telegram
tweetychannel,409392,775496,social_entertainment,2026-08-01T19:56:08+00:00,30,2026-08-01T20:26:34.654212+00:00,30.22,10144,51,36,telegram
tweetychannel,409392,775496,social_entertainment,2026-08-01T19:56:08+00:00,1440,2026-08-02T20:13:36.944649+00:00,1456.46,21564,121,111,telegram
khabarfouri,555743,4823154,general_news,2026-08-01T19:56:31+00:00,5,2026-08-01T20:01:42.121491+00:00,5.13,5095,0,0,telegram
khabarfouri,555743,4823154,general_news,2026-08-01T19:56:31+00:00,10,2026-08-01T20:06:54.843012+00:00,10.34,8152,0,0,telegram
khabarfouri,555743,4823154,general_news,2026-08-01T19:56:31+00:00,20,2026-08-01T20:17:20.350318+00:00,20.77,13235,0,0,telegram
khabarfouri,555743,4823154,general_news,2026-08-01T19:56:31+00:00,30,2026-08-01T20:27:44.901611+00:00,31.17,16285,0,0,telegram
khabarfouri,555743,4823154,general_news,2026-08-01T19:56:31+00:00,1440,2026-08-02T20:13:39.747269+00:00,1456.08,56426,0,1,telegram
footballiapp,493040,49780,sport,2026-08-01T19:57:20+00:00,5,2026-08-01T20:03:01.857336+00:00,5.61,333,3,5,telegram
footballiapp,493040,49780,sport,2026-08-01T19:57:20+00:00,10,2026-08-01T20:08:14.192407+00:00,10.83,484,6,5,telegram
footballiapp,493040,49780,sport,2026-08-01T19:57:20+00:00,20,2026-08-01T20:18:39.478957+00:00,21.25,671,8,8,telegram
footballiapp,493040,49780,sport,2026-08-01T19:57:20+00:00,30,2026-08-01T20:27:46.672672+00:00,30.35,794,9,8,telegram
footballiapp,493040,49780,sport,2026-08-01T19:57:20+00:00,1440,2026-08-02T20:13:41.135466+00:00,1455.26,1723,14,12,telegram
khabarfouri,555744,4823154,general_news,2026-08-01T19:57:45+00:00,5,2026-08-01T20:03:00.252605+00:00,5.2,4082,0,1,telegram
khabarfouri,555744,4823154,general_news,2026-08-01T19:57:45+00:00,10,2026-08-01T20:08:12.650183+00:00,10.41,8150,0,1,telegram
khabarfouri,555744,4823154,general_news,2026-08-01T19:57:45+00:00,20,2026-08-01T20:18:37.962107+00:00,20.83,12221,0,1,telegram
khabarfouri,555744,4823154,general_news,2026-08-01T19:57:45+00:00,30,2026-08-01T20:29:03.941236+00:00,31.25,16279,0,1,telegram
khabarfouri,555744,4823154,general_news,2026-08-01T19:57:45+00:00,1440,2026-08-02T20:13:38.324927+00:00,1454.84,56161,0,1,telegram
tweetychannel,409393,775496,social_entertainment,2026-08-01T19:58:09+00:00,5,2026-08-01T20:04:28.268369+00:00,6.1,4077,35,0,telegram
tweetychannel,409393,775496,social_entertainment,2026-08-01T19:58:09+00:00,10,2026-08-01T20:08:21.501657+00:00,10.01,6110,39,0,telegram
tweetychannel,409393,775496,social_entertainment,2026-08-01T19:58:09+00:00,20,2026-08-01T20:18:46.767296+00:00,20.43,9129,49,0,telegram
tweetychannel,409393,775496,social_entertainment,2026-08-01T19:58:09+00:00,30,2026-08-01T20:29:13.300752+00:00,30.85,10144,54,0,telegram
tweetychannel,409393,775496,social_entertainment,2026-08-01T19:58:09+00:00,1440,2026-08-02T20:13:42.499877+00:00,1454.44,22001,68,0,telegram
farsna,453933,1816267,general_news,2026-08-01T19:59:20+00:00,5,2026-08-01T20:05:50.470773+00:00,6.23,2295,0,20,telegram
farsna,453933,1816267,general_news,2026-08-01T19:59:20+00:00,10,2026-08-01T20:09:43.667953+00:00,10.12,3590,0,20,telegram
farsna,453933,1816267,general_news,2026-08-01T19:59:20+00:00,20,2026-08-01T20:20:08.721588+00:00,20.54,5913,0,30,telegram
farsna,453933,1816267,general_news,2026-08-01T19:59:20+00:00,30,2026-08-01T20:30:37.079308+00:00,30.99,6904,0,30,telegram
farsna,453933,1816267,general_news,2026-08-01T19:59:20+00:00,1440,2026-08-02T20:13:46.646505+00:00,1453.26,17468,0,57,telegram
persiantwix,9527,1049188,entertainment,2026-08-01T20:00:00+00:00,5,2026-08-01T20:05:44.614676+00:00,5.57,4290,699,30,telegram
persiantwix,9527,1049188,entertainment,2026-08-01T20:00:00+00:00,10,2026-08-01T20:10:56.447751+00:00,10.75,6122,974,40,telegram
persiantwix,9527,1049188,entertainment,2026-08-01T20:00:00+00:00,20,2026-08-01T20:21:20.810557+00:00,21.17,8582,1301,60,telegram
persiantwix,9527,1049188,entertainment,2026-08-01T20:00:00+00:00,30,2026-08-01T20:30:30.961457+00:00,30.32,10108,1522,60,telegram
persiantwix,9527,1049188,entertainment,2026-08-01T20:00:00+00:00,1440,2026-08-02T20:13:43.920026+00:00,1452.59,39349,3809,172,telegram
tweetychannel,409394,775496,social_entertainment,2026-08-01T20:00:16+00:00,5,2026-08-01T20:05:46.111332+00:00,5.3,3069,64,1,telegram
tweetychannel,409394,775496,social_entertainment,2026-08-01T20:00:16+00:00,10,2026-08-01T20:10:57.892327+00:00,10.48,6101,79,1,telegram
tweetychannel,409394,775496,social_entertainment,2026-08-01T20:00:16+00:00,20,2026-08-01T20:21:22.264158+00:00,20.9,8125,90,1,telegram
tweetychannel,409394,775496,social_entertainment,2026-08-01T20:00:16+00:00,30,2026-08-01T20:30:32.428296+00:00,30.06,9141,96,1,telegram
tweetychannel,409394,775496,social_entertainment,2026-08-01T20:00:16+00:00,1440,2026-08-02T20:13:45.289693+00:00,1452.33,20994,140,17,telegram
footballiapp,493041,49780,sport,2026-08-01T20:00:29+00:00,5,2026-08-01T20:05:38.791639+00:00,5.08,273,1,2,telegram
footballiapp,493041,49780,sport,2026-08-01T20:00:29+00:00,10,2026-08-01T20:10:50.124120+00:00,10.26,428,1,2,telegram
footballiapp,493041,49780,sport,2026-08-01T20:00:29+00:00,20,2026-08-01T20:21:14.938583+00:00,20.68,672,1,2,telegram
footballiapp,493041,49780,sport,2026-08-01T20:00:29+00:00,30,2026-08-01T20:31:44.039936+00:00,31.15,766,1,2,telegram
footballiapp,493041,49780,sport,2026-08-01T20:00:29+00:00,1440,2026-08-02T20:13:48.045903+00:00,1452.11,1620,4,3,telegram
tweetychannel,409395,775496,social_entertainment,2026-08-01T20:01:01+00:00,5,2026-08-01T20:07:03.829402+00:00,5.84,4074,1,0,telegram
tweetychannel,409395,775496,social_entertainment,2026-08-01T20:01:01+00:00,10,2026-08-01T20:12:16.334400+00:00,11.05,6088,0,0,telegram
tweetychannel,409395,775496,social_entertainment,2026-08-01T20:01:01+00:00,20,2026-08-01T20:21:22.264133+00:00,20.15,7109,0,0,telegram
tweetychannel,409395,775496,social_entertainment,2026-08-01T20:01:01+00:00,30,2026-08-01T20:31:52.257084+00:00,30.62,9128,1,0,telegram
tweetychannel,409396,775496,social_entertainment,2026-08-01T20:01:01+00:00,5,2026-08-01T20:07:03.829292+00:00,5.84,4079,7,0,telegram
tweetychannel,409396,775496,social_entertainment,2026-08-01T20:01:01+00:00,10,2026-08-01T20:12:16.334365+00:00,11.05,6150,70,0,telegram
tweetychannel,409396,775496,social_entertainment,2026-08-01T20:01:01+00:00,20,2026-08-01T20:21:22.264105+00:00,20.15,8174,70,0,telegram
tweetychannel,409396,775496,social_entertainment,2026-08-01T20:01:01+00:00,30,2026-08-01T20:31:52.257061+00:00,30.62,10197,74,0,telegram
eghtesadonline,354067,75241,economy,2026-08-01T20:01:46+00:00,5,2026-08-01T20:06:59.290403+00:00,5.09,1085,12,3,telegram
eghtesadonline,354067,75241,economy,2026-08-01T20:01:46+00:00,10,2026-08-01T20:12:11.647412+00:00,10.3,1549,20,5,telegram
eghtesadonline,354067,75241,economy,2026-08-01T20:01:46+00:00,20,2026-08-01T20:22:35.701326+00:00,20.7,2438,29,8,telegram
eghtesadonline,354067,75241,economy,2026-08-01T20:01:46+00:00,30,2026-08-01T20:33:07.256444+00:00,31.21,2837,31,8,telegram
eghtesadonline,354067,75241,economy,2026-08-01T20:01:46+00:00,1440,2026-08-02T20:13:53.631433+00:00,1450.83,8379,55,8,telegram
eghtesadonline,354068,75241,economy,2026-08-01T20:02:08+00:00,5,2026-08-01T20:08:17.189594+00:00,6.03,1212,8,1,telegram
eghtesadonline,354068,75241,economy,2026-08-01T20:02:08+00:00,10,2026-08-01T20:13:30.011705+00:00,11.24,1611,11,1,telegram
eghtesadonline,354068,75241,economy,2026-08-01T20:02:08+00:00,20,2026-08-01T20:22:35.701274+00:00,20.33,2439,13,1,telegram
eghtesadonline,354068,75241,economy,2026-08-01T20:02:08+00:00,30,2026-08-01T20:33:07.256408+00:00,30.84,2839,13,1,telegram
eghtesadonline,354068,75241,economy,2026-08-01T20:02:08+00:00,1440,2026-08-02T20:13:52.181913+00:00,1450.46,8256,28,1,telegram
tweetychannel,409397,775496,social_entertainment,2026-08-01T20:03:01+00:00,5,2026-08-01T20:08:21.500882+00:00,5.14,4069,22,0,telegram
tweetychannel,409397,775496,social_entertainment,2026-08-01T20:03:01+00:00,10,2026-08-01T20:13:34.674343+00:00,10.35,6090,37,1,telegram
tweetychannel,409397,775496,social_entertainment,2026-08-01T20:03:01+00:00,20,2026-08-01T20:23:57.542397+00:00,20.74,8115,45,1,telegram
tweetychannel,409397,775496,social_entertainment,2026-08-01T20:03:01+00:00,30,2026-08-01T20:34:31.264404+00:00,31.28,9134,49,1,telegram
tweetychannel,409397,775496,social_entertainment,2026-08-01T20:03:01+00:00,1440,2026-08-02T20:13:59.495406+00:00,1449.58,21108,76,1,telegram
tweetychannel,409398,775496,social_entertainment,2026-08-01T20:03:10+00:00,5,2026-08-01T20:09:39.225061+00:00,6.29,5072,126,35,telegram
tweetychannel,409398,775496,social_entertainment,2026-08-01T20:03:10+00:00,10,2026-08-01T20:13:34.674198+00:00,10.2,6086,158,36,telegram
tweetychannel,409398,775496,social_entertainment,2026-08-01T20:03:10+00:00,20,2026-08-01T20:23:57.542167+00:00,20.59,8112,193,70,telegram
tweetychannel,409398,775496,social_entertainment,2026-08-01T20:03:10+00:00,30,2026-08-01T20:34:31.264044+00:00,31.13,10132,214,70,telegram
tweetychannel,409398,775496,social_entertainment,2026-08-01T20:03:10+00:00,1440,2026-08-02T20:13:58.138301+00:00,1449.43,21154,381,106,telegram
eghtesadonline,354069,75241,economy,2026-08-01T20:03:30+00:00,5,2026-08-01T20:09:34.714555+00:00,5.95,1088,12,2,telegram
eghtesadonline,354069,75241,economy,2026-08-01T20:03:30+00:00,10,2026-08-01T20:14:48.197548+00:00,11.17,1611,17,3,telegram
eghtesadonline,354069,75241,economy,2026-08-01T20:03:30+00:00,20,2026-08-01T20:23:53.146077+00:00,20.26,2314,19,3,telegram
eghtesadonline,354069,75241,economy,2026-08-01T20:03:30+00:00,30,2026-08-01T20:34:26.324965+00:00,30.8,2745,19,4,telegram
eghtesadonline,354069,75241,economy,2026-08-01T20:03:30+00:00,1440,2026-08-02T20:13:56.379209+00:00,1449.09,8084,32,5,telegram
footballiapp,493042,49780,sport,2026-08-01T20:03:39+00:00,5,2026-08-01T20:09:31.800760+00:00,5.8,304,4,1,telegram
footballiapp,493042,49780,sport,2026-08-01T20:03:39+00:00,10,2026-08-01T20:14:45.152319+00:00,11.02,491,4,1,telegram
footballiapp,493042,49780,sport,2026-08-01T20:03:39+00:00,20,2026-08-01T20:23:50.267289+00:00,20.11,705,5,3,telegram
footballiapp,493042,49780,sport,2026-08-01T20:03:39+00:00,30,2026-08-01T20:34:23.265536+00:00,30.65,798,6,3,telegram
footballiapp,493042,49780,sport,2026-08-01T20:03:39+00:00,1440,2026-08-02T20:13:55.006448+00:00,1448.94,1719,14,6,telegram
tweetychannel,409399,775496,social_entertainment,2026-08-01T20:05:07+00:00,5,2026-08-01T20:10:57.892244+00:00,5.63,4073,16,0,telegram
tweetychannel,409399,775496,social_entertainment,2026-08-01T20:05:07+00:00,10,2026-08-01T20:16:11.357715+00:00,10.85,5092,24,1,telegram
tweetychannel,409399,775496,social_entertainment,2026-08-01T20:05:07+00:00,20,2026-08-01T20:26:34.654124+00:00,21.23,8117,31,1,telegram
tweetychannel,409399,775496,social_entertainment,2026-08-01T20:05:07+00:00,30,2026-08-01T20:35:49.836601+00:00,30.5,9132,34,1,telegram
tweetychannel,409399,775496,social_entertainment,2026-08-01T20:05:07+00:00,1440,2026-08-02T20:14:02.221230+00:00,1447.48,20564,65,1,telegram
tweetychannel,409400,775496,social_entertainment,2026-08-01T20:05:08+00:00,5,2026-08-01T20:10:57.892117+00:00,5.61,4072,148,34,telegram
tweetychannel,409400,775496,social_entertainment,2026-08-01T20:05:08+00:00,10,2026-08-01T20:16:11.357676+00:00,10.83,6092,192,35,telegram
tweetychannel,409400,775496,social_entertainment,2026-08-01T20:05:08+00:00,20,2026-08-01T20:26:34.654093+00:00,21.22,8120,233,69,telegram
tweetychannel,409400,775496,social_entertainment,2026-08-01T20:05:08+00:00,30,2026-08-01T20:35:49.836527+00:00,30.48,9137,262,69,telegram
tweetychannel,409400,775496,social_entertainment,2026-08-01T20:05:08+00:00,1440,2026-08-02T20:14:00.859270+00:00,1447.46,20797,492,108,telegram
farsna,453934,1816267,general_news,2026-08-01T20:05:19+00:00,5,2026-08-01T20:11:02.497970+00:00,5.43,2618,0,2,telegram
farsna,453934,1816267,general_news,2026-08-01T20:05:19+00:00,10,2026-08-01T20:16:15.863335+00:00,10.65,3951,0,2,telegram
farsna,453934,1816267,general_news,2026-08-01T20:05:19+00:00,20,2026-08-01T20:26:39.939565+00:00,21.03,5582,0,12,telegram
farsna,453934,1816267,general_news,2026-08-01T20:05:19+00:00,30,2026-08-01T20:35:54.572458+00:00,30.3,6594,0,12,telegram
farsna,453934,1816267,general_news,2026-08-01T20:05:19+00:00,1440,2026-08-02T20:14:03.602937+00:00,1447.28,17066,0,25,telegram
tweetychannel,409401,775496,social_entertainment,2026-08-01T20:06:09+00:00,5,2026-08-01T20:12:16.334272+00:00,5.91,4065,2,72,telegram
tweetychannel,409401,775496,social_entertainment,2026-08-01T20:06:09+00:00,10,2026-08-01T20:17:29.181838+00:00,11.13,6091,4,106,telegram
tweetychannel,409401,775496,social_entertainment,2026-08-01T20:06:09+00:00,20,2026-08-01T20:26:34.654064+00:00,20.2,8116,4,140,telegram
tweetychannel,409401,775496,social_entertainment,2026-08-01T20:06:09+00:00,30,2026-08-01T20:37:08.720789+00:00,30.78,9131,5,174,telegram
tweetychannel,409401,775496,social_entertainment,2026-08-01T20:06:09+00:00,1440,2026-08-02T20:14:06.319595+00:00,1446.44,20193,14,372,telegram
tweetychannel,409402,775496,social_entertainment,2026-08-01T20:06:35+00:00,5,2026-08-01T20:12:16.333388+00:00,5.48,3058,280,1,telegram
tweetychannel,409402,775496,social_entertainment,2026-08-01T20:06:35+00:00,10,2026-08-01T20:17:29.181816+00:00,10.7,5089,339,1,telegram
tweetychannel,409402,775496,social_entertainment,2026-08-01T20:06:35+00:00,20,2026-08-01T20:27:54.371293+00:00,21.1,8114,403,36,telegram
tweetychannel,409402,775496,social_entertainment,2026-08-01T20:06:35+00:00,30,2026-08-01T20:37:08.720702+00:00,30.35,9127,438,36,telegram
farsna,453935,1816267,general_news,2026-08-01T20:07:34+00:00,5,2026-08-01T20:13:39.245318+00:00,5.8,2312,0,10,telegram
farsna,453935,1816267,general_news,2026-08-01T20:07:34+00:00,10,2026-08-01T20:18:51.165578+00:00,11.01,4243,0,10,telegram
farsna,453935,1816267,general_news,2026-08-01T20:07:34+00:00,20,2026-08-01T20:27:59.059324+00:00,20.12,5916,0,20,telegram
farsna,453935,1816267,general_news,2026-08-01T20:07:34+00:00,30,2026-08-01T20:38:32.185316+00:00,30.68,6887,0,20,telegram
farsna,453935,1816267,general_news,2026-08-01T20:07:34+00:00,1440,2026-08-02T20:14:07.680022+00:00,1445.03,17949,0,48,telegram
khabarfouri,555745,4823154,general_news,2026-08-01T20:08:43+00:00,5,2026-08-01T20:14:43.655479+00:00,5.96,5083,0,0,telegram
khabarfouri,555745,4823154,general_news,2026-08-01T20:08:43+00:00,10,2026-08-01T20:19:55.651028+00:00,11.16,7144,0,0,telegram
khabarfouri,555745,4823154,general_news,2026-08-01T20:08:43+00:00,20,2026-08-01T20:29:03.940832+00:00,20.29,11200,0,34,telegram
khabarfouri,555745,4823154,general_news,2026-08-01T20:08:43+00:00,30,2026-08-01T20:39:36.803330+00:00,30.84,14256,0,35,telegram
khabarfouri,555745,4823154,general_news,2026-08-01T20:08:43+00:00,1440,2026-08-02T20:14:09.043034+00:00,1443.88,58371,0,55,telegram
footballiapp,493043,49780,sport,2026-08-01T20:10:02+00:00,5,2026-08-01T20:16:03.179687+00:00,5.93,339,1,3,telegram
footballiapp,493043,49780,sport,2026-08-01T20:10:02+00:00,10,2026-08-01T20:21:14.938553+00:00,11.13,521,2,3,telegram
footballiapp,493043,49780,sport,2026-08-01T20:10:02+00:00,20,2026-08-01T20:30:24.795259+00:00,20.29,675,4,3,telegram
footballiapp,493043,49780,sport,2026-08-01T20:10:02+00:00,30,2026-08-01T20:40:57.409868+00:00,30.84,767,5,3,telegram
footballiapp,493043,49780,sport,2026-08-01T20:10:02+00:00,1440,2026-08-02T20:14:11.845978+00:00,1442.56,1658,13,6,telegram
footballiapp,493044,49780,sport,2026-08-01T20:10:07+00:00,5,2026-08-01T20:16:03.179563+00:00,5.85,368,6,5,telegram
footballiapp,493044,49780,sport,2026-08-01T20:10:07+00:00,10,2026-08-01T20:21:14.938528+00:00,11.05,639,8,5,telegram
footballiapp,493044,49780,sport,2026-08-01T20:10:07+00:00,20,2026-08-01T20:30:24.795234+00:00,20.21,823,9,5,telegram
footballiapp,493044,49780,sport,2026-08-01T20:10:07+00:00,30,2026-08-01T20:40:57.409845+00:00,30.76,885,10,6,telegram
footballiapp,493044,49780,sport,2026-08-01T20:10:07+00:00,1440,2026-08-02T20:14:10.452620+00:00,1442.48,1795,19,12,telegram
tweetychannel,409403,775496,social_entertainment,2026-08-01T20:10:18+00:00,5,2026-08-01T20:16:11.357361+00:00,5.67,3054,89,35,telegram
tweetychannel,409403,775496,social_entertainment,2026-08-01T20:10:18+00:00,10,2026-08-01T20:21:22.263928+00:00,10.87,5077,132,69,telegram
tweetychannel,409403,775496,social_entertainment,2026-08-01T20:10:18+00:00,20,2026-08-01T20:30:32.428204+00:00,20.02,7109,178,69,telegram
tweetychannel,409403,775496,social_entertainment,2026-08-01T20:10:18+00:00,30,2026-08-01T20:41:05.298331+00:00,30.57,9119,206,103,telegram
tweetychannel,409403,775496,social_entertainment,2026-08-01T20:10:18+00:00,1440,2026-08-02T20:14:13.211191+00:00,1442.29,19614,458,158,telegram
tweetychannel,409404,775496,social_entertainment,2026-08-01T20:12:08+00:00,5,2026-08-01T20:17:29.181780+00:00,5.15,4058,8,36,telegram
tweetychannel,409404,775496,social_entertainment,2026-08-01T20:12:08+00:00,10,2026-08-01T20:22:40.042682+00:00,10.33,6082,14,71,telegram
tweetychannel,409404,775496,social_entertainment,2026-08-01T20:12:08+00:00,20,2026-08-01T20:33:11.967373+00:00,20.84,8108,19,105,telegram
tweetychannel,409404,775496,social_entertainment,2026-08-01T20:12:08+00:00,30,2026-08-01T20:42:23.554009+00:00,30.05,9115,21,105,telegram
tweetychannel,409404,775496,social_entertainment,2026-08-01T20:12:08+00:00,1440,2026-08-02T20:14:20.295055+00:00,1440.46,22599,71,253,telegram
tweetychannel,409405,775496,social_entertainment,2026-08-01T20:12:08+00:00,5,2026-08-01T20:17:29.181755+00:00,5.15,4059,56,1,telegram
tweetychannel,409405,775496,social_entertainment,2026-08-01T20:12:08+00:00,10,2026-08-01T20:22:40.042648+00:00,10.33,6087,82,35,telegram
tweetychannel,409405,775496,social_entertainment,2026-08-01T20:12:08+00:00,20,2026-08-01T20:33:11.967343+00:00,20.84,9133,108,36,telegram
tweetychannel,409405,775496,social_entertainment,2026-08-01T20:12:08+00:00,30,2026-08-01T20:42:23.553981+00:00,30.05,10142,119,36,telegram
tweetychannel,409405,775496,social_entertainment,2026-08-01T20:12:08+00:00,1440,2026-08-02T20:14:18.854367+00:00,1440.46,23272,261,61,telegram
tweetychannel,409406,775496,social_entertainment,2026-08-01T20:12:08+00:00,5,2026-08-01T20:17:29.181626+00:00,5.15,4063,0,1,telegram
tweetychannel,409406,775496,social_entertainment,2026-08-01T20:12:08+00:00,10,2026-08-01T20:22:40.042611+00:00,10.33,6089,0,1,telegram
tweetychannel,409406,775496,social_entertainment,2026-08-01T20:12:08+00:00,20,2026-08-01T20:33:11.967311+00:00,20.84,9131,0,36,telegram
tweetychannel,409406,775496,social_entertainment,2026-08-01T20:12:08+00:00,30,2026-08-01T20:42:23.553950+00:00,30.05,10141,0,36,telegram
tweetychannel,409406,775496,social_entertainment,2026-08-01T20:12:08+00:00,1440,2026-08-02T20:14:17.477837+00:00,1440.46,22030,0,60,telegram
tweetychannel,409407,775496,social_entertainment,2026-08-01T20:12:09+00:00,5,2026-08-01T20:17:29.181516+00:00,5.13,4065,241,36,telegram
tweetychannel,409407,775496,social_entertainment,2026-08-01T20:12:09+00:00,10,2026-08-01T20:22:40.041796+00:00,10.31,6091,305,37,telegram
tweetychannel,409407,775496,social_entertainment,2026-08-01T20:12:09+00:00,20,2026-08-01T20:33:11.967149+00:00,20.82,10140,391,71,telegram
tweetychannel,409407,775496,social_entertainment,2026-08-01T20:12:09+00:00,30,2026-08-01T20:42:23.553864+00:00,30.04,11147,424,71,telegram
tweetychannel,409407,775496,social_entertainment,2026-08-01T20:12:09+00:00,1440,2026-08-02T20:14:16.045613+00:00,1440.44,22610,769,132,telegram
eghtesadonline,354070,75241,economy,2026-08-01T20:12:16+00:00,5,2026-08-01T20:17:24.810019+00:00,5.02,775,2,1,telegram
eghtesadonline,354070,75241,economy,2026-08-01T20:12:16+00:00,10,2026-08-01T20:22:35.699763+00:00,10.2,1357,2,2,telegram
eghtesadonline,354070,75241,economy,2026-08-01T20:12:16+00:00,20,2026-08-01T20:33:07.255849+00:00,20.71,1879,4,3,telegram
eghtesadonline,354070,75241,economy,2026-08-01T20:12:16+00:00,30,2026-08-01T20:43:37.451582+00:00,31.22,2616,5,4,telegram
eghtesadonline,354070,75241,economy,2026-08-01T20:12:16+00:00,1440,2026-08-02T20:14:14.637583+00:00,1440.33,8292,16,7,telegram
farsna,453936,1816267,general_news,2026-08-01T20:13:04+00:00,5,2026-08-01T20:18:51.165115+00:00,5.51,2305,0,10,telegram
farsna,453936,1816267,general_news,2026-08-01T20:13:04+00:00,10,2026-08-01T20:24:01.939649+00:00,10.69,3631,0,10,telegram
farsna,453936,1816267,general_news,2026-08-01T20:13:04+00:00,20,2026-08-01T20:34:35.894105+00:00,21.23,5296,0,11,telegram
farsna,453936,1816267,general_news,2026-08-01T20:13:04+00:00,30,2026-08-01T20:43:46.478799+00:00,30.42,6263,0,11,telegram
farsna,453936,1816267,general_news,2026-08-01T20:13:04+00:00,1440,2026-08-02T20:45:00.511046+00:00,1471.37,17693,0,23,telegram
akharinkhabar,623734,1943342,general_news,2026-08-01T20:13:19+00:00,5,2026-08-01T20:18:48.201506+00:00,5.26,6115,0,0,telegram
akharinkhabar,623734,1943342,general_news,2026-08-01T20:13:19+00:00,10,2026-08-01T20:23:59.037460+00:00,10.44,9175,0,0,telegram
akharinkhabar,623734,1943342,general_news,2026-08-01T20:13:19+00:00,20,2026-08-01T20:34:32.842216+00:00,20.98,13272,0,0,telegram
akharinkhabar,623734,1943342,general_news,2026-08-01T20:13:19+00:00,30,2026-08-01T20:43:43.440690+00:00,30.17,16322,0,0,telegram
akharinkhabar,623734,1943342,general_news,2026-08-01T20:13:19+00:00,1440,2026-08-02T20:44:59.155894+00:00,1471.12,55734,0,21,telegram
tweetychannel,409408,775496,social_entertainment,2026-08-01T20:14:43+00:00,5,2026-08-01T20:20:04.311505+00:00,5.16,3058,125,36,telegram
tweetychannel,409408,775496,social_entertainment,2026-08-01T20:14:43+00:00,10,2026-08-01T20:25:15.313483+00:00,10.34,6104,187,37,telegram
tweetychannel,409408,775496,social_entertainment,2026-08-01T20:14:43+00:00,20,2026-08-01T20:35:49.836431+00:00,20.9,9140,237,37,telegram
tweetychannel,409408,775496,social_entertainment,2026-08-01T20:14:43+00:00,30,2026-08-01T20:45:00.214720+00:00,30.08,11155,267,71,telegram
tweetychannel,409408,775496,social_entertainment,2026-08-01T20:14:43+00:00,1440,2026-08-02T20:45:04.786342+00:00,1469.72,24346,543,129,telegram
footballiapp,493045,49780,sport,2026-08-01T20:15:02+00:00,5,2026-08-01T20:21:14.938407+00:00,6.13,488,4,6,telegram
footballiapp,493045,49780,sport,2026-08-01T20:15:02+00:00,10,2026-08-01T20:25:08.002202+00:00,10.02,611,5,9,telegram
footballiapp,493045,49780,sport,2026-08-01T20:15:02+00:00,20,2026-08-01T20:35:42.276115+00:00,20.58,764,7,11,telegram
footballiapp,493045,49780,sport,2026-08-01T20:15:02+00:00,30,2026-08-01T20:46:11.391052+00:00,31.07,857,8,12,telegram
footballiapp,493045,49780,sport,2026-08-01T20:15:02+00:00,1440,2026-08-02T20:45:02.004556+00:00,1469.4,1959,17,16,telegram
eghtesadonline,354071,75241,economy,2026-08-01T20:15:56+00:00,5,2026-08-01T20:21:17.956314+00:00,5.23,959,5,6,telegram
eghtesadonline,354071,75241,economy,2026-08-01T20:15:56+00:00,10,2026-08-01T20:26:29.331331+00:00,10.42,1357,5,6,telegram
eghtesadonline,354071,75241,economy,2026-08-01T20:15:56+00:00,20,2026-08-01T20:37:04.166191+00:00,21.0,1821,11,6,telegram
eghtesadonline,354071,75241,economy,2026-08-01T20:15:56+00:00,30,2026-08-01T20:46:14.498758+00:00,30.17,2711,16,6,telegram
eghtesadonline,354071,75241,economy,2026-08-01T20:15:56+00:00,1440,2026-08-02T20:45:03.368136+00:00,1468.5,8589,41,8,telegram
akharinkhabar,623735,1943342,general_news,2026-08-01T20:16:01+00:00,5,2026-08-01T20:21:23.720374+00:00,5.15,5101,0,0,telegram
akharinkhabar,623735,1943342,general_news,2026-08-01T20:16:01+00:00,10,2026-08-01T20:26:36.547402+00:00,10.33,8182,0,0,telegram
akharinkhabar,623735,1943342,general_news,2026-08-01T20:16:01+00:00,20,2026-08-01T20:37:10.351577+00:00,20.91,12257,0,0,telegram
akharinkhabar,623735,1943342,general_news,2026-08-01T20:16:01+00:00,30,2026-08-01T20:46:20.684535+00:00,30.09,15307,0,0,telegram
akharinkhabar,623735,1943342,general_news,2026-08-01T20:16:01+00:00,1440,2026-08-02T20:45:08.943439+00:00,1468.42,50685,0,1,telegram
tweetychannel,409409,775496,social_entertainment,2026-08-01T20:16:01+00:00,5,2026-08-01T20:21:22.263823+00:00,5.15,4064,23,1,telegram
tweetychannel,409409,775496,social_entertainment,2026-08-01T20:16:01+00:00,10,2026-08-01T20:26:34.653936+00:00,10.33,6098,29,2,telegram
tweetychannel,409409,775496,social_entertainment,2026-08-01T20:16:01+00:00,20,2026-08-01T20:37:08.720596+00:00,20.91,10137,38,2,telegram
tweetychannel,409409,775496,social_entertainment,2026-08-01T20:16:01+00:00,30,2026-08-01T20:46:19.131830+00:00,30.09,12155,40,2,telegram
tweetychannel,409410,775496,social_entertainment,2026-08-01T20:16:01+00:00,5,2026-08-01T20:21:22.263259+00:00,5.15,3055,79,35,telegram
tweetychannel,409410,775496,social_entertainment,2026-08-01T20:16:01+00:00,10,2026-08-01T20:26:34.653671+00:00,10.33,6098,115,69,telegram
tweetychannel,409410,775496,social_entertainment,2026-08-01T20:16:01+00:00,20,2026-08-01T20:37:08.720561+00:00,20.91,10140,144,69,telegram
tweetychannel,409410,775496,social_entertainment,2026-08-01T20:16:01+00:00,30,2026-08-01T20:46:19.131808+00:00,30.09,12160,163,69,telegram
tweetychannel,409410,775496,social_entertainment,2026-08-01T20:16:01+00:00,1440,2026-08-02T20:45:06.170898+00:00,1468.42,26462,303,105,telegram
akharinkhabar,623736,1943342,general_news,2026-08-01T20:19:15+00:00,5,2026-08-01T20:25:16.869916+00:00,5.8,5109,0,0,telegram
akharinkhabar,623736,1943342,general_news,2026-08-01T20:19:15+00:00,10,2026-08-01T20:30:34.020151+00:00,11.07,8174,0,0,telegram
akharinkhabar,623736,1943342,general_news,2026-08-01T20:19:15+00:00,20,2026-08-01T20:39:47.587154+00:00,20.31,13262,0,0,telegram
akharinkhabar,623736,1943342,general_news,2026-08-01T20:19:15+00:00,30,2026-08-01T20:50:18.830601+00:00,30.79,16324,0,0,telegram
akharinkhabar,623736,1943342,general_news,2026-08-01T20:19:15+00:00,1440,2026-08-02T20:45:11.710686+00:00,1465.19,53744,0,1,telegram
tweetychannel,409411,775496,social_entertainment,2026-08-01T20:19:16+00:00,5,2026-08-01T20:25:15.312583+00:00,5.79,4067,242,36,telegram
tweetychannel,409411,775496,social_entertainment,2026-08-01T20:19:16+00:00,10,2026-08-01T20:30:32.428030+00:00,11.06,8112,324,36,telegram
tweetychannel,409411,775496,social_entertainment,2026-08-01T20:19:16+00:00,20,2026-08-01T20:39:46.010462+00:00,20.29,9130,357,36,telegram
tweetychannel,409411,775496,social_entertainment,2026-08-01T20:19:16+00:00,30,2026-08-01T20:50:17.138155+00:00,30.77,12152,397,70,telegram
tweetychannel,409411,775496,social_entertainment,2026-08-01T20:19:16+00:00,1440,2026-08-02T20:45:10.309070+00:00,1465.17,25827,670,105,telegram
footballiapp,493046,49780,sport,2026-08-01T20:20:02+00:00,5,2026-08-01T20:25:08.001443+00:00,5.02,336,2,3,telegram
footballiapp,493046,49780,sport,2026-08-01T20:20:02+00:00,10,2026-08-01T20:30:24.795062+00:00,10.29,487,3,3,telegram
footballiapp,493046,49780,sport,2026-08-01T20:20:02+00:00,20,2026-08-01T20:40:57.409411+00:00,20.84,609,4,4,telegram
footballiapp,493046,49780,sport,2026-08-01T20:20:02+00:00,30,2026-08-01T20:50:09.046757+00:00,30.01,704,6,6,telegram
footballiapp,493046,49780,sport,2026-08-01T20:20:02+00:00,1440,2026-08-02T20:45:13.139248+00:00,1464.4,1989,8,10,telegram
akharinkhabar,623737,1943342,general_news,2026-08-01T20:20:29+00:00,5,2026-08-01T20:26:36.546928+00:00,5.87,5120,0,0,telegram
akharinkhabar,623737,1943342,general_news,2026-08-01T20:20:29+00:00,10,2026-08-01T20:31:53.964896+00:00,11.15,8164,0,0,telegram
akharinkhabar,623737,1943342,general_news,2026-08-01T20:20:29+00:00,20,2026-08-01T20:41:06.962997+00:00,20.39,13254,0,0,telegram
akharinkhabar,623737,1943342,general_news,2026-08-01T20:20:29+00:00,30,2026-08-01T20:51:39.443679+00:00,30.91,17334,0,0,telegram
akharinkhabar,623737,1943342,general_news,2026-08-01T20:20:29+00:00,1440,2026-08-02T20:45:15.954532+00:00,1463.95,56663,0,14,telegram
eghtesadonline,354072,75241,economy,2026-08-01T20:21:01+00:00,5,2026-08-01T20:26:29.331003+00:00,5.33,585,2,2,telegram
eghtesadonline,354072,75241,economy,2026-08-01T20:21:01+00:00,10,2026-08-01T20:31:47.563306+00:00,10.62,892,2,4,telegram
eghtesadonline,354072,75241,economy,2026-08-01T20:21:01+00:00,20,2026-08-01T20:42:19.202214+00:00,21.17,1815,4,5,telegram
eghtesadonline,354072,75241,economy,2026-08-01T20:21:01+00:00,30,2026-08-01T20:51:33.091481+00:00,30.37,2605,6,5,telegram
eghtesadonline,354072,75241,economy,2026-08-01T20:21:01+00:00,1440,2026-08-02T20:45:14.568529+00:00,1463.42,8913,20,14,telegram
farsna,453937,1816267,general_news,2026-08-01T20:21:04+00:00,5,2026-08-01T20:26:39.939110+00:00,5.28,1642,0,10,telegram
farsna,453937,1816267,general_news,2026-08-01T20:21:04+00:00,10,2026-08-01T20:31:57.206866+00:00,10.57,2963,0,11,telegram
farsna,453937,1816267,general_news,2026-08-01T20:21:04+00:00,20,2026-08-01T20:42:28.107647+00:00,21.12,4596,0,11,telegram
farsna,453937,1816267,general_news,2026-08-01T20:21:04+00:00,30,2026-08-01T20:51:42.570634+00:00,30.32,5952,0,11,telegram
farsna,453937,1816267,general_news,2026-08-01T20:21:04+00:00,1440,2026-08-02T20:45:17.354425+00:00,1463.37,19061,0,31,telegram
tweetychannel,409412,775496,social_entertainment,2026-08-01T20:22:44+00:00,5,2026-08-01T20:29:13.300369+00:00,6.27,5081,161,2,telegram
tweetychannel,409412,775496,social_entertainment,2026-08-01T20:22:44+00:00,10,2026-08-01T20:33:11.967070+00:00,10.24,7099,208,2,telegram
tweetychannel,409412,775496,social_entertainment,2026-08-01T20:22:44+00:00,20,2026-08-01T20:43:41.864296+00:00,20.76,9125,244,36,telegram
tweetychannel,409412,775496,social_entertainment,2026-08-01T20:22:44+00:00,30,2026-08-01T20:54:15.930442+00:00,31.31,11140,276,36,telegram
tweetychannel,409412,775496,social_entertainment,2026-08-01T20:22:44+00:00,1440,2026-08-02T20:45:20.097477+00:00,1461.7,24435,578,72,telegram
footballiapp,493047,49780,sport,2026-08-01T20:23:21+00:00,5,2026-08-01T20:29:05.639451+00:00,5.65,273,2,1,telegram
footballiapp,493047,49780,sport,2026-08-01T20:23:21+00:00,10,2026-08-01T20:34:23.265480+00:00,10.95,398,3,2,telegram
footballiapp,493047,49780,sport,2026-08-01T20:23:21+00:00,20,2026-08-01T20:43:34.328067+00:00,20.14,548,4,3,telegram
footballiapp,493047,49780,sport,2026-08-01T20:23:21+00:00,30,2026-08-01T20:54:07.923064+00:00,30.69,673,5,5,telegram
footballiapp,493047,49780,sport,2026-08-01T20:23:21+00:00,1440,2026-08-02T20:45:18.716593+00:00,1461.09,1741,12,5,telegram
thezoomit,98200,129324,technology,2026-08-01T20:23:52+00:00,5,2026-08-01T20:29:00.682021+00:00,5.14,839,4,1,telegram
thezoomit,98200,129324,technology,2026-08-01T20:23:52+00:00,10,2026-08-01T20:34:18.403330+00:00,10.43,1276,8,1,telegram
thezoomit,98200,129324,technology,2026-08-01T20:23:52+00:00,20,2026-08-01T20:44:48.079521+00:00,20.93,1806,9,2,telegram
thezoomit,98200,129324,technology,2026-08-01T20:23:52+00:00,30,2026-08-01T20:54:03.117278+00:00,30.18,2116,11,2,telegram
thezoomit,98200,129324,technology,2026-08-01T20:23:52+00:00,1440,2026-08-02T20:45:22.336073+00:00,1460.57,10851,47,19,telegram
varzesh3,298678,1296635,sport,2026-08-01T20:24:54+00:00,5,2026-08-01T20:30:26.395463+00:00,5.42,13358,0,1,telegram
varzesh3,298678,1296635,sport,2026-08-01T20:24:54+00:00,10,2026-08-01T20:35:43.903848+00:00,10.72,21592,0,1,telegram
varzesh3,298678,1296635,sport,2026-08-01T20:24:54+00:00,20,2026-08-01T20:46:13.042012+00:00,21.2,37039,0,2,telegram
varzesh3,298678,1296635,sport,2026-08-01T20:24:54+00:00,30,2026-08-01T20:55:28.907235+00:00,30.47,49344,0,36,telegram
varzesh3,298678,1296635,sport,2026-08-01T20:24:54+00:00,1440,2026-08-02T20:45:23.814993+00:00,1459.54,218260,0,74,telegram
tweetychannel,409413,775496,social_entertainment,2026-08-01T20:25:26+00:00,5,2026-08-01T20:31:52.256878+00:00,6.2,5076,83,35,telegram
tweetychannel,409413,775496,social_entertainment,2026-08-01T20:25:26+00:00,10,2026-08-01T20:35:49.836362+00:00,10.18,6082,92,35,telegram
tweetychannel,409413,775496,social_entertainment,2026-08-01T20:25:26+00:00,20,2026-08-01T20:46:19.131764+00:00,20.67,9107,124,35,telegram
tweetychannel,409413,775496,social_entertainment,2026-08-01T20:25:26+00:00,30,2026-08-01T20:56:53.963599+00:00,31.25,11151,144,35,telegram
tweetychannel,409413,775496,social_entertainment,2026-08-01T20:25:26+00:00,1440,2026-08-02T20:45:26.566461+00:00,1459.0,24089,325,92,telegram
tweetychannel,409414,775496,social_entertainment,2026-08-01T20:25:37+00:00,5,2026-08-01T20:31:52.256611+00:00,6.02,5070,217,35,telegram
tweetychannel,409414,775496,social_entertainment,2026-08-01T20:25:37+00:00,10,2026-08-01T20:35:49.836328+00:00,10.0,6076,246,35,telegram
tweetychannel,409414,775496,social_entertainment,2026-08-01T20:25:37+00:00,20,2026-08-01T20:46:19.131620+00:00,20.49,9134,333,36,telegram
tweetychannel,409414,775496,social_entertainment,2026-08-01T20:25:37+00:00,30,2026-08-01T20:56:53.963567+00:00,31.07,11151,379,36,telegram
tweetychannel,409414,775496,social_entertainment,2026-08-01T20:25:37+00:00,1440,2026-08-02T20:45:25.178795+00:00,1458.82,24462,845,107,telegram
tweetychannel,409415,775496,social_entertainment,2026-08-01T20:27:03+00:00,5,2026-08-01T20:33:11.966966+00:00,5.92,4057,106,34,telegram
tweetychannel,409415,775496,social_entertainment,2026-08-01T20:27:03+00:00,10,2026-08-01T20:38:27.539925+00:00,11.19,6069,132,68,telegram
tweetychannel,409415,775496,social_entertainment,2026-08-01T20:27:03+00:00,20,2026-08-01T20:47:38.064739+00:00,20.37,9105,176,102,telegram
tweetychannel,409415,775496,social_entertainment,2026-08-01T20:27:03+00:00,30,2026-08-01T20:58:12.472078+00:00,30.95,11155,202,103,telegram
tweetychannel,409415,775496,social_entertainment,2026-08-01T20:27:03+00:00,1440,2026-08-02T20:45:29.352137+00:00,1457.39,24575,459,244,telegram
farsna,453938,1816267,general_news,2026-08-01T20:27:04+00:00,5,2026-08-01T20:33:16.797381+00:00,5.91,1645,0,1,telegram
farsna,453938,1816267,general_news,2026-08-01T20:27:04+00:00,10,2026-08-01T20:38:32.184797+00:00,11.18,2644,0,11,telegram
farsna,453938,1816267,general_news,2026-08-01T20:27:04+00:00,20,2026-08-01T20:47:42.641592+00:00,20.35,4288,0,11,telegram
farsna,453938,1816267,general_news,2026-08-01T20:27:04+00:00,30,2026-08-01T20:58:17.078024+00:00,30.93,6529,0,21,telegram
farsna,453938,1816267,general_news,2026-08-01T20:27:04+00:00,1440,2026-08-02T20:45:30.813620+00:00,1457.37,18767,0,33,telegram
tweetychannel,409416,775496,social_entertainment,2026-08-01T20:27:08+00:00,5,2026-08-01T20:33:11.965204+00:00,5.84,4058,256,0,telegram
tweetychannel,409416,775496,social_entertainment,2026-08-01T20:27:08+00:00,10,2026-08-01T20:38:27.539764+00:00,11.11,6072,300,0,telegram
tweetychannel,409416,775496,social_entertainment,2026-08-01T20:27:08+00:00,20,2026-08-01T20:47:38.064705+00:00,20.28,9139,375,0,telegram
tweetychannel,409416,775496,social_entertainment,2026-08-01T20:27:08+00:00,30,2026-08-01T20:58:12.472054+00:00,30.86,11159,432,34,telegram
tweetychannel,409416,775496,social_entertainment,2026-08-01T20:27:08+00:00,1440,2026-08-02T20:45:27.981995+00:00,1457.3,23379,908,53,telegram
footballiapp,493048,49780,sport,2026-08-01T20:29:02+00:00,5,2026-08-01T20:34:23.265454+00:00,5.27,186,0,1,telegram
footballiapp,493048,49780,sport,2026-08-01T20:29:02+00:00,10,2026-08-01T20:39:38.423340+00:00,10.52,306,0,1,telegram
footballiapp,493048,49780,sport,2026-08-01T20:29:02+00:00,20,2026-08-01T20:50:09.046712+00:00,21.01,462,0,1,telegram
footballiapp,493048,49780,sport,2026-08-01T20:29:02+00:00,30,2026-08-01T20:59:23.501653+00:00,30.27,552,0,1,telegram
footballiapp,493048,49780,sport,2026-08-01T20:29:02+00:00,1440,2026-08-02T20:45:33.560975+00:00,1455.4,1689,3,2,telegram
footballiapp,493049,49780,sport,2026-08-01T20:29:02+00:00,5,2026-08-01T20:34:23.264981+00:00,5.27,187,3,3,telegram
footballiapp,493049,49780,sport,2026-08-01T20:29:02+00:00,10,2026-08-01T20:39:38.422768+00:00,10.52,307,7,3,telegram
footballiapp,493049,49780,sport,2026-08-01T20:29:02+00:00,20,2026-08-01T20:50:09.046253+00:00,21.01,495,9,3,telegram
footballiapp,493049,49780,sport,2026-08-01T20:29:02+00:00,30,2026-08-01T20:59:23.500228+00:00,30.27,615,10,3,telegram
footballiapp,493049,49780,sport,2026-08-01T20:29:02+00:00,1440,2026-08-02T20:45:32.202858+00:00,1455.4,1838,23,7,telegram
persiantwix,9528,1049188,entertainment,2026-08-01T20:30:00+00:00,5,2026-08-01T20:35:48.361153+00:00,5.62,3374,300,112,telegram
persiantwix,9528,1049188,entertainment,2026-08-01T20:30:00+00:00,10,2026-08-01T20:41:03.609090+00:00,10.87,5210,437,142,telegram
persiantwix,9528,1049188,entertainment,2026-08-01T20:30:00+00:00,20,2026-08-01T20:50:15.584730+00:00,20.04,8252,615,213,telegram
persiantwix,9528,1049188,entertainment,2026-08-01T20:30:00+00:00,30,2026-08-01T21:00:48.297223+00:00,30.62,10080,701,243,telegram
persiantwix,9528,1049188,entertainment,2026-08-01T20:30:00+00:00,1440,2026-08-02T20:45:34.909778+00:00,1454.44,39678,2478,678,telegram
tweetychannel,409417,775496,social_entertainment,2026-08-01T20:30:03+00:00,5,2026-08-01T20:35:49.835798+00:00,5.57,3028,139,34,telegram
tweetychannel,409417,775496,social_entertainment,2026-08-01T20:30:03+00:00,10,2026-08-01T20:41:05.297223+00:00,10.82,6068,212,68,telegram
tweetychannel,409417,775496,social_entertainment,2026-08-01T20:30:03+00:00,20,2026-08-01T20:51:37.778035+00:00,21.34,9134,327,136,telegram
tweetychannel,409417,775496,social_entertainment,2026-08-01T20:30:03+00:00,30,2026-08-01T21:00:49.846374+00:00,30.57,11145,379,136,telegram
tweetychannel,409417,775496,social_entertainment,2026-08-01T20:30:03+00:00,1440,2026-08-02T20:45:36.325776+00:00,1454.39,23528,853,309,telegram
tweetychannel,409418,775496,social_entertainment,2026-08-01T20:31:02+00:00,5,2026-08-01T20:37:08.719848+00:00,5.9,3029,2,0,telegram
tweetychannel,409418,775496,social_entertainment,2026-08-01T20:31:02+00:00,10,2026-08-01T20:42:23.553692+00:00,11.15,7112,7,0,telegram
tweetychannel,409418,775496,social_entertainment,2026-08-01T20:31:02+00:00,20,2026-08-01T20:51:37.778012+00:00,20.36,10135,9,0,telegram
tweetychannel,409418,775496,social_entertainment,2026-08-01T20:31:02+00:00,30,2026-08-01T21:02:08.326084+00:00,30.89,12153,9,34,telegram
tweetychannel,409418,775496,social_entertainment,2026-08-01T20:31:02+00:00,1440,2026-08-02T20:45:37.745218+00:00,1453.4,25980,29,90,telegram
tweetychannel,409419,775496,social_entertainment,2026-08-01T20:34:16+00:00,5,2026-08-01T20:39:46.010224+00:00,5.29,2036,0,1,telegram
tweetychannel,409419,775496,social_entertainment,2026-08-01T20:34:16+00:00,10,2026-08-01T20:45:00.214598+00:00,10.53,8123,0,1,telegram
tweetychannel,409419,775496,social_entertainment,2026-08-01T20:34:16+00:00,20,2026-08-01T20:55:34.917095+00:00,21.1,11146,0,1,telegram
tweetychannel,409419,775496,social_entertainment,2026-08-01T20:34:16+00:00,30,2026-08-01T21:04:48.548115+00:00,30.32,12167,0,1,telegram
tweetychannel,409419,775496,social_entertainment,2026-08-01T20:34:16+00:00,1440,2026-08-02T20:45:39.107560+00:00,1450.17,26380,3,18,telegram
varzesh3,298680,1296635,sport,2026-08-01T20:35:42+00:00,5,2026-08-01T20:40:58.981044+00:00,5.17,13322,0,1,telegram
varzesh3,298680,1296635,sport,2026-08-01T20:35:42+00:00,10,2026-08-01T20:46:13.041987+00:00,10.4,21586,0,1,telegram
varzesh3,298680,1296635,sport,2026-08-01T20:35:42+00:00,20,2026-08-01T20:56:47.977206+00:00,20.98,36977,0,1,telegram
varzesh3,298680,1296635,sport,2026-08-01T20:35:42+00:00,30,2026-08-01T21:06:03.605845+00:00,30.21,48301,0,1,telegram
varzesh3,298681,1296635,sport,2026-08-01T20:35:44+00:00,5,2026-08-01T20:40:58.980636+00:00,5.14,12302,0,36,telegram
varzesh3,298681,1296635,sport,2026-08-01T20:35:44+00:00,10,2026-08-01T20:46:13.041568+00:00,10.37,21582,0,36,telegram
varzesh3,298681,1296635,sport,2026-08-01T20:35:44+00:00,20,2026-08-01T20:56:47.977177+00:00,20.95,38031,0,70,telegram
varzesh3,298681,1296635,sport,2026-08-01T20:35:44+00:00,30,2026-08-01T21:06:03.604364+00:00,30.17,49320,0,70,telegram
varzesh3,298681,1296635,sport,2026-08-01T20:35:44+00:00,1440,2026-08-02T20:45:41.948462+00:00,1448.7,217159,0,156,telegram
akharinkhabar,623741,1943342,general_news,2026-08-01T20:36:45+00:00,5,2026-08-01T20:42:25.093340+00:00,5.44,3079,0,0,telegram
akharinkhabar,623741,1943342,general_news,2026-08-01T20:36:45+00:00,10,2026-08-01T20:47:39.586074+00:00,10.67,6131,0,0,telegram
akharinkhabar,623741,1943342,general_news,2026-08-01T20:36:45+00:00,20,2026-08-01T20:58:14.018883+00:00,21.25,12247,0,0,telegram
akharinkhabar,623741,1943342,general_news,2026-08-01T20:36:45+00:00,30,2026-08-01T21:07:31.137336+00:00,30.52,16331,0,0,telegram
akharinkhabar,623741,1943342,general_news,2026-08-01T20:36:45+00:00,1440,2026-08-02T20:45:44.679221+00:00,1447.69,62441,0,2,telegram
tweetychannel,409420,775496,social_entertainment,2026-08-01T20:37:03+00:00,5,2026-08-01T20:42:23.553538+00:00,5.14,5060,44,34,telegram
tweetychannel,409420,775496,social_entertainment,2026-08-01T20:37:03+00:00,10,2026-08-01T20:47:38.064622+00:00,10.37,8121,63,34,telegram
tweetychannel,409420,775496,social_entertainment,2026-08-01T20:37:03+00:00,20,2026-08-01T20:58:12.472000+00:00,20.95,11155,68,34,telegram
tweetychannel,409420,775496,social_entertainment,2026-08-01T20:37:03+00:00,30,2026-08-01T21:07:29.457854+00:00,30.22,12168,75,68,telegram
tweetychannel,409420,775496,social_entertainment,2026-08-01T20:37:03+00:00,1440,2026-08-02T20:45:46.046629+00:00,1447.39,26753,153,119,telegram
tweetychannel,409421,775496,social_entertainment,2026-08-01T20:39:21+00:00,5,2026-08-01T20:45:00.214112+00:00,5.44,6084,357,140,telegram
tweetychannel,409421,775496,social_entertainment,2026-08-01T20:39:21+00:00,10,2026-08-01T20:50:17.137290+00:00,10.69,9133,435,174,telegram
tweetychannel,409421,775496,social_entertainment,2026-08-01T20:39:21+00:00,20,2026-08-01T21:00:49.845838+00:00,21.27,12166,522,208,telegram
tweetychannel,409421,775496,social_entertainment,2026-08-01T20:39:21+00:00,30,2026-08-01T21:10:07.017676+00:00,30.55,13182,559,208,telegram
tweetychannel,409421,775496,social_entertainment,2026-08-01T20:39:21+00:00,1440,2026-08-02T20:45:48.766296+00:00,1445.09,27710,1039,286,telegram
eghtesadonline,354073,75241,economy,2026-08-01T20:39:23+00:00,5,2026-08-01T20:44:55.785921+00:00,5.41,1013,20,21,telegram
eghtesadonline,354073,75241,economy,2026-08-01T20:39:23+00:00,10,2026-08-01T20:50:12.462025+00:00,10.66,1667,29,25,telegram
eghtesadonline,354073,75241,economy,2026-08-01T20:39:23+00:00,20,2026-08-01T21:00:45.275440+00:00,21.23,2601,38,46,telegram
eghtesadonline,354073,75241,economy,2026-08-01T20:39:23+00:00,30,2026-08-01T21:10:02.611025+00:00,30.52,3523,49,56,telegram
eghtesadonline,354073,75241,economy,2026-08-01T20:39:23+00:00,1440,2026-08-02T20:45:47.415472+00:00,1445.05,9202,79,63,telegram
khabarfouri,555746,4823154,general_news,2026-08-01T20:39:41+00:00,5,2026-08-01T20:44:51.099585+00:00,5.11,4071,0,0,telegram
khabarfouri,555746,4823154,general_news,2026-08-01T20:39:41+00:00,10,2026-08-01T20:50:06.752414+00:00,10.36,7622,0,0,telegram
khabarfouri,555746,4823154,general_news,2026-08-01T20:39:41+00:00,20,2026-08-01T21:00:40.526777+00:00,20.93,13229,0,0,telegram
khabarfouri,555746,4823154,general_news,2026-08-01T20:39:41+00:00,30,2026-08-01T21:09:57.491113+00:00,30.22,17342,0,1,telegram
khabarfouri,555746,4823154,general_news,2026-08-01T20:39:41+00:00,1440,2026-08-02T20:45:50.253656+00:00,1444.75,61335,0,15,telegram
tweetychannel,409422,775496,social_entertainment,2026-08-01T20:41:11+00:00,5,2026-08-01T20:47:38.063827+00:00,6.23,5056,153,68,telegram
tweetychannel,409422,775496,social_entertainment,2026-08-01T20:41:11+00:00,10,2026-08-01T20:51:37.777951+00:00,10.21,7073,176,68,telegram
tweetychannel,409422,775496,social_entertainment,2026-08-01T20:41:11+00:00,20,2026-08-01T21:02:08.326047+00:00,20.74,10112,197,102,telegram
tweetychannel,409422,775496,social_entertainment,2026-08-01T20:41:11+00:00,30,2026-08-01T21:11:26.117000+00:00,30.03,11121,213,102,telegram
tweetychannel,409422,775496,social_entertainment,2026-08-01T20:41:11+00:00,1440,2026-08-02T20:45:51.662825+00:00,1443.25,25192,337,121,telegram
footballiapp,493050,49780,sport,2026-08-01T20:43:10+00:00,5,2026-08-01T20:48:48.791914+00:00,5.56,188,3,3,telegram
footballiapp,493050,49780,sport,2026-08-01T20:43:10+00:00,10,2026-08-01T20:54:07.922315+00:00,10.88,278,4,3,telegram
footballiapp,493050,49780,sport,2026-08-01T20:43:10+00:00,20,2026-08-01T21:03:20.994211+00:00,20.07,460,5,3,telegram
footballiapp,493050,49780,sport,2026-08-01T20:43:10+00:00,30,2026-08-01T21:13:55.936147+00:00,30.68,572,5,3,telegram
footballiapp,493050,49780,sport,2026-08-01T20:43:10+00:00,1440,2026-08-02T20:45:53.039921+00:00,1441.27,1976,14,7,telegram
persiantwix,9529,1049188,entertainment,2026-08-01T20:45:09+00:00,5,2026-08-01T20:51:36.272517+00:00,6.24,3652,8,0,telegram
persiantwix,9529,1049188,entertainment,2026-08-01T20:45:09+00:00,10,2026-08-01T20:55:33.420698+00:00,10.22,4572,9,1,telegram
persiantwix,9529,1049188,entertainment,2026-08-01T20:45:09+00:00,20,2026-08-01T21:06:08.778256+00:00,20.76,6404,11,11,telegram
persiantwix,9529,1049188,entertainment,2026-08-01T20:45:09+00:00,30,2026-08-01T21:15:20.361326+00:00,30.0,7623,13,11,telegram
persiantwix,9529,1049188,entertainment,2026-08-01T20:45:09+00:00,1440,2026-08-02T20:59:58.246562+00:00,1454.13,40783,57,64,telegram
persiantwix,9530,1049188,entertainment,2026-08-01T20:45:09+00:00,5,2026-08-01T20:51:36.272486+00:00,6.24,3352,0,0,telegram
persiantwix,9530,1049188,entertainment,2026-08-01T20:45:09+00:00,10,2026-08-01T20:55:33.420672+00:00,10.22,4572,0,1,telegram
persiantwix,9530,1049188,entertainment,2026-08-01T20:45:09+00:00,20,2026-08-01T21:06:08.778236+00:00,20.76,6401,0,11,telegram
persiantwix,9530,1049188,entertainment,2026-08-01T20:45:09+00:00,30,2026-08-01T21:15:20.361094+00:00,30.0,7621,0,11,telegram
persiantwix,9530,1049188,entertainment,2026-08-01T20:45:09+00:00,1440,2026-08-02T20:59:56.694127+00:00,1454.13,41991,0,51,telegram
persiantwix,9531,1049188,entertainment,2026-08-01T20:45:10+00:00,5,2026-08-01T20:51:36.272449+00:00,6.22,3653,0,0,telegram
persiantwix,9531,1049188,entertainment,2026-08-01T20:45:10+00:00,10,2026-08-01T20:55:33.420641+00:00,10.2,4570,0,1,telegram
persiantwix,9531,1049188,entertainment,2026-08-01T20:45:10+00:00,20,2026-08-01T21:06:08.778210+00:00,20.74,6401,0,11,telegram
persiantwix,9531,1049188,entertainment,2026-08-01T20:45:10+00:00,30,2026-08-01T21:16:41.685699+00:00,31.3,8235,0,11,telegram
persiantwix,9531,1049188,entertainment,2026-08-01T20:45:10+00:00,1440,2026-08-02T20:59:55.217686+00:00,1454.12,42593,0,50,telegram
persiantwix,9532,1049188,entertainment,2026-08-01T20:45:10+00:00,5,2026-08-01T20:51:36.271720+00:00,6.22,3653,0,0,telegram
persiantwix,9532,1049188,entertainment,2026-08-01T20:45:10+00:00,10,2026-08-01T20:55:33.420041+00:00,10.2,4573,0,1,telegram
persiantwix,9532,1049188,entertainment,2026-08-01T20:45:10+00:00,20,2026-08-01T21:06:08.777789+00:00,20.74,6402,0,11,telegram
persiantwix,9532,1049188,entertainment,2026-08-01T20:45:10+00:00,30,2026-08-01T21:16:41.685125+00:00,31.3,7931,0,11,telegram
persiantwix,9532,1049188,entertainment,2026-08-01T20:45:10+00:00,1440,2026-08-02T20:59:53.841935+00:00,1454.12,42069,0,51,telegram
farsna,453939,1816267,general_news,2026-08-01T20:45:19+00:00,5,2026-08-01T20:51:42.570161+00:00,6.07,2269,0,11,telegram
farsna,453939,1816267,general_news,2026-08-01T20:45:19+00:00,10,2026-08-01T20:55:39.753471+00:00,10.05,3223,0,11,telegram
farsna,453939,1816267,general_news,2026-08-01T20:45:19+00:00,20,2026-08-01T21:06:15.224808+00:00,20.59,5515,0,21,telegram
farsna,453939,1816267,general_news,2026-08-01T20:45:19+00:00,30,2026-08-01T21:16:48.445783+00:00,31.15,7816,0,21,telegram
tweetychannel,409423,775496,social_entertainment,2026-08-01T20:45:41+00:00,5,2026-08-01T20:51:37.777817+00:00,5.71,4036,37,137,telegram
tweetychannel,409423,775496,social_entertainment,2026-08-01T20:45:41+00:00,10,2026-08-01T20:56:53.963448+00:00,11.0,6069,48,171,telegram
tweetychannel,409423,775496,social_entertainment,2026-08-01T20:45:41+00:00,20,2026-08-01T21:06:10.328308+00:00,20.22,8091,60,239,telegram
tweetychannel,409423,775496,social_entertainment,2026-08-01T20:45:41+00:00,30,2026-08-01T21:16:43.236225+00:00,30.78,10093,73,239,telegram
tweetychannel,409423,775496,social_entertainment,2026-08-01T20:45:41+00:00,1440,2026-08-02T20:59:59.590751+00:00,1453.6,26729,203,689,telegram
akharinkhabar,623742,1943342,general_news,2026-08-01T20:46:01+00:00,5,2026-08-01T20:51:39.443208+00:00,5.37,5106,0,0,telegram
akharinkhabar,623742,1943342,general_news,2026-08-01T20:46:01+00:00,10,2026-08-01T20:56:55.539660+00:00,10.67,8178,0,0,telegram
akharinkhabar,623742,1943342,general_news,2026-08-01T20:46:01+00:00,20,2026-08-01T21:07:31.136803+00:00,21.26,15311,0,0,telegram
akharinkhabar,623742,1943342,general_news,2026-08-01T20:46:01+00:00,30,2026-08-01T21:16:45.038011+00:00,30.45,18377,0,0,telegram
akharinkhabar,623742,1943342,general_news,2026-08-01T20:46:01+00:00,1440,2026-08-02T21:00:00.954240+00:00,1453.27,68352,0,17,telegram
akharinkhabar,623743,1943342,general_news,2026-08-01T20:47:22+00:00,5,2026-08-01T20:52:58.393715+00:00,5.36,5120,0,0,telegram
akharinkhabar,623743,1943342,general_news,2026-08-01T20:47:22+00:00,10,2026-08-01T20:58:14.018019+00:00,10.63,9196,0,0,telegram
akharinkhabar,623743,1943342,general_news,2026-08-01T20:47:22+00:00,20,2026-08-01T21:08:49.776751+00:00,21.22,15335,0,0,telegram
akharinkhabar,623743,1943342,general_news,2026-08-01T20:47:22+00:00,30,2026-08-01T21:18:04.656661+00:00,30.46,19410,0,0,telegram
akharinkhabar,623743,1943342,general_news,2026-08-01T20:47:22+00:00,1440,2026-08-02T21:00:03.718501+00:00,1451.92,72279,0,65,telegram
tweetychannel,409424,775496,social_entertainment,2026-08-01T20:47:33+00:00,5,2026-08-01T20:52:56.747348+00:00,5.18,3043,47,34,telegram
tweetychannel,409424,775496,social_entertainment,2026-08-01T20:47:33+00:00,10,2026-08-01T20:58:12.471138+00:00,10.45,5059,72,68,telegram
tweetychannel,409424,775496,social_entertainment,2026-08-01T20:47:33+00:00,20,2026-08-01T21:08:48.215890+00:00,21.04,8087,82,103,telegram
tweetychannel,409424,775496,social_entertainment,2026-08-01T20:47:33+00:00,30,2026-08-01T21:18:03.067578+00:00,30.28,9088,92,103,telegram
tweetychannel,409424,775496,social_entertainment,2026-08-01T20:47:33+00:00,1440,2026-08-02T21:00:06.526426+00:00,1451.73,25229,235,268,telegram
tweetychannel,409425,775496,social_entertainment,2026-08-01T20:48:12+00:00,5,2026-08-01T20:54:15.929925+00:00,5.84,4047,76,34,telegram
tweetychannel,409425,775496,social_entertainment,2026-08-01T20:48:12+00:00,10,2026-08-01T20:59:31.096595+00:00,11.1,6065,98,34,telegram
tweetychannel,409425,775496,social_entertainment,2026-08-01T20:48:12+00:00,20,2026-08-01T21:08:48.215867+00:00,20.39,8087,117,34,telegram
tweetychannel,409425,775496,social_entertainment,2026-08-01T20:48:12+00:00,30,2026-08-01T21:19:22.600428+00:00,30.95,9089,126,34,telegram
tweetychannel,409425,775496,social_entertainment,2026-08-01T20:48:12+00:00,1440,2026-08-02T21:00:05.171963+00:00,1451.08,24769,276,74,telegram
akharinkhabar,623744,1943342,general_news,2026-08-01T20:48:18+00:00,5,2026-08-01T20:54:17.565216+00:00,5.74,5115,0,0,telegram
akharinkhabar,623744,1943342,general_news,2026-08-01T20:48:18+00:00,10,2026-08-01T20:59:32.788011+00:00,11.0,10211,0,0,telegram
akharinkhabar,623744,1943342,general_news,2026-08-01T20:48:18+00:00,20,2026-08-01T21:08:49.776314+00:00,20.29,15318,0,0,telegram
akharinkhabar,623744,1943342,general_news,2026-08-01T20:48:18+00:00,30,2026-08-01T21:19:24.162318+00:00,30.85,18406,0,0,telegram
akharinkhabar,623744,1943342,general_news,2026-08-01T20:48:18+00:00,1440,2026-08-02T21:00:07.874634+00:00,1450.98,71551,0,21,telegram
varzesh3,298682,1296635,sport,2026-08-01T20:51:01+00:00,5,2026-08-01T20:56:47.976712+00:00,5.67,16411,0,0,telegram
varzesh3,298682,1296635,sport,2026-08-01T20:51:01+00:00,10,2026-08-01T21:02:02.363927+00:00,10.91,24677,0,0,telegram
varzesh3,298682,1296635,sport,2026-08-01T20:51:01+00:00,20,2026-08-01T21:11:20.053161+00:00,20.2,36024,0,0,telegram
varzesh3,298682,1296635,sport,2026-08-01T20:51:01+00:00,30,2026-08-01T21:21:53.536057+00:00,30.77,46385,0,0,telegram
varzesh3,298682,1296635,sport,2026-08-01T20:51:01+00:00,1440,2026-08-02T21:00:09.235650+00:00,1448.27,226922,0,61,telegram
tweetychannel,409426,775496,social_entertainment,2026-08-01T20:51:10+00:00,5,2026-08-01T20:56:53.962870+00:00,5.52,3045,102,34,telegram
tweetychannel,409426,775496,social_entertainment,2026-08-01T20:51:10+00:00,10,2026-08-01T21:02:08.325974+00:00,10.76,5071,129,34,telegram
tweetychannel,409426,775496,social_entertainment,2026-08-01T20:51:10+00:00,20,2026-08-01T21:11:26.116919+00:00,20.05,8096,146,34,telegram
tweetychannel,409426,775496,social_entertainment,2026-08-01T20:51:10+00:00,30,2026-08-01T21:21:59.575406+00:00,30.62,9098,152,68,telegram
tweetychannel,409426,775496,social_entertainment,2026-08-01T20:51:10+00:00,1440,2026-08-02T21:00:10.585445+00:00,1448.12,24044,338,112,telegram
farsna,453940,1816267,general_news,2026-08-01T20:54:10+00:00,5,2026-08-01T20:59:35.831440+00:00,5.14,2286,0,11,telegram
farsna,453940,1816267,general_news,2026-08-01T20:54:10+00:00,10,2026-08-01T21:04:53.152915+00:00,10.42,3629,0,21,telegram
farsna,453940,1816267,general_news,2026-08-01T20:54:10+00:00,20,2026-08-01T21:15:26.561025+00:00,20.99,6592,0,21,telegram
farsna,453940,1816267,general_news,2026-08-01T20:54:10+00:00,30,2026-08-01T21:24:40.769277+00:00,30.23,8189,0,31,telegram
farsna,453940,1816267,general_news,2026-08-01T20:54:10+00:00,1440,2026-08-02T21:00:13.443763+00:00,1445.12,20840,0,46,telegram
akharinkhabar,623745,1943342,general_news,2026-08-01T20:54:41+00:00,5,2026-08-01T21:00:51.373511+00:00,5.93,6138,0,2,telegram
akharinkhabar,623745,1943342,general_news,2026-08-01T20:54:41+00:00,10,2026-08-01T21:06:12.021691+00:00,11.22,10218,0,2,telegram
akharinkhabar,623745,1943342,general_news,2026-08-01T20:54:41+00:00,20,2026-08-01T21:15:23.379487+00:00,20.47,14312,0,2,telegram
akharinkhabar,623745,1943342,general_news,2026-08-01T20:54:41+00:00,30,2026-08-01T21:25:56.156601+00:00,31.02,18392,0,37,telegram
akharinkhabar,623745,1943342,general_news,2026-08-01T20:54:41+00:00,1440,2026-08-02T21:00:11.980014+00:00,1444.6,72505,0,50,telegram
eghtesadonline,354074,75241,economy,2026-08-01T20:55:42+00:00,5,2026-08-01T21:02:03.841056+00:00,6.23,934,6,20,telegram
eghtesadonline,354074,75241,economy,2026-08-01T20:55:42+00:00,10,2026-08-01T21:06:05.258673+00:00,10.21,1548,7,20,telegram
eghtesadonline,354074,75241,economy,2026-08-01T20:55:42+00:00,20,2026-08-01T21:16:38.466687+00:00,20.76,2731,12,21,telegram
eghtesadonline,354074,75241,economy,2026-08-01T20:55:42+00:00,30,2026-08-01T21:27:11.095512+00:00,31.31,3470,14,23,telegram
eghtesadonline,354074,75241,economy,2026-08-01T20:55:42+00:00,1440,2026-08-02T21:00:14.806945+00:00,1443.58,8859,34,30,telegram
footballiapp,493051,49780,sport,2026-08-01T20:56:52+00:00,5,2026-08-01T21:02:00.734705+00:00,5.06,152,0,1,telegram
footballiapp,493051,49780,sport,2026-08-01T20:56:52+00:00,10,2026-08-01T21:07:21.781842+00:00,10.41,244,0,1,telegram
footballiapp,493051,49780,sport,2026-08-01T20:56:52+00:00,20,2026-08-01T21:17:55.456029+00:00,20.96,338,0,1,telegram
footballiapp,493051,49780,sport,2026-08-01T20:56:52+00:00,30,2026-08-01T21:27:07.716373+00:00,30.14,417,0,2,telegram
footballiapp,493051,49780,sport,2026-08-01T20:56:52+00:00,1440,2026-08-02T21:00:16.316122+00:00,1442.42,1830,0,4,telegram
tweetychannel,409427,775496,social_entertainment,2026-08-01T20:58:09+00:00,5,2026-08-01T21:03:29.291111+00:00,5.09,2037,0,0,telegram
tweetychannel,409427,775496,social_entertainment,2026-08-01T20:58:09+00:00,10,2026-08-01T21:08:48.215834+00:00,10.44,3049,0,0,telegram
tweetychannel,409427,775496,social_entertainment,2026-08-01T20:58:09+00:00,20,2026-08-01T21:19:22.600383+00:00,21.0,4052,0,0,telegram
tweetychannel,409427,775496,social_entertainment,2026-08-01T20:58:09+00:00,30,2026-08-01T21:28:35.795428+00:00,30.22,5054,0,0,telegram
tweetychannel,409427,775496,social_entertainment,2026-08-01T20:58:09+00:00,1440,2026-08-02T21:00:20.578721+00:00,1441.13,16821,8,0,telegram
tweetychannel,409428,775496,social_entertainment,2026-08-01T20:58:59+00:00,5,2026-08-01T21:04:48.548013+00:00,5.61,4060,53,1,telegram
tweetychannel,409428,775496,social_entertainment,2026-08-01T20:58:59+00:00,10,2026-08-01T21:10:07.017568+00:00,10.92,5068,60,1,telegram
tweetychannel,409428,775496,social_entertainment,2026-08-01T20:58:59+00:00,20,2026-08-01T21:19:22.600318+00:00,20.17,6070,69,1,telegram
tweetychannel,409428,775496,social_entertainment,2026-08-01T20:58:59+00:00,30,2026-08-01T21:29:54.153782+00:00,30.71,7073,77,1,telegram
tweetychannel,409428,775496,social_entertainment,2026-08-01T20:58:59+00:00,1440,2026-08-02T21:00:19.218178+00:00,1440.3,24906,226,34,telegram
tweetychannel,409429,775496,social_entertainment,2026-08-01T20:59:08+00:00,5,2026-08-01T21:04:48.547845+00:00,5.46,4055,90,35,telegram
tweetychannel,409429,775496,social_entertainment,2026-08-01T20:59:08+00:00,10,2026-08-01T21:10:07.017538+00:00,10.77,5065,118,35,telegram
tweetychannel,409429,775496,social_entertainment,2026-08-01T20:59:08+00:00,20,2026-08-01T21:19:22.599591+00:00,20.02,6067,145,35,telegram
tweetychannel,409429,775496,social_entertainment,2026-08-01T20:59:08+00:00,30,2026-08-01T21:29:54.153345+00:00,30.56,7070,170,35,telegram
tweetychannel,409429,775496,social_entertainment,2026-08-01T20:59:08+00:00,1440,2026-08-02T21:00:17.822344+00:00,1440.15,24349,539,154,telegram
tweetychannel,409430,775496,social_entertainment,2026-08-01T21:01:09+00:00,5,2026-08-01T21:07:29.457749+00:00,6.12,3046,167,35,telegram
tweetychannel,409430,775496,social_entertainment,2026-08-01T21:01:09+00:00,10,2026-08-01T21:11:26.116094+00:00,10.06,4049,190,35,telegram
tweetychannel,409430,775496,social_entertainment,2026-08-01T21:01:09+00:00,20,2026-08-01T21:21:59.574333+00:00,20.63,5051,232,35,telegram
tweetychannel,409430,775496,social_entertainment,2026-08-01T21:01:09+00:00,30,2026-08-01T21:32:32.628328+00:00,31.18,6086,267,35,telegram
khabarfouri,555747,4823154,general_news,2026-08-01T21:01:25+00:00,5,2026-08-01T21:07:20.040220+00:00,5.86,5436,0,11,telegram
khabarfouri,555747,4823154,general_news,2026-08-01T21:01:25+00:00,10,2026-08-01T21:12:35.503095+00:00,11.12,8512,0,11,telegram
khabarfouri,555747,4823154,general_news,2026-08-01T21:01:25+00:00,20,2026-08-01T21:21:50.283739+00:00,20.37,12574,0,11,telegram
khabarfouri,555747,4823154,general_news,2026-08-01T21:01:25+00:00,30,2026-08-01T21:32:23.217758+00:00,30.91,15622,0,11,telegram
tweetychannel,409431,775496,social_entertainment,2026-08-01T21:01:59+00:00,5,2026-08-01T21:07:29.457246+00:00,5.29,2042,24,34,telegram
tweetychannel,409431,775496,social_entertainment,2026-08-01T21:01:59+00:00,10,2026-08-01T21:12:44.910370+00:00,10.55,4047,33,69,telegram
tweetychannel,409431,775496,social_entertainment,2026-08-01T21:01:59+00:00,20,2026-08-01T21:23:17.767892+00:00,21.11,5048,38,69,telegram
tweetychannel,409431,775496,social_entertainment,2026-08-01T21:01:59+00:00,30,2026-08-01T21:32:32.627021+00:00,30.35,6082,42,103,telegram
tweetychannel,409432,775496,social_entertainment,2026-08-01T21:03:01+00:00,5,2026-08-01T21:08:48.215329+00:00,5.57,2027,1,0,telegram
tweetychannel,409432,775496,social_entertainment,2026-08-01T21:03:01+00:00,10,2026-08-01T21:14:03.362906+00:00,10.83,4031,0,0,telegram
tweetychannel,409432,775496,social_entertainment,2026-08-01T21:03:01+00:00,20,2026-08-01T21:23:17.765129+00:00,20.07,5067,1,0,telegram
tweetychannel,409432,775496,social_entertainment,2026-08-01T21:03:01+00:00,30,2026-08-01T21:33:51.417983+00:00,30.63,6071,2,0,telegram
tweetychannel,409433,775496,social_entertainment,2026-08-01T21:04:01+00:00,5,2026-08-01T21:10:07.016873+00:00,5.89,3023,8,1,telegram
tweetychannel,409433,775496,social_entertainment,2026-08-01T21:04:01+00:00,10,2026-08-01T21:15:21.843010+00:00,11.14,4055,8,1,telegram
tweetychannel,409433,775496,social_entertainment,2026-08-01T21:04:01+00:00,20,2026-08-01T21:24:36.248890+00:00,20.38,5063,8,1,telegram
tweetychannel,409433,775496,social_entertainment,2026-08-01T21:04:01+00:00,30,2026-08-01T21:35:10.120678+00:00,30.94,6069,10,1,telegram
eghtesadonline,354075,75241,economy,2026-08-01T21:06:37+00:00,5,2026-08-01T21:12:40.362023+00:00,5.92,1236,8,20,telegram
eghtesadonline,354075,75241,economy,2026-08-01T21:06:37+00:00,10,2026-08-01T21:17:58.577378+00:00,11.21,1799,11,23,telegram
eghtesadonline,354075,75241,economy,2026-08-01T21:06:37+00:00,20,2026-08-01T21:27:11.094904+00:00,20.39,2600,14,28,telegram
eghtesadonline,354075,75241,economy,2026-08-01T21:06:37+00:00,30,2026-08-01T21:37:42.380206+00:00,30.96,3130,14,28,telegram
eghtesadonline,354076,75241,economy,2026-08-01T21:08:34+00:00,5,2026-08-01T21:13:58.948938+00:00,5.28,935,10,10,telegram
eghtesadonline,354076,75241,economy,2026-08-01T21:08:34+00:00,10,2026-08-01T21:19:18.005779+00:00,10.58,1654,14,17,telegram
eghtesadonline,354076,75241,economy,2026-08-01T21:08:34+00:00,20,2026-08-01T21:29:49.749145+00:00,21.13,2673,15,23,telegram
eghtesadonline,354076,75241,economy,2026-08-01T21:08:34+00:00,30,2026-08-01T21:39:01.225609+00:00,30.31,3109,15,23,telegram
farsna,453941,1816267,general_news,2026-08-01T21:08:45+00:00,5,2026-08-01T21:14:07.962805+00:00,5.1,2892,0,21,telegram
farsna,453941,1816267,general_news,2026-08-01T21:08:45+00:00,10,2026-08-01T21:19:27.235626+00:00,10.4,4536,0,42,telegram
farsna,453941,1816267,general_news,2026-08-01T21:08:45+00:00,20,2026-08-01T21:29:58.847625+00:00,20.94,7182,0,52,telegram
farsna,453941,1816267,general_news,2026-08-01T21:08:45+00:00,30,2026-08-01T21:39:14.584937+00:00,30.13,8500,0,52,telegram
persiantwix,9533,1049188,entertainment,2026-08-01T21:15:04+00:00,5,2026-08-01T21:20:39.608149+00:00,5.41,2147,2,0,telegram
persiantwix,9533,1049188,entertainment,2026-08-01T21:15:04+00:00,10,2026-08-01T21:25:53.052331+00:00,10.63,3361,5,0,telegram
persiantwix,9533,1049188,entertainment,2026-08-01T21:15:04+00:00,20,2026-08-01T21:36:27.164588+00:00,21.2,4582,12,0,telegram
persiantwix,9533,1049188,entertainment,2026-08-01T21:15:04+00:00,30,2026-08-01T21:45:47.025765+00:00,30.53,5621,12,0,telegram
eghtesadonline,354077,75241,economy,2026-08-01T21:20:23+00:00,5,2026-08-01T21:25:50.059311+00:00,5.32,1049,25,18,telegram
eghtesadonline,354077,75241,economy,2026-08-01T21:20:23+00:00,10,2026-08-01T21:31:09.377611+00:00,10.62,1578,36,25,telegram
eghtesadonline,354077,75241,economy,2026-08-01T21:20:23+00:00,20,2026-08-01T21:41:48.002203+00:00,21.27,2229,46,32,telegram
eghtesadonline,354077,75241,economy,2026-08-01T21:20:23+00:00,30,2026-08-01T21:51:11.806096+00:00,30.67,2572,53,32,telegram
varzesh3,298683,1296635,sport,2026-08-01T21:25:09+00:00,5,2026-08-01T21:31:07.132042+00:00,5.85,13355,0,1,telegram
varzesh3,298683,1296635,sport,2026-08-01T21:25:09+00:00,10,2026-08-01T21:36:22.697436+00:00,11.12,22608,0,1,telegram
varzesh3,298683,1296635,sport,2026-08-01T21:25:09+00:00,20,2026-08-01T21:45:42.535993+00:00,20.45,31909,0,1,telegram
varzesh3,298683,1296635,sport,2026-08-01T21:25:09+00:00,30,2026-08-01T21:56:24.092728+00:00,31.14,38157,0,1,telegram
farsna,453942,1816267,general_news,2026-08-01T21:26:13+00:00,5,2026-08-01T21:32:37.373254+00:00,6.11,2329,0,0,telegram
farsna,453942,1816267,general_news,2026-08-01T21:26:13+00:00,10,2026-08-01T21:36:33.195586+00:00,10.05,3300,0,0,telegram
farsna,453942,1816267,general_news,2026-08-01T21:26:13+00:00,20,2026-08-01T21:47:11.215416+00:00,20.69,5001,0,10,telegram
farsna,453942,1816267,general_news,2026-08-01T21:26:13+00:00,30,2026-08-01T21:56:34.462835+00:00,30.07,6019,0,10,telegram
farsna,453943,1816267,general_news,2026-08-01T21:30:32+00:00,5,2026-08-01T21:36:33.195123+00:00,5.73,1972,0,0,telegram
farsna,453943,1816267,general_news,2026-08-01T21:30:32+00:00,10,2026-08-01T21:41:57.413592+00:00,11.12,3308,0,0,telegram
farsna,453943,1816267,general_news,2026-08-01T21:30:32+00:00,20,2026-08-01T21:51:20.936900+00:00,20.52,4669,0,0,telegram
farsna,453943,1816267,general_news,2026-08-01T21:30:32+00:00,30,2026-08-01T22:01:52.546464+00:00,31.0,5405,0,10,telegram
eghtesadonline,354078,75241,economy,2026-08-01T21:36:15+00:00,5,2026-08-01T21:41:47.998696+00:00,5.4,592,4,1,telegram
eghtesadonline,354078,75241,economy,2026-08-01T21:36:15+00:00,10,2026-08-01T21:47:02.358069+00:00,10.65,933,11,1,telegram
eghtesadonline,354078,75241,economy,2026-08-01T21:36:15+00:00,20,2026-08-01T21:56:25.579940+00:00,20.04,1315,16,2,telegram
eghtesadonline,354078,75241,economy,2026-08-01T21:36:15+00:00,30,2026-08-01T22:07:00.151539+00:00,30.61,1935,22,2,telegram
footballiapp,493052,49780,sport,2026-08-01T21:41:27+00:00,5,2026-08-01T21:46:59.360518+00:00,5.45,108,1,3,telegram
footballiapp,493052,49780,sport,2026-08-01T21:41:27+00:00,10,2026-08-01T21:52:27.261882+00:00,10.92,162,2,5,telegram
footballiapp,493052,49780,sport,2026-08-01T21:41:27+00:00,20,2026-08-01T22:01:39.440978+00:00,20.09,285,3,6,telegram
footballiapp,493052,49780,sport,2026-08-01T21:41:27+00:00,30,2026-08-01T22:12:11.221179+00:00,30.65,411,3,6,telegram
farsna,453944,1816267,general_news,2026-08-01T21:43:30+00:00,5,2026-08-01T21:50:02.164112+00:00,6.21,1364,0,0,telegram
farsna,453944,1816267,general_news,2026-08-01T21:43:30+00:00,10,2026-08-01T21:53:57.639852+00:00,10.18,2398,0,1,telegram
farsna,453944,1816267,general_news,2026-08-01T21:43:30+00:00,20,2026-08-01T22:04:30.931362+00:00,20.72,3823,0,1,telegram
farsna,453944,1816267,general_news,2026-08-01T21:43:30+00:00,30,2026-08-01T22:14:59.751240+00:00,31.21,4979,0,1,telegram
farsna,453945,1816267,general_news,2026-08-01T21:43:30+00:00,5,2026-08-01T21:50:02.164102+00:00,6.21,1362,0,0,telegram
farsna,453945,1816267,general_news,2026-08-01T21:43:30+00:00,10,2026-08-01T21:53:57.639834+00:00,10.18,2395,0,1,telegram
farsna,453945,1816267,general_news,2026-08-01T21:43:30+00:00,20,2026-08-01T22:04:30.931352+00:00,20.72,3824,0,1,telegram
farsna,453945,1816267,general_news,2026-08-01T21:43:30+00:00,30,2026-08-01T22:14:59.751223+00:00,31.21,4983,0,1,telegram
farsna,453946,1816267,general_news,2026-08-01T21:43:30+00:00,5,2026-08-01T21:50:02.164093+00:00,6.21,1361,0,0,telegram
farsna,453946,1816267,general_news,2026-08-01T21:43:30+00:00,10,2026-08-01T21:53:57.639817+00:00,10.18,2696,0,1,telegram
farsna,453946,1816267,general_news,2026-08-01T21:43:30+00:00,20,2026-08-01T22:04:30.931339+00:00,20.72,4123,0,1,telegram
farsna,453946,1816267,general_news,2026-08-01T21:43:30+00:00,30,2026-08-01T22:14:59.751205+00:00,31.21,5279,0,1,telegram
farsna,453947,1816267,general_news,2026-08-01T21:43:30+00:00,5,2026-08-01T21:50:02.164083+00:00,6.21,1362,0,0,telegram
farsna,453947,1816267,general_news,2026-08-01T21:43:30+00:00,10,2026-08-01T21:53:57.639799+00:00,10.18,2697,0,1,telegram
farsna,453947,1816267,general_news,2026-08-01T21:43:30+00:00,20,2026-08-01T22:04:30.931329+00:00,20.72,3825,0,1,telegram
farsna,453947,1816267,general_news,2026-08-01T21:43:30+00:00,30,2026-08-01T22:14:59.751182+00:00,31.21,5985,0,1,telegram
farsna,453948,1816267,general_news,2026-08-01T21:43:30+00:00,5,2026-08-01T21:50:02.164074+00:00,6.21,1362,0,0,telegram
farsna,453948,1816267,general_news,2026-08-01T21:43:30+00:00,10,2026-08-01T21:53:57.639781+00:00,10.18,2697,0,1,telegram
farsna,453948,1816267,general_news,2026-08-01T21:43:30+00:00,20,2026-08-01T22:04:30.931319+00:00,20.72,4125,0,1,telegram
farsna,453948,1816267,general_news,2026-08-01T21:43:30+00:00,30,2026-08-01T22:14:59.751165+00:00,31.21,5281,0,1,telegram
farsna,453949,1816267,general_news,2026-08-01T21:43:30+00:00,5,2026-08-01T21:50:02.164064+00:00,6.21,1361,0,0,telegram
farsna,453949,1816267,general_news,2026-08-01T21:43:30+00:00,10,2026-08-01T21:53:57.639763+00:00,10.18,2696,0,1,telegram
farsna,453949,1816267,general_news,2026-08-01T21:43:30+00:00,20,2026-08-01T22:04:30.931304+00:00,20.72,4124,0,1,telegram
farsna,453949,1816267,general_news,2026-08-01T21:43:30+00:00,30,2026-08-01T22:14:59.751147+00:00,31.21,6284,0,1,telegram
farsna,453950,1816267,general_news,2026-08-01T21:43:30+00:00,5,2026-08-01T21:50:02.164053+00:00,6.21,1362,0,0,telegram
farsna,453950,1816267,general_news,2026-08-01T21:43:30+00:00,10,2026-08-01T21:53:57.639745+00:00,10.18,2697,0,1,telegram
farsna,453950,1816267,general_news,2026-08-01T21:43:30+00:00,20,2026-08-01T22:04:30.931294+00:00,20.72,4128,0,1,telegram
farsna,453950,1816267,general_news,2026-08-01T21:43:30+00:00,30,2026-08-01T22:14:59.751129+00:00,31.21,5284,0,1,telegram
farsna,453951,1816267,general_news,2026-08-01T21:43:30+00:00,5,2026-08-01T21:50:02.164027+00:00,6.21,1365,0,0,telegram
farsna,453951,1816267,general_news,2026-08-01T21:43:30+00:00,10,2026-08-01T21:53:57.639728+00:00,10.18,2701,0,1,telegram
farsna,453951,1816267,general_news,2026-08-01T21:43:30+00:00,20,2026-08-01T22:04:30.931270+00:00,20.72,4130,0,1,telegram
farsna,453951,1816267,general_news,2026-08-01T21:43:30+00:00,30,2026-08-01T22:14:59.751111+00:00,31.21,6320,0,1,telegram
farsna,453952,1816267,general_news,2026-08-01T21:43:31+00:00,5,2026-08-01T21:50:02.164017+00:00,6.2,1365,0,0,telegram
farsna,453952,1816267,general_news,2026-08-01T21:43:31+00:00,10,2026-08-01T21:53:57.639710+00:00,10.16,2698,0,1,telegram
farsna,453952,1816267,general_news,2026-08-01T21:43:31+00:00,20,2026-08-01T22:04:30.931260+00:00,20.7,4134,0,1,telegram
farsna,453952,1816267,general_news,2026-08-01T21:43:31+00:00,30,2026-08-01T22:14:59.751088+00:00,31.2,6324,0,1,telegram
farsna,453953,1816267,general_news,2026-08-01T21:43:31+00:00,5,2026-08-01T21:50:02.163861+00:00,6.2,1366,0,0,telegram
farsna,453953,1816267,general_news,2026-08-01T21:43:31+00:00,10,2026-08-01T21:53:57.639692+00:00,10.16,2700,0,1,telegram
farsna,453953,1816267,general_news,2026-08-01T21:43:31+00:00,20,2026-08-01T22:04:30.931249+00:00,20.7,4129,0,1,telegram
farsna,453953,1816267,general_news,2026-08-01T21:43:31+00:00,30,2026-08-01T22:14:59.751070+00:00,31.2,6285,0,1,telegram
farsna,453954,1816267,general_news,2026-08-01T21:43:39+00:00,5,2026-08-01T21:50:02.163851+00:00,6.06,1367,0,0,telegram
farsna,453954,1816267,general_news,2026-08-01T21:43:39+00:00,10,2026-08-01T21:53:57.639674+00:00,10.03,3004,0,1,telegram
farsna,453954,1816267,general_news,2026-08-01T21:43:39+00:00,20,2026-08-01T22:04:30.931234+00:00,20.57,4496,0,1,telegram
farsna,453954,1816267,general_news,2026-08-01T21:43:39+00:00,30,2026-08-01T22:14:59.751048+00:00,31.06,6658,0,1,telegram
farsna,453955,1816267,general_news,2026-08-01T21:43:39+00:00,5,2026-08-01T21:50:02.163841+00:00,6.06,1358,0,0,telegram
farsna,453955,1816267,general_news,2026-08-01T21:43:39+00:00,10,2026-08-01T21:53:57.639655+00:00,10.03,2993,0,1,telegram
farsna,453955,1816267,general_news,2026-08-01T21:43:39+00:00,20,2026-08-01T22:04:30.931223+00:00,20.57,4483,0,1,telegram
farsna,453955,1816267,general_news,2026-08-01T21:43:39+00:00,30,2026-08-01T22:14:59.751029+00:00,31.06,6610,0,1,telegram
farsna,453956,1816267,general_news,2026-08-01T21:43:39+00:00,5,2026-08-01T21:50:02.163830+00:00,6.06,1357,0,0,telegram
farsna,453956,1816267,general_news,2026-08-01T21:43:39+00:00,10,2026-08-01T21:53:57.639634+00:00,10.03,2995,0,1,telegram
farsna,453956,1816267,general_news,2026-08-01T21:43:39+00:00,20,2026-08-01T22:04:30.931176+00:00,20.57,5489,0,1,telegram
farsna,453956,1816267,general_news,2026-08-01T21:43:39+00:00,30,2026-08-01T22:14:59.751008+00:00,31.06,6646,0,1,telegram
farsna,453957,1816267,general_news,2026-08-01T21:43:39+00:00,5,2026-08-01T21:50:02.163815+00:00,6.06,1357,0,0,telegram
farsna,453957,1816267,general_news,2026-08-01T21:43:39+00:00,10,2026-08-01T21:53:57.639607+00:00,10.03,2994,0,1,telegram
farsna,453957,1816267,general_news,2026-08-01T21:43:39+00:00,20,2026-08-01T22:04:30.931162+00:00,20.57,5484,0,1,telegram
farsna,453957,1816267,general_news,2026-08-01T21:43:39+00:00,30,2026-08-01T22:14:59.750985+00:00,31.06,6641,0,1,telegram
farsna,453958,1816267,general_news,2026-08-01T21:43:39+00:00,5,2026-08-01T21:50:02.162774+00:00,6.06,1357,0,0,telegram
farsna,453958,1816267,general_news,2026-08-01T21:43:39+00:00,10,2026-08-01T21:53:57.637772+00:00,10.03,2994,0,1,telegram
farsna,453958,1816267,general_news,2026-08-01T21:43:39+00:00,20,2026-08-01T22:04:30.930884+00:00,20.57,5489,0,1,telegram
farsna,453958,1816267,general_news,2026-08-01T21:43:39+00:00,30,2026-08-01T22:14:59.750450+00:00,31.06,6681,0,1,telegram
farsna,453959,1816267,general_news,2026-08-01T21:50:43+00:00,5,2026-08-01T21:56:34.462155+00:00,5.57,2315,0,10,telegram
farsna,453959,1816267,general_news,2026-08-01T21:50:43+00:00,10,2026-08-01T22:01:52.545888+00:00,10.82,3435,0,10,telegram
farsna,453959,1816267,general_news,2026-08-01T21:50:43+00:00,20,2026-08-01T22:11:04.893600+00:00,20.08,5621,0,10,telegram
farsna,453959,1816267,general_news,2026-08-01T21:50:43+00:00,30,2026-08-01T22:21:33.247472+00:00,30.54,7814,0,11,telegram
footballiapp,493053,49780,sport,2026-08-01T21:52:22+00:00,5,2026-08-01T21:57:40.722775+00:00,5.23,125,0,2,telegram
footballiapp,493053,49780,sport,2026-08-01T21:52:22+00:00,10,2026-08-01T22:02:59.701862+00:00,10.53,189,0,2,telegram
footballiapp,493053,49780,sport,2026-08-01T21:52:22+00:00,20,2026-08-01T22:13:29.281585+00:00,21.04,378,0,3,telegram
footballiapp,493053,49780,sport,2026-08-01T21:52:22+00:00,30,2026-08-01T22:22:39.476884+00:00,30.21,440,0,3,telegram
eghtesadonline,354079,75241,economy,2026-08-01T21:56:51+00:00,5,2026-08-01T22:03:02.772409+00:00,6.05,717,6,5,telegram
eghtesadonline,354079,75241,economy,2026-08-01T21:56:51+00:00,10,2026-08-01T22:07:00.150670+00:00,10.01,969,6,5,telegram
eghtesadonline,354079,75241,economy,2026-08-01T21:56:51+00:00,20,2026-08-01T22:17:28.004044+00:00,20.48,1438,7,5,telegram
eghtesadonline,354079,75241,economy,2026-08-01T21:56:51+00:00,30,2026-08-01T22:27:59.201374+00:00,31.0,1783,7,6,telegram
eghtesadonline,354080,75241,economy,2026-08-01T21:58:07+00:00,5,2026-08-01T22:04:21.345254+00:00,6.1,716,5,3,telegram
eghtesadonline,354080,75241,economy,2026-08-01T21:58:07+00:00,10,2026-08-01T22:08:18.902721+00:00,10.06,908,5,6,telegram
eghtesadonline,354080,75241,economy,2026-08-01T21:58:07+00:00,20,2026-08-01T22:18:46.371747+00:00,20.52,1373,7,6,telegram
eghtesadonline,354080,75241,economy,2026-08-01T21:58:07+00:00,30,2026-08-01T22:29:17.607570+00:00,31.04,1750,8,7,telegram
footballiapp,493054,49780,sport,2026-08-01T22:07:00+00:00,5,2026-08-01T22:12:11.221034+00:00,5.1,160,1,5,telegram
footballiapp,493054,49780,sport,2026-08-01T22:07:00+00:00,10,2026-08-01T22:17:24.969925+00:00,10.33,251,1,6,telegram
footballiapp,493054,49780,sport,2026-08-01T22:07:00+00:00,20,2026-08-01T22:27:56.197016+00:00,20.85,313,3,7,telegram
footballiapp,493054,49780,sport,2026-08-01T22:07:00+00:00,30,2026-08-01T22:37:08.331059+00:00,30.06,393,6,8,telegram
eghtesadonline,354081,75241,economy,2026-08-01T22:08:08+00:00,5,2026-08-01T22:13:32.725091+00:00,5.27,529,6,2,telegram
eghtesadonline,354081,75241,economy,2026-08-01T22:08:08+00:00,10,2026-08-01T22:18:46.371268+00:00,10.5,717,8,2,telegram
eghtesadonline,354081,75241,economy,2026-08-01T22:08:08+00:00,20,2026-08-01T22:29:17.607010+00:00,21.02,1214,11,2,telegram
eghtesadonline,354081,75241,economy,2026-08-01T22:08:08+00:00,30,2026-08-01T22:38:29.364915+00:00,30.22,1562,13,3,telegram
footballiapp,493055,49780,sport,2026-08-01T22:08:08+00:00,5,2026-08-01T22:13:29.281450+00:00,5.27,190,1,4,telegram
footballiapp,493055,49780,sport,2026-08-01T22:08:08+00:00,10,2026-08-01T22:18:43.283764+00:00,10.5,223,1,5,telegram
footballiapp,493055,49780,sport,2026-08-01T22:08:08+00:00,20,2026-08-01T22:29:14.368587+00:00,21.02,314,3,6,telegram
footballiapp,493055,49780,sport,2026-08-01T22:08:08+00:00,30,2026-08-01T22:38:26.396640+00:00,30.22,376,6,8,telegram
footballiapp,493056,49780,sport,2026-08-01T22:09:18+00:00,5,2026-08-01T22:14:47.650015+00:00,5.41,159,2,7,telegram
footballiapp,493056,49780,sport,2026-08-01T22:09:18+00:00,10,2026-08-01T22:20:02.009517+00:00,10.65,221,3,8,telegram
footballiapp,493056,49780,sport,2026-08-01T22:09:18+00:00,20,2026-08-01T22:30:32.826122+00:00,21.16,313,6,8,telegram
footballiapp,493056,49780,sport,2026-08-01T22:09:18+00:00,30,2026-08-01T22:39:44.935575+00:00,30.36,386,7,9,telegram
footballiapp,493057,49780,sport,2026-08-01T22:10:57+00:00,5,2026-08-01T22:16:06.025037+00:00,5.07,127,3,6,telegram
footballiapp,493057,49780,sport,2026-08-01T22:10:57+00:00,10,2026-08-01T22:21:20.757440+00:00,10.31,218,4,8,telegram
footballiapp,493057,49780,sport,2026-08-01T22:10:57+00:00,20,2026-08-01T22:31:51.515303+00:00,20.82,280,8,8,telegram
footballiapp,493057,49780,sport,2026-08-01T22:10:57+00:00,30,2026-08-01T22:41:03.126991+00:00,30.02,362,8,10,telegram
varzesh3,298684,1296635,sport,2026-08-01T22:11:33+00:00,5,2026-08-01T22:17:26.563322+00:00,5.78,7224,0,1,telegram
varzesh3,298684,1296635,sport,2026-08-01T22:11:33+00:00,10,2026-08-01T22:22:41.081230+00:00,11.02,10362,0,1,telegram
varzesh3,298684,1296635,sport,2026-08-01T22:11:33+00:00,20,2026-08-01T22:31:54.107042+00:00,20.22,15546,0,1,telegram
varzesh3,298684,1296635,sport,2026-08-01T22:11:33+00:00,30,2026-08-01T22:42:23.058733+00:00,30.72,20710,0,1,telegram
varzesh3,298685,1296635,sport,2026-08-01T22:11:39+00:00,5,2026-08-01T22:17:26.562868+00:00,5.68,11336,0,71,telegram
varzesh3,298685,1296635,sport,2026-08-01T22:11:39+00:00,10,2026-08-01T22:22:41.080755+00:00,10.92,16531,0,71,telegram
varzesh3,298685,1296635,sport,2026-08-01T22:11:39+00:00,20,2026-08-01T22:31:54.106558+00:00,20.12,22786,0,105,telegram
varzesh3,298685,1296635,sport,2026-08-01T22:11:39+00:00,30,2026-08-01T22:42:23.057993+00:00,30.62,29016,0,140,telegram
farsna,453960,1816267,general_news,2026-08-01T22:11:42+00:00,5,2026-08-01T22:17:36.999915+00:00,5.63,2193,0,3,telegram
farsna,453960,1816267,general_news,2026-08-01T22:11:42+00:00,10,2026-08-01T22:22:51.548200+00:00,10.87,3317,0,6,telegram
farsna,453960,1816267,general_news,2026-08-01T22:11:42+00:00,20,2026-08-01T22:32:05.738692+00:00,20.07,5885,0,8,telegram
farsna,453960,1816267,general_news,2026-08-01T22:11:42+00:00,30,2026-08-01T22:42:33.386765+00:00,30.57,6921,0,38,telegram
footballiapp,493058,49780,sport,2026-08-01T22:12:42+00:00,5,2026-08-01T22:18:43.283298+00:00,5.94,126,3,3,telegram
footballiapp,493058,49780,sport,2026-08-01T22:12:42+00:00,10,2026-08-01T22:23:59.663615+00:00,11.18,187,5,4,telegram
footballiapp,493058,49780,sport,2026-08-01T22:12:42+00:00,20,2026-08-01T22:33:12.516828+00:00,20.42,248,7,4,telegram
footballiapp,493058,49780,sport,2026-08-01T22:12:42+00:00,30,2026-08-01T22:43:39.480898+00:00,30.88,318,7,5,telegram
khabarfouri,555748,4823154,general_news,2026-08-01T22:16:35+00:00,5,2026-08-01T22:22:37.891555+00:00,5.99,3067,0,0,telegram
khabarfouri,555748,4823154,general_news,2026-08-01T22:16:35+00:00,10,2026-08-01T22:27:54.559903+00:00,11.27,4107,0,0,telegram
khabarfouri,555748,4823154,general_news,2026-08-01T22:16:35+00:00,20,2026-08-01T22:37:06.755237+00:00,20.47,6139,0,0,telegram
khabarfouri,555748,4823154,general_news,2026-08-01T22:16:35+00:00,30,2026-08-01T22:47:32.181168+00:00,30.9,8179,0,0,telegram
khabarfouri,555749,4823154,general_news,2026-08-01T22:17:58+00:00,5,2026-08-01T22:23:57.112868+00:00,5.91,3079,0,0,telegram
khabarfouri,555749,4823154,general_news,2026-08-01T22:17:58+00:00,10,2026-08-01T22:29:12.745371+00:00,11.19,4111,0,0,telegram
khabarfouri,555749,4823154,general_news,2026-08-01T22:17:58+00:00,20,2026-08-01T22:38:24.811886+00:00,20.39,6143,0,0,telegram
khabarfouri,555749,4823154,general_news,2026-08-01T22:17:58+00:00,30,2026-08-01T22:48:50.395672+00:00,30.82,8189,0,0,telegram
farsna,453961,1816267,general_news,2026-08-01T22:19:05+00:00,5,2026-08-01T22:25:31.518383+00:00,6.15,2217,0,0,telegram
farsna,453961,1816267,general_news,2026-08-01T22:19:05+00:00,10,2026-08-01T22:29:26.607783+00:00,10.07,3450,0,1,telegram
farsna,453961,1816267,general_news,2026-08-01T22:19:05+00:00,20,2026-08-01T22:39:57.018319+00:00,20.58,5406,0,22,telegram
farsna,453961,1816267,general_news,2026-08-01T22:19:05+00:00,30,2026-08-01T22:50:22.082915+00:00,31.0,6708,0,23,telegram
eghtesadonline,354082,75241,economy,2026-08-01T22:20:22+00:00,5,2026-08-01T22:26:40.991901+00:00,6.18,464,2,3,telegram
eghtesadonline,354082,75241,economy,2026-08-01T22:20:22+00:00,10,2026-08-01T22:30:35.940706+00:00,10.1,627,2,4,telegram
eghtesadonline,354082,75241,economy,2026-08-01T22:20:22+00:00,20,2026-08-01T22:41:06.109710+00:00,20.6,1126,6,5,telegram
eghtesadonline,354082,75241,economy,2026-08-01T22:20:22+00:00,30,2026-08-01T22:51:31.630728+00:00,31.02,1471,10,7,telegram
farsna,453963,1816267,general_news,2026-08-01T22:24:22+00:00,5,2026-08-01T22:30:45.066963+00:00,6.1,1840,0,7,telegram
farsna,453963,1816267,general_news,2026-08-01T22:24:22+00:00,10,2026-08-01T22:34:43.753766+00:00,10.07,3153,0,23,telegram
farsna,453963,1816267,general_news,2026-08-01T22:24:22+00:00,20,2026-08-01T22:45:09.239341+00:00,20.51,4844,0,23,telegram
farsna,453963,1816267,general_news,2026-08-01T22:24:22+00:00,30,2026-08-01T22:55:34.780725+00:00,30.93,5874,0,24,telegram
farsna,453964,1816267,general_news,2026-08-01T22:30:30+00:00,5,2026-08-01T22:36:02.227821+00:00,5.25,1828,0,6,telegram
farsna,453964,1816267,general_news,2026-08-01T22:30:30+00:00,10,2026-08-01T22:41:15.083804+00:00,10.47,2505,0,6,telegram
farsna,453964,1816267,general_news,2026-08-01T22:30:30+00:00,20,2026-08-01T22:51:40.574357+00:00,20.89,4498,0,7,telegram
farsna,453964,1816267,general_news,2026-08-01T22:30:30+00:00,30,2026-08-01T23:00:46.635180+00:00,30.0,5525,0,7,telegram
farsna,453965,1816267,general_news,2026-08-01T22:32:14+00:00,5,2026-08-01T22:38:38.709061+00:00,6.12,1704,0,21,telegram
farsna,453965,1816267,general_news,2026-08-01T22:32:14+00:00,10,2026-08-01T22:42:33.386314+00:00,10.04,2371,0,21,telegram
farsna,453965,1816267,general_news,2026-08-01T22:32:14+00:00,20,2026-08-01T22:52:58.730116+00:00,20.46,4351,0,31,telegram
farsna,453965,1816267,general_news,2026-08-01T22:32:14+00:00,30,2026-08-01T23:03:22.515129+00:00,30.86,5389,0,31,telegram
eghtesadonline,354083,75241,economy,2026-08-01T22:33:57+00:00,5,2026-08-01T22:39:48.159895+00:00,5.71,411,3,1,telegram
eghtesadonline,354083,75241,economy,2026-08-01T22:33:57+00:00,10,2026-08-01T22:45:00.444527+00:00,10.93,657,4,2,telegram
eghtesadonline,354083,75241,economy,2026-08-01T22:33:57+00:00,20,2026-08-01T22:54:07.937843+00:00,20.05,1006,5,3,telegram
eghtesadonline,354083,75241,economy,2026-08-01T22:33:57+00:00,30,2026-08-01T23:04:31.489421+00:00,30.45,1222,5,3,telegram
khabarfouri,555750,4823154,general_news,2026-08-01T22:39:15+00:00,5,2026-08-01T22:44:55.894905+00:00,5.63,2045,0,0,telegram
khabarfouri,555750,4823154,general_news,2026-08-01T22:39:15+00:00,10,2026-08-01T22:50:08.617973+00:00,10.84,5083,0,0,telegram
khabarfouri,555750,4823154,general_news,2026-08-01T22:39:15+00:00,20,2026-08-01T23:00:33.368051+00:00,21.25,7155,0,0,telegram
khabarfouri,555750,4823154,general_news,2026-08-01T22:39:15+00:00,30,2026-08-01T23:09:45.621145+00:00,30.45,8197,0,0,telegram
farsna,453966,1816267,general_news,2026-08-01T22:42:39+00:00,5,2026-08-01T22:49:03.945511+00:00,6.13,2009,0,10,telegram
farsna,453966,1816267,general_news,2026-08-01T22:42:39+00:00,10,2026-08-01T22:52:58.729535+00:00,10.05,2683,0,10,telegram
farsna,453966,1816267,general_news,2026-08-01T22:42:39+00:00,20,2026-08-01T23:03:22.514027+00:00,20.45,4395,0,10,telegram
farsna,453966,1816267,general_news,2026-08-01T22:42:39+00:00,30,2026-08-01T23:13:54.486014+00:00,30.97,5400,0,20,telegram
eghtesadonline,354084,75241,economy,2026-08-01T22:44:28+00:00,5,2026-08-01T22:50:13.226501+00:00,5.62,314,0,4,telegram
eghtesadonline,354084,75241,economy,2026-08-01T22:44:28+00:00,10,2026-08-01T22:55:25.915705+00:00,10.83,508,1,5,telegram
eghtesadonline,354084,75241,economy,2026-08-01T22:44:28+00:00,20,2026-08-01T23:05:51.550250+00:00,21.23,755,1,5,telegram
eghtesadonline,354084,75241,economy,2026-08-01T22:44:28+00:00,30,2026-08-01T23:15:03.654695+00:00,30.46,943,1,6,telegram
farsna,453967,1816267,general_news,2026-08-01T22:49:01+00:00,5,2026-08-01T22:55:34.780220+00:00,6.28,1707,0,0,telegram
farsna,453967,1816267,general_news,2026-08-01T22:49:01+00:00,10,2026-08-01T22:59:28.901725+00:00,10.19,2390,0,10,telegram
farsna,453967,1816267,general_news,2026-08-01T22:49:01+00:00,20,2026-08-01T23:09:59.367342+00:00,20.69,4100,0,11,telegram
farsna,453967,1816267,general_news,2026-08-01T22:49:01+00:00,30,2026-08-01T23:20:26.547563+00:00,31.13,5438,0,11,telegram
farsna,453968,1816267,general_news,2026-08-01T22:59:25+00:00,5,2026-08-01T23:06:01.143361+00:00,6.28,1712,0,1,telegram
farsna,453968,1816267,general_news,2026-08-01T22:59:25+00:00,10,2026-08-01T23:09:59.366841+00:00,10.29,2091,0,1,telegram
farsna,453968,1816267,general_news,2026-08-01T22:59:25+00:00,20,2026-08-01T23:20:26.546818+00:00,20.73,3764,0,1,telegram
farsna,453968,1816267,general_news,2026-08-01T22:59:25+00:00,30,2026-08-01T23:30:53.312704+00:00,31.19,4812,0,1,telegram
khabarfouri,555751,4823154,general_news,2026-08-01T23:03:13+00:00,5,2026-08-01T23:08:26.939883+00:00,5.17,2064,0,0,telegram
khabarfouri,555751,4823154,general_news,2026-08-01T23:03:13+00:00,10,2026-08-01T23:13:40.555073+00:00,10.4,5110,0,0,telegram
khabarfouri,555751,4823154,general_news,2026-08-01T23:03:13+00:00,20,2026-08-01T23:24:07.754917+00:00,20.86,6658,0,0,telegram
khabarfouri,555751,4823154,general_news,2026-08-01T23:03:13+00:00,30,2026-08-01T23:34:34.551091+00:00,31.3,7898,0,0,telegram
khabarfouri,555752,4823154,general_news,2026-08-01T23:03:52+00:00,5,2026-08-01T23:09:45.620245+00:00,5.84,2067,0,0,telegram
khabarfouri,555752,4823154,general_news,2026-08-01T23:03:52+00:00,10,2026-08-01T23:14:59.060329+00:00,11.06,4096,0,0,telegram
khabarfouri,555752,4823154,general_news,2026-08-01T23:03:52+00:00,20,2026-08-01T23:24:07.754120+00:00,20.21,6229,0,0,telegram
khabarfouri,555752,4823154,general_news,2026-08-01T23:03:52+00:00,30,2026-08-01T23:34:34.550220+00:00,30.65,7477,0,0,telegram
khabarfouri,555753,4823154,general_news,2026-08-01T23:05:21+00:00,5,2026-08-01T23:11:04.019270+00:00,5.66,2063,0,0,telegram
khabarfouri,555753,4823154,general_news,2026-08-01T23:05:21+00:00,10,2026-08-01T23:16:17.123341+00:00,10.88,5104,0,0,telegram
khabarfouri,555753,4823154,general_news,2026-08-01T23:05:21+00:00,20,2026-08-01T23:25:26.390292+00:00,20.03,6110,0,0,telegram
khabarfouri,555753,4823154,general_news,2026-08-01T23:05:21+00:00,30,2026-08-01T23:35:52.824406+00:00,30.48,7658,0,1,telegram
khabarfouri,555754,4823154,general_news,2026-08-01T23:08:10+00:00,5,2026-08-01T23:13:40.554899+00:00,5.45,2054,0,0,telegram
khabarfouri,555754,4823154,general_news,2026-08-01T23:08:10+00:00,10,2026-08-01T23:18:54.057796+00:00,10.68,4090,0,0,telegram
khabarfouri,555754,4823154,general_news,2026-08-01T23:08:10+00:00,20,2026-08-01T23:29:21.506463+00:00,21.13,6034,0,0,telegram
khabarfouri,555754,4823154,general_news,2026-08-01T23:08:10+00:00,30,2026-08-01T23:38:29.437545+00:00,30.27,7281,0,0,telegram
farsna,453969,1816267,general_news,2026-08-01T23:12:21+00:00,5,2026-08-01T23:17:49.447990+00:00,5.18,1377,0,0,telegram
farsna,453969,1816267,general_news,2026-08-01T23:12:21+00:00,10,2026-08-01T23:23:03.203199+00:00,10.41,2397,0,0,telegram
farsna,453969,1816267,general_news,2026-08-01T23:12:21+00:00,20,2026-08-01T23:33:30.021999+00:00,20.86,3453,0,0,telegram
farsna,453969,1816267,general_news,2026-08-01T23:12:21+00:00,30,2026-08-01T23:43:55.846683+00:00,31.3,4477,0,0,telegram
khabarfouri,555755,4823154,general_news,2026-08-01T23:13:17+00:00,5,2026-08-01T23:18:54.056198+00:00,5.56,2050,0,0,telegram
eghtesadonline,354085,75241,economy,2026-08-01T23:14:04+00:00,5,2026-08-01T23:20:17.593920+00:00,6.08,318,2,2,telegram
eghtesadonline,354085,75241,economy,2026-08-01T23:14:04+00:00,10,2026-08-01T23:24:12.750784+00:00,10.01,477,3,2,telegram
eghtesadonline,354085,75241,economy,2026-08-01T23:14:04+00:00,20,2026-08-01T23:34:39.203089+00:00,20.45,884,6,2,telegram
eghtesadonline,354085,75241,economy,2026-08-01T23:14:04+00:00,30,2026-08-01T23:45:05.167500+00:00,30.88,1101,7,2,telegram
farsna,453970,1816267,general_news,2026-08-01T23:17:23+00:00,5,2026-08-01T23:23:03.201665+00:00,5.38,1412,0,0,telegram
farsna,453970,1816267,general_news,2026-08-01T23:17:23+00:00,10,2026-08-01T23:28:16.846285+00:00,10.61,2402,0,1,telegram
farsna,453970,1816267,general_news,2026-08-01T23:17:23+00:00,20,2026-08-01T23:38:43.040848+00:00,21.05,3460,0,1,telegram
farsna,453970,1816267,general_news,2026-08-01T23:17:23+00:00,30,2026-08-01T23:47:49.950701+00:00,30.17,4064,0,1,telegram
eghtesadonline,354086,75241,economy,2026-08-01T23:19:06+00:00,5,2026-08-01T23:25:31.123406+00:00,6.28,349,3,0,telegram
eghtesadonline,354086,75241,economy,2026-08-01T23:19:06+00:00,10,2026-08-01T23:29:26.207523+00:00,10.2,567,5,0,telegram
eghtesadonline,354086,75241,economy,2026-08-01T23:19:06+00:00,20,2026-08-01T23:39:52.058662+00:00,20.64,913,6,0,telegram
eghtesadonline,354086,75241,economy,2026-08-01T23:19:06+00:00,30,2026-08-01T23:50:17.512806+00:00,31.05,1100,7,0,telegram
eghtesadonline,354087,75241,economy,2026-08-01T23:23:48+00:00,5,2026-08-01T23:29:26.206890+00:00,5.5,377,11,4,telegram
eghtesadonline,354087,75241,economy,2026-08-01T23:23:48+00:00,10,2026-08-01T23:34:39.202199+00:00,10.72,630,11,6,telegram
eghtesadonline,354087,75241,economy,2026-08-01T23:23:48+00:00,20,2026-08-01T23:45:05.165820+00:00,21.15,908,14,8,telegram
eghtesadonline,354087,75241,economy,2026-08-01T23:23:48+00:00,30,2026-08-01T23:54:14.410961+00:00,30.3,1064,16,10,telegram
khabarfouri,555756,4823154,general_news,2026-08-01T23:25:28+00:00,5,2026-08-01T23:30:39.741274+00:00,5.14,2149,0,10,telegram
khabarfouri,555756,4823154,general_news,2026-08-01T23:25:28+00:00,10,2026-08-01T23:35:52.823776+00:00,10.36,4601,0,11,telegram
khabarfouri,555756,4823154,general_news,2026-08-01T23:25:28+00:00,20,2026-08-01T23:46:18.549603+00:00,20.79,6457,0,21,telegram
khabarfouri,555756,4823154,general_news,2026-08-01T23:25:28+00:00,30,2026-08-01T23:56:46.654536+00:00,31.25,7700,0,31,telegram
eghtesadonline,354088,75241,economy,2026-08-01T23:32:01+00:00,5,2026-08-01T23:37:15.814912+00:00,5.11,345,4,1,telegram
eghtesadonline,354088,75241,economy,2026-08-01T23:32:01+00:00,10,2026-08-01T23:42:28.635960+00:00,10.33,498,7,2,telegram
eghtesadonline,354088,75241,economy,2026-08-01T23:32:01+00:00,20,2026-08-01T23:52:54.131074+00:00,20.74,718,11,2,telegram
eghtesadonline,354088,75241,economy,2026-08-01T23:32:01+00:00,30,2026-08-02T00:03:21.605026+00:00,31.21,846,11,3,telegram
farsna,453971,1816267,general_news,2026-08-02T00:05:20+00:00,5,2026-08-02T00:11:18.677314+00:00,5.7,807,0,8,telegram
farsna,453971,1816267,general_news,2026-08-02T00:05:20+00:00,10,2026-08-02T00:16:30.325631+00:00,10.89,1212,0,9,telegram
farsna,453971,1816267,general_news,2026-08-02T00:05:20+00:00,20,2026-08-02T00:26:54.118273+00:00,21.29,1910,0,10,telegram
farsna,453971,1816267,general_news,2026-08-02T00:05:20+00:00,30,2026-08-02T00:36:01.146979+00:00,30.4,2334,0,14,telegram
eghtesadonline,354089,75241,economy,2026-08-02T01:15:02+00:00,5,2026-08-02T01:20:12.019764+00:00,5.03,191,0,2,telegram
eghtesadonline,354089,75241,economy,2026-08-02T01:15:02+00:00,10,2026-08-02T01:25:25.994301+00:00,10.26,352,3,2,telegram
eghtesadonline,354089,75241,economy,2026-08-02T01:15:02+00:00,20,2026-08-02T01:35:51.752390+00:00,20.7,644,6,2,telegram
eghtesadonline,354089,75241,economy,2026-08-02T01:15:02+00:00,30,2026-08-02T01:46:17.399417+00:00,31.12,866,6,4,telegram
footballiapp,493059,49780,sport,2026-08-02T01:44:01+00:00,5,2026-08-02T01:50:08.498100+00:00,6.04,37,0,1,telegram
footballiapp,493059,49780,sport,2026-08-02T01:44:01+00:00,10,2026-08-02T01:55:21.244870+00:00,11.25,55,0,1,telegram
footballiapp,493059,49780,sport,2026-08-02T01:44:01+00:00,20,2026-08-02T02:04:27.961196+00:00,20.36,80,1,1,telegram
footballiapp,493059,49780,sport,2026-08-02T01:44:01+00:00,30,2026-08-02T02:14:54.169853+00:00,30.8,126,1,1,telegram
footballiapp,493060,49780,sport,2026-08-02T01:44:01+00:00,5,2026-08-02T01:50:08.498081+00:00,6.04,30,0,1,telegram
footballiapp,493060,49780,sport,2026-08-02T01:44:01+00:00,10,2026-08-02T01:55:21.244851+00:00,11.25,53,0,1,telegram
footballiapp,493060,49780,sport,2026-08-02T01:44:01+00:00,20,2026-08-02T02:04:27.961176+00:00,20.36,79,0,1,telegram
footballiapp,493060,49780,sport,2026-08-02T01:44:01+00:00,30,2026-08-02T02:14:54.169796+00:00,30.8,127,0,1,telegram
footballiapp,493061,49780,sport,2026-08-02T01:44:01+00:00,5,2026-08-02T01:50:08.498057+00:00,6.04,34,0,1,telegram
footballiapp,493061,49780,sport,2026-08-02T01:44:01+00:00,10,2026-08-02T01:55:21.244830+00:00,11.25,54,0,1,telegram
footballiapp,493061,49780,sport,2026-08-02T01:44:01+00:00,20,2026-08-02T02:04:27.961158+00:00,20.36,78,0,1,telegram
footballiapp,493061,49780,sport,2026-08-02T01:44:01+00:00,30,2026-08-02T02:14:54.169777+00:00,30.8,126,0,1,telegram
footballiapp,493062,49780,sport,2026-08-02T01:44:01+00:00,5,2026-08-02T01:50:08.498035+00:00,6.04,32,0,1,telegram
footballiapp,493062,49780,sport,2026-08-02T01:44:01+00:00,10,2026-08-02T01:55:21.244761+00:00,11.25,53,0,1,telegram
footballiapp,493062,49780,sport,2026-08-02T01:44:01+00:00,20,2026-08-02T02:04:27.961138+00:00,20.36,77,0,1,telegram
footballiapp,493062,49780,sport,2026-08-02T01:44:01+00:00,30,2026-08-02T02:14:54.169758+00:00,30.8,124,0,1,telegram
footballiapp,493063,49780,sport,2026-08-02T01:44:01+00:00,5,2026-08-02T01:50:08.497888+00:00,6.04,30,0,1,telegram
footballiapp,493063,49780,sport,2026-08-02T01:44:01+00:00,10,2026-08-02T01:55:21.244620+00:00,11.25,55,0,1,telegram
footballiapp,493063,49780,sport,2026-08-02T01:44:01+00:00,20,2026-08-02T02:04:27.961111+00:00,20.36,77,0,1,telegram
footballiapp,493063,49780,sport,2026-08-02T01:44:01+00:00,30,2026-08-02T02:14:54.169732+00:00,30.8,124,0,1,telegram
footballiapp,493064,49780,sport,2026-08-02T01:44:01+00:00,5,2026-08-02T01:50:08.497391+00:00,6.04,33,0,0,telegram
footballiapp,493064,49780,sport,2026-08-02T01:44:01+00:00,10,2026-08-02T01:55:21.244207+00:00,11.25,52,0,0,telegram
footballiapp,493064,49780,sport,2026-08-02T01:44:01+00:00,20,2026-08-02T02:04:27.960504+00:00,20.36,78,0,0,telegram
footballiapp,493064,49780,sport,2026-08-02T01:44:01+00:00,30,2026-08-02T02:14:54.169146+00:00,30.8,124,0,0,telegram
eghtesadonline,354090,75241,economy,2026-08-02T01:47:42+00:00,5,2026-08-02T01:54:06.098048+00:00,6.26,252,1,2,telegram
eghtesadonline,354090,75241,economy,2026-08-02T01:47:42+00:00,10,2026-08-02T01:58:00.401908+00:00,10.18,343,2,2,telegram
eghtesadonline,354090,75241,economy,2026-08-02T01:47:42+00:00,20,2026-08-02T02:08:25.457253+00:00,20.59,692,4,2,telegram
eghtesadonline,354090,75241,economy,2026-08-02T01:47:42+00:00,30,2026-08-02T02:18:51.899176+00:00,31.03,945,4,2,telegram
farsna,453972,1816267,general_news,2026-08-02T02:10:30+00:00,5,2026-08-02T02:16:24.529211+00:00,5.63,885,0,4,telegram
farsna,453972,1816267,general_news,2026-08-02T02:10:30+00:00,10,2026-08-02T02:21:37.233181+00:00,10.84,1307,0,4,telegram
farsna,453972,1816267,general_news,2026-08-02T02:10:30+00:00,20,2026-08-02T02:32:02.372563+00:00,21.26,2073,0,6,telegram
farsna,453972,1816267,general_news,2026-08-02T02:10:30+00:00,30,2026-08-02T02:41:10.996032+00:00,30.39,2900,0,6,telegram
farsna,453973,1816267,general_news,2026-08-02T02:10:30+00:00,5,2026-08-02T02:16:24.528730+00:00,5.63,882,0,3,telegram
farsna,453973,1816267,general_news,2026-08-02T02:10:30+00:00,10,2026-08-02T02:21:37.232597+00:00,10.84,1304,0,3,telegram
farsna,453973,1816267,general_news,2026-08-02T02:10:30+00:00,20,2026-08-02T02:32:02.372533+00:00,21.26,2069,0,5,telegram
farsna,453973,1816267,general_news,2026-08-02T02:10:30+00:00,30,2026-08-02T02:41:10.995490+00:00,30.39,2886,0,5,telegram
farsna,453974,1816267,general_news,2026-08-02T02:21:42+00:00,5,2026-08-02T02:28:07.831053+00:00,6.15,775,0,0,telegram
farsna,453974,1816267,general_news,2026-08-02T02:21:42+00:00,10,2026-08-02T02:32:02.372044+00:00,10.06,1147,0,0,telegram
farsna,453974,1816267,general_news,2026-08-02T02:21:42+00:00,20,2026-08-02T02:42:29.106668+00:00,20.5,1932,0,2,telegram
farsna,453974,1816267,general_news,2026-08-02T02:21:42+00:00,30,2026-08-02T02:52:55.585515+00:00,30.95,2609,0,4,telegram
eghtesadonline,354091,75241,economy,2026-08-02T02:31:49+00:00,5,2026-08-02T02:37:06.694892+00:00,5.16,375,0,1,telegram
eghtesadonline,354091,75241,economy,2026-08-02T02:31:49+00:00,10,2026-08-02T02:42:20.130952+00:00,10.39,688,0,1,telegram
eghtesadonline,354091,75241,economy,2026-08-02T02:31:49+00:00,20,2026-08-02T02:52:46.740513+00:00,20.83,1215,0,1,telegram
eghtesadonline,354091,75241,economy,2026-08-02T02:31:49+00:00,30,2026-08-02T03:03:14.273778+00:00,31.29,1654,0,1,telegram
eghtesadonline,354092,75241,economy,2026-08-02T02:33:36+00:00,5,2026-08-02T02:39:43.211316+00:00,5.99,564,8,23,telegram
eghtesadonline,354092,75241,economy,2026-08-02T02:33:36+00:00,10,2026-08-02T02:44:56.432203+00:00,11.21,909,13,35,telegram
eghtesadonline,354092,75241,economy,2026-08-02T02:33:36+00:00,20,2026-08-02T02:54:05.086515+00:00,20.35,1380,20,59,telegram
eghtesadonline,354092,75241,economy,2026-08-02T02:33:36+00:00,30,2026-08-02T03:04:32.741818+00:00,30.81,1879,26,70,telegram
akharinkhabar,623746,1943342,general_news,2026-08-02T02:50:32+00:00,5,2026-08-02T02:56:48.204305+00:00,6.03,2479,0,21,telegram
akharinkhabar,623746,1943342,general_news,2026-08-02T02:50:32+00:00,10,2026-08-02T03:02:02.037052+00:00,11.26,4023,0,32,telegram
akharinkhabar,623746,1943342,general_news,2026-08-02T02:50:32+00:00,20,2026-08-02T03:11:10.330203+00:00,20.4,7127,0,52,telegram
akharinkhabar,623746,1943342,general_news,2026-08-02T02:50:32+00:00,30,2026-08-02T03:21:36.732628+00:00,30.84,10207,0,83,telegram
khabarfouri,555757,4823154,general_news,2026-08-02T02:50:40+00:00,5,2026-08-02T02:56:37.552669+00:00,5.9,2054,0,0,telegram
khabarfouri,555757,4823154,general_news,2026-08-02T02:50:40+00:00,10,2026-08-02T03:01:51.253800+00:00,11.13,4107,0,0,telegram
khabarfouri,555757,4823154,general_news,2026-08-02T02:50:40+00:00,20,2026-08-02T03:10:59.381054+00:00,20.27,8174,0,0,telegram
khabarfouri,555757,4823154,general_news,2026-08-02T02:50:40+00:00,30,2026-08-02T03:21:26.120657+00:00,30.71,11199,0,0,telegram
khabarfouri,555758,4823154,general_news,2026-08-02T02:52:16+00:00,5,2026-08-02T02:57:55.949488+00:00,5.61,2062,0,0,telegram
khabarfouri,555758,4823154,general_news,2026-08-02T02:52:16+00:00,10,2026-08-02T03:03:09.663942+00:00,10.84,4110,0,0,telegram
khabarfouri,555758,4823154,general_news,2026-08-02T02:52:16+00:00,20,2026-08-02T03:13:36.314879+00:00,21.28,9174,0,0,telegram
khabarfouri,555758,4823154,general_news,2026-08-02T02:52:16+00:00,30,2026-08-02T03:22:44.310487+00:00,30.41,10196,0,0,telegram
khabarfouri,555759,4823154,general_news,2026-08-02T02:53:25+00:00,5,2026-08-02T02:59:14.449564+00:00,5.77,2073,0,0,telegram
khabarfouri,555759,4823154,general_news,2026-08-02T02:53:25+00:00,10,2026-08-02T03:04:27.983967+00:00,10.99,5117,0,0,telegram
khabarfouri,555759,4823154,general_news,2026-08-02T02:53:25+00:00,20,2026-08-02T03:13:36.314858+00:00,20.13,9167,0,0,telegram
khabarfouri,555759,4823154,general_news,2026-08-02T02:53:25+00:00,30,2026-08-02T03:24:02.840946+00:00,30.57,10192,0,0,telegram
khabarfouri,555760,4823154,general_news,2026-08-02T02:54:54+00:00,5,2026-08-02T03:00:32.897878+00:00,5.59,2072,0,0,telegram
khabarfouri,555760,4823154,general_news,2026-08-02T02:54:54+00:00,10,2026-08-02T03:05:46.506828+00:00,10.82,5118,0,0,telegram
khabarfouri,555760,4823154,general_news,2026-08-02T02:54:54+00:00,20,2026-08-02T03:16:12.823946+00:00,21.26,9171,0,0,telegram
khabarfouri,555760,4823154,general_news,2026-08-02T02:54:54+00:00,30,2026-08-02T03:25:21.686786+00:00,30.4,10191,0,0,telegram
farsna,453975,1816267,general_news,2026-08-02T02:55:41+00:00,5,2026-08-02T03:02:05.058391+00:00,6.11,1261,0,16,telegram
farsna,453975,1816267,general_news,2026-08-02T02:55:41+00:00,10,2026-08-02T03:06:00.359962+00:00,10.04,1648,0,26,telegram
farsna,453975,1816267,general_news,2026-08-02T02:55:41+00:00,20,2026-08-02T03:16:26.681252+00:00,20.47,3033,0,36,telegram
farsna,453975,1816267,general_news,2026-08-02T02:55:41+00:00,30,2026-08-02T03:26:53.814323+00:00,30.93,4081,0,36,telegram
khabarfouri,555761,4823154,general_news,2026-08-02T02:57:29+00:00,5,2026-08-02T03:03:09.663622+00:00,5.62,2067,0,0,telegram
khabarfouri,555761,4823154,general_news,2026-08-02T02:57:29+00:00,10,2026-08-02T03:08:23.225066+00:00,10.85,5109,0,0,telegram
khabarfouri,555761,4823154,general_news,2026-08-02T02:57:29+00:00,20,2026-08-02T03:18:49.332216+00:00,21.28,8160,0,0,telegram
khabarfouri,555761,4823154,general_news,2026-08-02T02:57:29+00:00,30,2026-08-02T03:27:58.438298+00:00,30.43,10181,0,0,telegram
khabarfouri,555762,4823154,general_news,2026-08-02T03:02:01+00:00,5,2026-08-02T03:07:04.935180+00:00,5.01,1047,0,0,telegram
khabarfouri,555762,4823154,general_news,2026-08-02T03:02:01+00:00,10,2026-08-02T03:12:17.893561+00:00,10.23,4095,0,0,telegram
khabarfouri,555762,4823154,general_news,2026-08-02T03:02:01+00:00,20,2026-08-02T03:22:44.309988+00:00,20.66,7131,0,0,telegram
khabarfouri,555762,4823154,general_news,2026-08-02T03:02:01+00:00,30,2026-08-02T03:33:11.013665+00:00,31.11,9190,0,0,telegram
khabarfouri,555763,4823154,general_news,2026-08-02T03:03:18+00:00,5,2026-08-02T03:08:23.225027+00:00,5.03,1042,0,0,telegram
khabarfouri,555763,4823154,general_news,2026-08-02T03:03:18+00:00,10,2026-08-02T03:13:36.314805+00:00,10.25,4080,0,0,telegram
khabarfouri,555763,4823154,general_news,2026-08-02T03:03:18+00:00,20,2026-08-02T03:24:02.840894+00:00,20.69,6117,0,0,telegram
khabarfouri,555763,4823154,general_news,2026-08-02T03:03:18+00:00,30,2026-08-02T03:34:29.267008+00:00,31.13,8180,0,0,telegram
khabarfouri,555764,4823154,general_news,2026-08-02T03:03:18+00:00,5,2026-08-02T03:08:23.225006+00:00,5.03,1046,0,0,telegram
khabarfouri,555764,4823154,general_news,2026-08-02T03:03:18+00:00,10,2026-08-02T03:13:36.314779+00:00,10.25,4082,0,0,telegram
khabarfouri,555764,4823154,general_news,2026-08-02T03:03:18+00:00,20,2026-08-02T03:24:02.840783+00:00,20.69,6116,0,0,telegram
khabarfouri,555764,4823154,general_news,2026-08-02T03:03:18+00:00,30,2026-08-02T03:34:29.266989+00:00,31.13,8177,0,0,telegram
khabarfouri,555765,4823154,general_news,2026-08-02T03:03:18+00:00,5,2026-08-02T03:08:23.224967+00:00,5.03,1046,0,0,telegram
khabarfouri,555765,4823154,general_news,2026-08-02T03:03:18+00:00,10,2026-08-02T03:13:36.314760+00:00,10.25,4080,0,0,telegram
khabarfouri,555765,4823154,general_news,2026-08-02T03:03:18+00:00,20,2026-08-02T03:24:02.840763+00:00,20.69,6115,0,0,telegram
khabarfouri,555765,4823154,general_news,2026-08-02T03:03:18+00:00,30,2026-08-02T03:34:29.266966+00:00,31.13,8178,0,0,telegram
khabarfouri,555766,4823154,general_news,2026-08-02T03:03:18+00:00,5,2026-08-02T03:08:23.224949+00:00,5.03,1045,0,0,telegram
khabarfouri,555766,4823154,general_news,2026-08-02T03:03:18+00:00,10,2026-08-02T03:13:36.314741+00:00,10.25,4080,0,0,telegram
khabarfouri,555766,4823154,general_news,2026-08-02T03:03:18+00:00,20,2026-08-02T03:24:02.840709+00:00,20.69,6115,0,0,telegram
khabarfouri,555766,4823154,general_news,2026-08-02T03:03:18+00:00,30,2026-08-02T03:34:29.266942+00:00,31.13,8177,0,0,telegram
khabarfouri,555767,4823154,general_news,2026-08-02T03:03:18+00:00,5,2026-08-02T03:08:23.224928+00:00,5.03,1045,0,0,telegram
khabarfouri,555767,4823154,general_news,2026-08-02T03:03:18+00:00,10,2026-08-02T03:13:36.314720+00:00,10.25,4079,0,0,telegram
khabarfouri,555767,4823154,general_news,2026-08-02T03:03:18+00:00,20,2026-08-02T03:24:02.840683+00:00,20.69,6116,0,0,telegram
khabarfouri,555767,4823154,general_news,2026-08-02T03:03:18+00:00,30,2026-08-02T03:34:29.266793+00:00,31.13,8176,0,0,telegram
khabarfouri,555768,4823154,general_news,2026-08-02T03:03:18+00:00,5,2026-08-02T03:08:23.224905+00:00,5.03,1041,0,0,telegram
khabarfouri,555768,4823154,general_news,2026-08-02T03:03:18+00:00,10,2026-08-02T03:13:36.314664+00:00,10.25,4080,0,0,telegram
khabarfouri,555768,4823154,general_news,2026-08-02T03:03:18+00:00,20,2026-08-02T03:24:02.840662+00:00,20.69,6111,0,0,telegram
khabarfouri,555768,4823154,general_news,2026-08-02T03:03:18+00:00,30,2026-08-02T03:34:29.266753+00:00,31.13,8177,0,0,telegram
khabarfouri,555769,4823154,general_news,2026-08-02T03:03:18+00:00,5,2026-08-02T03:08:23.224881+00:00,5.03,1045,0,0,telegram
khabarfouri,555769,4823154,general_news,2026-08-02T03:03:18+00:00,10,2026-08-02T03:13:36.314622+00:00,10.25,4079,0,0,telegram
khabarfouri,555769,4823154,general_news,2026-08-02T03:03:18+00:00,20,2026-08-02T03:24:02.840641+00:00,20.69,6116,0,0,telegram
khabarfouri,555769,4823154,general_news,2026-08-02T03:03:18+00:00,30,2026-08-02T03:34:29.266728+00:00,31.13,8177,0,0,telegram
khabarfouri,555770,4823154,general_news,2026-08-02T03:03:18+00:00,5,2026-08-02T03:08:23.224855+00:00,5.03,1041,0,0,telegram
khabarfouri,555770,4823154,general_news,2026-08-02T03:03:18+00:00,10,2026-08-02T03:13:36.314600+00:00,10.25,3079,0,0,telegram
khabarfouri,555770,4823154,general_news,2026-08-02T03:03:18+00:00,20,2026-08-02T03:24:02.840619+00:00,20.69,6112,0,0,telegram
khabarfouri,555770,4823154,general_news,2026-08-02T03:03:18+00:00,30,2026-08-02T03:34:29.266700+00:00,31.13,8179,0,0,telegram
khabarfouri,555771,4823154,general_news,2026-08-02T03:03:18+00:00,5,2026-08-02T03:08:23.224823+00:00,5.03,1045,0,0,telegram
khabarfouri,555771,4823154,general_news,2026-08-02T03:03:18+00:00,10,2026-08-02T03:13:36.314574+00:00,10.25,3078,0,0,telegram
khabarfouri,555771,4823154,general_news,2026-08-02T03:03:18+00:00,20,2026-08-02T03:24:02.840592+00:00,20.69,6115,0,0,telegram
khabarfouri,555771,4823154,general_news,2026-08-02T03:03:18+00:00,30,2026-08-02T03:34:29.266664+00:00,31.13,8178,0,0,telegram
khabarfouri,555772,4823154,general_news,2026-08-02T03:03:18+00:00,5,2026-08-02T03:08:23.224194+00:00,5.03,1045,0,0,telegram
khabarfouri,555772,4823154,general_news,2026-08-02T03:03:18+00:00,10,2026-08-02T03:13:36.314013+00:00,10.25,3079,0,0,telegram
khabarfouri,555772,4823154,general_news,2026-08-02T03:03:18+00:00,20,2026-08-02T03:24:02.840079+00:00,20.69,6115,0,0,telegram
khabarfouri,555772,4823154,general_news,2026-08-02T03:03:18+00:00,30,2026-08-02T03:34:29.266037+00:00,31.13,9180,0,0,telegram
thezoomit,98201,129324,technology,2026-08-02T03:03:18+00:00,5,2026-08-02T03:08:20.184286+00:00,5.03,176,1,4,telegram
thezoomit,98201,129324,technology,2026-08-02T03:03:18+00:00,10,2026-08-02T03:13:33.202627+00:00,10.25,331,5,4,telegram
thezoomit,98201,129324,technology,2026-08-02T03:03:18+00:00,20,2026-08-02T03:23:59.724897+00:00,20.69,578,9,12,telegram
thezoomit,98201,129324,technology,2026-08-02T03:03:18+00:00,30,2026-08-02T03:34:26.214075+00:00,31.13,844,14,15,telegram
farsna,453976,1816267,general_news,2026-08-02T03:24:21+00:00,5,2026-08-02T03:30:48.441948+00:00,6.17,1113,0,1,telegram
farsna,453976,1816267,general_news,2026-08-02T03:24:21+00:00,10,2026-08-02T03:34:42.796588+00:00,10.08,1877,0,1,telegram
farsna,453976,1816267,general_news,2026-08-02T03:24:21+00:00,20,2026-08-02T03:45:13.138742+00:00,20.58,2963,0,11,telegram
farsna,453976,1816267,general_news,2026-08-02T03:24:21+00:00,30,2026-08-02T03:55:41.325783+00:00,31.05,4005,0,12,telegram
khabarfouri,555773,4823154,general_news,2026-08-02T03:30:33+00:00,5,2026-08-02T03:35:47.418840+00:00,5.18,2068,0,0,telegram
khabarfouri,555773,4823154,general_news,2026-08-02T03:30:33+00:00,10,2026-08-02T03:41:04.498972+00:00,10.47,6065,0,17,telegram
khabarfouri,555773,4823154,general_news,2026-08-02T03:30:33+00:00,20,2026-08-02T03:51:32.911920+00:00,20.94,10758,0,17,telegram
khabarfouri,555773,4823154,general_news,2026-08-02T03:30:33+00:00,30,2026-08-02T04:00:41.373273+00:00,30.08,12802,0,17,telegram
akharinkhabar,623747,1943342,general_news,2026-08-02T03:31:01+00:00,5,2026-08-02T03:37:18.425072+00:00,6.02,2186,0,0,telegram
akharinkhabar,623747,1943342,general_news,2026-08-02T03:31:01+00:00,10,2026-08-02T03:41:15.030344+00:00,10.0,3214,0,0,telegram
akharinkhabar,623747,1943342,general_news,2026-08-02T03:31:01+00:00,20,2026-08-02T03:51:43.626503+00:00,20.47,6278,0,0,telegram
akharinkhabar,623747,1943342,general_news,2026-08-02T03:31:01+00:00,30,2026-08-02T04:02:10.118696+00:00,30.92,9326,0,0,telegram
khabarfouri,555774,4823154,general_news,2026-08-02T03:31:52+00:00,5,2026-08-02T03:37:05.646765+00:00,5.17,2059,0,0,telegram
khabarfouri,555774,4823154,general_news,2026-08-02T03:31:52+00:00,10,2026-08-02T03:42:22.677950+00:00,10.45,5483,0,1,telegram
khabarfouri,555774,4823154,general_news,2026-08-02T03:31:52+00:00,20,2026-08-02T03:52:51.304650+00:00,20.93,9878,0,1,telegram
khabarfouri,555774,4823154,general_news,2026-08-02T03:31:52+00:00,30,2026-08-02T04:01:59.654369+00:00,30.07,11918,0,1,telegram
akharinkhabar,623748,1943342,general_news,2026-08-02T03:33:06+00:00,5,2026-08-02T03:38:37.964145+00:00,5.28,2275,0,0,telegram
akharinkhabar,623748,1943342,general_news,2026-08-02T03:33:06+00:00,10,2026-08-02T03:43:51.422846+00:00,10.53,3298,0,0,telegram
akharinkhabar,623748,1943342,general_news,2026-08-02T03:33:06+00:00,20,2026-08-02T03:54:20.055533+00:00,21.0,6381,0,0,telegram
akharinkhabar,623748,1943342,general_news,2026-08-02T03:33:06+00:00,30,2026-08-02T04:03:29.211101+00:00,30.15,8399,0,0,telegram
akharinkhabar,623749,1943342,general_news,2026-08-02T03:33:07+00:00,5,2026-08-02T03:38:37.964127+00:00,5.27,2277,0,0,telegram
akharinkhabar,623749,1943342,general_news,2026-08-02T03:33:07+00:00,10,2026-08-02T03:43:51.422829+00:00,10.51,3294,0,0,telegram
akharinkhabar,623749,1943342,general_news,2026-08-02T03:33:07+00:00,20,2026-08-02T03:54:20.055515+00:00,20.99,6385,0,0,telegram
akharinkhabar,623749,1943342,general_news,2026-08-02T03:33:07+00:00,30,2026-08-02T04:03:29.211082+00:00,30.13,8401,0,0,telegram
akharinkhabar,623750,1943342,general_news,2026-08-02T03:33:07+00:00,5,2026-08-02T03:38:37.964109+00:00,5.27,2276,0,0,telegram
akharinkhabar,623750,1943342,general_news,2026-08-02T03:33:07+00:00,10,2026-08-02T03:43:51.422807+00:00,10.51,3295,0,0,telegram
akharinkhabar,623750,1943342,general_news,2026-08-02T03:33:07+00:00,20,2026-08-02T03:54:20.055496+00:00,20.99,6384,0,0,telegram
akharinkhabar,623750,1943342,general_news,2026-08-02T03:33:07+00:00,30,2026-08-02T04:03:29.211021+00:00,30.13,8400,0,0,telegram
akharinkhabar,623751,1943342,general_news,2026-08-02T03:33:07+00:00,5,2026-08-02T03:38:37.964089+00:00,5.27,1576,0,0,telegram
akharinkhabar,623751,1943342,general_news,2026-08-02T03:33:07+00:00,10,2026-08-02T03:43:51.422778+00:00,10.51,3599,0,0,telegram
akharinkhabar,623751,1943342,general_news,2026-08-02T03:33:07+00:00,20,2026-08-02T03:54:20.055478+00:00,20.99,6684,0,0,telegram
akharinkhabar,623751,1943342,general_news,2026-08-02T03:33:07+00:00,30,2026-08-02T04:03:29.210992+00:00,30.13,8703,0,0,telegram
akharinkhabar,623752,1943342,general_news,2026-08-02T03:33:07+00:00,5,2026-08-02T03:38:37.963952+00:00,5.27,1585,0,0,telegram
akharinkhabar,623752,1943342,general_news,2026-08-02T03:33:07+00:00,10,2026-08-02T03:43:51.422758+00:00,10.51,3605,0,0,telegram
akharinkhabar,623752,1943342,general_news,2026-08-02T03:33:07+00:00,20,2026-08-02T03:54:20.055460+00:00,20.99,6691,0,0,telegram
akharinkhabar,623752,1943342,general_news,2026-08-02T03:33:07+00:00,30,2026-08-02T04:03:29.210973+00:00,30.13,8709,0,0,telegram
akharinkhabar,623753,1943342,general_news,2026-08-02T03:33:07+00:00,5,2026-08-02T03:38:37.963934+00:00,5.27,1576,0,0,telegram
akharinkhabar,623753,1943342,general_news,2026-08-02T03:33:07+00:00,10,2026-08-02T03:43:51.422702+00:00,10.51,3634,0,0,telegram
akharinkhabar,623753,1943342,general_news,2026-08-02T03:33:07+00:00,20,2026-08-02T03:54:20.055442+00:00,20.99,6687,0,0,telegram
akharinkhabar,623753,1943342,general_news,2026-08-02T03:33:07+00:00,30,2026-08-02T04:03:29.210950+00:00,30.13,8705,0,0,telegram
akharinkhabar,623754,1943342,general_news,2026-08-02T03:33:07+00:00,5,2026-08-02T03:38:37.963916+00:00,5.27,2579,0,0,telegram
akharinkhabar,623754,1943342,general_news,2026-08-02T03:33:07+00:00,10,2026-08-02T03:43:51.422684+00:00,10.51,3633,0,0,telegram
akharinkhabar,623754,1943342,general_news,2026-08-02T03:33:07+00:00,20,2026-08-02T03:54:20.055425+00:00,20.99,6686,0,0,telegram
akharinkhabar,623754,1943342,general_news,2026-08-02T03:33:07+00:00,30,2026-08-02T04:03:29.210930+00:00,30.13,8704,0,0,telegram
akharinkhabar,623755,1943342,general_news,2026-08-02T03:33:07+00:00,5,2026-08-02T03:38:37.963896+00:00,5.27,1574,0,0,telegram
akharinkhabar,623755,1943342,general_news,2026-08-02T03:33:07+00:00,10,2026-08-02T03:43:51.422663+00:00,10.51,4604,0,0,telegram
akharinkhabar,623755,1943342,general_news,2026-08-02T03:33:07+00:00,20,2026-08-02T03:54:20.055406+00:00,20.99,6689,0,0,telegram
akharinkhabar,623755,1943342,general_news,2026-08-02T03:33:07+00:00,30,2026-08-02T04:03:29.210906+00:00,30.13,8706,0,0,telegram
akharinkhabar,623756,1943342,general_news,2026-08-02T03:33:07+00:00,5,2026-08-02T03:38:37.963869+00:00,5.27,2576,0,0,telegram
akharinkhabar,623756,1943342,general_news,2026-08-02T03:33:07+00:00,10,2026-08-02T03:43:51.422644+00:00,10.51,3596,0,0,telegram
akharinkhabar,623756,1943342,general_news,2026-08-02T03:33:07+00:00,20,2026-08-02T03:54:20.055388+00:00,20.99,6684,0,0,telegram
akharinkhabar,623756,1943342,general_news,2026-08-02T03:33:07+00:00,30,2026-08-02T04:03:29.210881+00:00,30.13,8703,0,0,telegram
akharinkhabar,623757,1943342,general_news,2026-08-02T03:33:07+00:00,5,2026-08-02T03:38:37.963305+00:00,5.27,2578,0,0,telegram
akharinkhabar,623757,1943342,general_news,2026-08-02T03:33:07+00:00,10,2026-08-02T03:43:51.422625+00:00,10.51,3600,0,0,telegram
akharinkhabar,623757,1943342,general_news,2026-08-02T03:33:07+00:00,20,2026-08-02T03:54:20.055370+00:00,20.99,6685,0,0,telegram
akharinkhabar,623757,1943342,general_news,2026-08-02T03:33:07+00:00,30,2026-08-02T04:03:29.210333+00:00,30.13,8704,0,0,telegram
akharinkhabar,623758,1943342,general_news,2026-08-02T03:33:28+00:00,5,2026-08-02T03:39:56.752508+00:00,6.24,2588,0,0,telegram
akharinkhabar,623758,1943342,general_news,2026-08-02T03:33:28+00:00,10,2026-08-02T03:43:51.422608+00:00,10.16,4611,0,0,telegram
akharinkhabar,623758,1943342,general_news,2026-08-02T03:33:28+00:00,20,2026-08-02T03:54:20.055352+00:00,20.64,7695,0,0,telegram
akharinkhabar,623758,1943342,general_news,2026-08-02T03:33:28+00:00,30,2026-08-02T04:04:47.619529+00:00,31.09,9743,0,0,telegram
akharinkhabar,623759,1943342,general_news,2026-08-02T03:33:28+00:00,5,2026-08-02T03:39:56.752479+00:00,6.24,2591,0,0,telegram
akharinkhabar,623759,1943342,general_news,2026-08-02T03:33:28+00:00,10,2026-08-02T03:43:51.422587+00:00,10.16,4645,0,0,telegram
akharinkhabar,623759,1943342,general_news,2026-08-02T03:33:28+00:00,20,2026-08-02T03:54:20.055333+00:00,20.64,7695,0,0,telegram
akharinkhabar,623759,1943342,general_news,2026-08-02T03:33:28+00:00,30,2026-08-02T04:04:47.619510+00:00,31.09,9745,0,0,telegram
akharinkhabar,623760,1943342,general_news,2026-08-02T03:33:28+00:00,5,2026-08-02T03:39:56.752449+00:00,6.24,2590,0,0,telegram
akharinkhabar,623760,1943342,general_news,2026-08-02T03:33:28+00:00,10,2026-08-02T03:43:51.422568+00:00,10.16,4609,0,0,telegram
akharinkhabar,623760,1943342,general_news,2026-08-02T03:33:28+00:00,20,2026-08-02T03:54:20.055314+00:00,20.64,7695,0,0,telegram
akharinkhabar,623760,1943342,general_news,2026-08-02T03:33:28+00:00,30,2026-08-02T04:04:47.619491+00:00,31.09,9745,0,0,telegram
akharinkhabar,623761,1943342,general_news,2026-08-02T03:33:28+00:00,5,2026-08-02T03:39:56.752430+00:00,6.24,2591,0,0,telegram
akharinkhabar,623761,1943342,general_news,2026-08-02T03:33:28+00:00,10,2026-08-02T03:43:51.422548+00:00,10.16,3611,0,0,telegram
akharinkhabar,623761,1943342,general_news,2026-08-02T03:33:28+00:00,20,2026-08-02T03:54:20.055294+00:00,20.64,7703,0,0,telegram
akharinkhabar,623761,1943342,general_news,2026-08-02T03:33:28+00:00,30,2026-08-02T04:04:47.619457+00:00,31.09,9750,0,0,telegram
akharinkhabar,623762,1943342,general_news,2026-08-02T03:33:28+00:00,5,2026-08-02T03:39:56.752402+00:00,6.24,2595,0,0,telegram
akharinkhabar,623762,1943342,general_news,2026-08-02T03:33:28+00:00,10,2026-08-02T03:43:51.422528+00:00,10.16,4616,0,0,telegram
akharinkhabar,623762,1943342,general_news,2026-08-02T03:33:28+00:00,20,2026-08-02T03:54:20.055273+00:00,20.64,7704,0,0,telegram
akharinkhabar,623762,1943342,general_news,2026-08-02T03:33:28+00:00,30,2026-08-02T04:04:47.619435+00:00,31.09,9751,0,0,telegram
akharinkhabar,623763,1943342,general_news,2026-08-02T03:33:28+00:00,5,2026-08-02T03:39:56.752381+00:00,6.24,2594,0,0,telegram
akharinkhabar,623763,1943342,general_news,2026-08-02T03:33:28+00:00,10,2026-08-02T03:43:51.422504+00:00,10.16,4613,0,0,telegram
akharinkhabar,623763,1943342,general_news,2026-08-02T03:33:28+00:00,20,2026-08-02T03:54:20.055138+00:00,20.64,7700,0,0,telegram
akharinkhabar,623763,1943342,general_news,2026-08-02T03:33:28+00:00,30,2026-08-02T04:04:47.619283+00:00,31.09,9750,0,0,telegram
akharinkhabar,623764,1943342,general_news,2026-08-02T03:33:28+00:00,5,2026-08-02T03:39:56.752354+00:00,6.24,2603,0,0,telegram
akharinkhabar,623764,1943342,general_news,2026-08-02T03:33:28+00:00,10,2026-08-02T03:43:51.421736+00:00,10.16,4623,0,0,telegram
akharinkhabar,623764,1943342,general_news,2026-08-02T03:33:28+00:00,20,2026-08-02T03:54:20.054668+00:00,20.64,7708,0,0,telegram
akharinkhabar,623764,1943342,general_news,2026-08-02T03:33:28+00:00,30,2026-08-02T04:04:47.619258+00:00,31.09,9759,0,0,telegram
akharinkhabar,623765,1943342,general_news,2026-08-02T03:34:09+00:00,5,2026-08-02T03:39:56.751771+00:00,5.56,2630,0,0,telegram
akharinkhabar,623765,1943342,general_news,2026-08-02T03:34:09+00:00,10,2026-08-02T03:45:10.087161+00:00,10.78,4686,0,0,telegram
akharinkhabar,623765,1943342,general_news,2026-08-02T03:34:09+00:00,20,2026-08-02T03:55:38.341682+00:00,21.25,7747,0,0,telegram
akharinkhabar,623765,1943342,general_news,2026-08-02T03:34:09+00:00,30,2026-08-02T04:04:47.618738+00:00,30.41,9792,0,34,telegram
akharinkhabar,623766,1943342,general_news,2026-08-02T03:35:14+00:00,5,2026-08-02T03:41:15.029141+00:00,5.78,2010,0,1,telegram
akharinkhabar,623766,1943342,general_news,2026-08-02T03:35:14+00:00,10,2026-08-02T03:46:28.518809+00:00,11.01,5074,0,1,telegram
akharinkhabar,623766,1943342,general_news,2026-08-02T03:35:14+00:00,20,2026-08-02T03:55:38.340939+00:00,20.17,8133,0,1,telegram
akharinkhabar,623766,1943342,general_news,2026-08-02T03:35:14+00:00,30,2026-08-02T04:06:06.158747+00:00,30.63,10217,0,1,telegram
farsna,453977,1816267,general_news,2026-08-02T03:39:18+00:00,5,2026-08-02T03:45:13.138722+00:00,5.63,749,0,2,telegram
farsna,453977,1816267,general_news,2026-08-02T03:39:18+00:00,10,2026-08-02T03:50:28.252707+00:00,10.89,1478,0,13,telegram
farsna,453977,1816267,general_news,2026-08-02T03:39:18+00:00,20,2026-08-02T03:59:36.780942+00:00,20.02,2219,0,16,telegram
farsna,453977,1816267,general_news,2026-08-02T03:39:18+00:00,30,2026-08-02T04:10:03.754327+00:00,30.48,3414,0,17,telegram
farsna,453978,1816267,general_news,2026-08-02T03:39:18+00:00,5,2026-08-02T03:45:13.138701+00:00,5.63,769,0,2,telegram
farsna,453978,1816267,general_news,2026-08-02T03:39:18+00:00,10,2026-08-02T03:50:28.252688+00:00,10.89,1473,0,13,telegram
farsna,453978,1816267,general_news,2026-08-02T03:39:18+00:00,20,2026-08-02T03:59:36.780921+00:00,20.02,2215,0,16,telegram
farsna,453978,1816267,general_news,2026-08-02T03:39:18+00:00,30,2026-08-02T04:10:03.754306+00:00,30.48,3411,0,17,telegram
farsna,453979,1816267,general_news,2026-08-02T03:39:18+00:00,5,2026-08-02T03:45:13.138676+00:00,5.63,746,0,2,telegram
farsna,453979,1816267,general_news,2026-08-02T03:39:18+00:00,10,2026-08-02T03:50:28.252661+00:00,10.89,1473,0,13,telegram
farsna,453979,1816267,general_news,2026-08-02T03:39:18+00:00,20,2026-08-02T03:59:36.780894+00:00,20.02,2214,0,16,telegram
farsna,453979,1816267,general_news,2026-08-02T03:39:18+00:00,30,2026-08-02T04:10:03.754280+00:00,30.48,3404,0,17,telegram
farsna,453980,1816267,general_news,2026-08-02T03:39:18+00:00,5,2026-08-02T03:45:13.138188+00:00,5.63,747,0,2,telegram
farsna,453980,1816267,general_news,2026-08-02T03:39:18+00:00,10,2026-08-02T03:50:28.252074+00:00,10.89,1472,0,13,telegram
farsna,453980,1816267,general_news,2026-08-02T03:39:18+00:00,20,2026-08-02T03:59:36.780393+00:00,20.02,2513,0,16,telegram
farsna,453980,1816267,general_news,2026-08-02T03:39:18+00:00,30,2026-08-02T04:10:03.753719+00:00,30.48,3428,0,17,telegram
tweetfrsi,21575,664291,entertainment,2026-08-02T03:42:08+00:00,5,2026-08-02T03:47:43.543702+00:00,5.41,435,12,0,telegram
tweetfrsi,21575,664291,entertainment,2026-08-02T03:42:08+00:00,10,2026-08-02T03:52:57.457918+00:00,10.66,739,17,1,telegram
tweetfrsi,21575,664291,entertainment,2026-08-02T03:42:08+00:00,20,2026-08-02T04:03:24.782835+00:00,21.11,1288,37,2,telegram
tweetfrsi,21575,664291,entertainment,2026-08-02T03:42:08+00:00,30,2026-08-02T04:12:32.924735+00:00,30.26,1687,50,2,telegram
akharinkhabar,623767,1943342,general_news,2026-08-02T03:47:01+00:00,5,2026-08-02T03:53:01.938968+00:00,5.78,2028,0,0,telegram
akharinkhabar,623767,1943342,general_news,2026-08-02T03:47:01+00:00,10,2026-08-02T03:58:15.127219+00:00,11.0,3074,0,0,telegram
akharinkhabar,623767,1943342,general_news,2026-08-02T03:47:01+00:00,20,2026-08-02T04:07:24.399389+00:00,20.16,6187,0,0,telegram
akharinkhabar,623767,1943342,general_news,2026-08-02T03:47:01+00:00,30,2026-08-02T04:17:51.283110+00:00,30.6,8238,0,0,telegram
khabarfouri,555775,4823154,general_news,2026-08-02T03:52:05+00:00,5,2026-08-02T03:58:04.441694+00:00,5.93,3073,0,0,telegram
khabarfouri,555775,4823154,general_news,2026-08-02T03:52:05+00:00,10,2026-08-02T04:03:18.642450+00:00,11.16,5124,0,0,telegram
khabarfouri,555775,4823154,general_news,2026-08-02T03:52:05+00:00,20,2026-08-02T04:12:26.792247+00:00,20.31,7177,0,0,telegram
khabarfouri,555775,4823154,general_news,2026-08-02T03:52:05+00:00,30,2026-08-02T04:22:53.908503+00:00,30.76,10226,0,0,telegram
khabarfouri,555776,4823154,general_news,2026-08-02T03:52:05+00:00,5,2026-08-02T03:58:04.441123+00:00,5.93,3078,0,0,telegram
khabarfouri,555776,4823154,general_news,2026-08-02T03:52:05+00:00,10,2026-08-02T04:03:18.641967+00:00,11.16,5118,0,0,telegram
khabarfouri,555776,4823154,general_news,2026-08-02T03:52:05+00:00,20,2026-08-02T04:12:26.791211+00:00,20.31,7175,0,0,telegram
khabarfouri,555776,4823154,general_news,2026-08-02T03:52:05+00:00,30,2026-08-02T04:22:53.907883+00:00,30.76,10227,0,0,telegram
khabarfouri,555777,4823154,general_news,2026-08-02T03:53:45+00:00,5,2026-08-02T03:59:22.998708+00:00,5.57,4074,0,0,telegram
khabarfouri,555777,4823154,general_news,2026-08-02T03:53:45+00:00,10,2026-08-02T04:04:36.903336+00:00,10.81,5122,0,0,telegram
khabarfouri,555777,4823154,general_news,2026-08-02T03:53:45+00:00,20,2026-08-02T04:15:03.756169+00:00,21.25,8197,0,0,telegram
khabarfouri,555777,4823154,general_news,2026-08-02T03:53:45+00:00,30,2026-08-02T04:24:12.382468+00:00,30.4,10235,0,0,telegram
khabarfouri,555778,4823154,general_news,2026-08-02T04:07:56+00:00,5,2026-08-02T04:13:44.983939+00:00,5.76,3077,0,0,telegram
khabarfouri,555778,4823154,general_news,2026-08-02T04:07:56+00:00,10,2026-08-02T04:18:59.106977+00:00,10.99,6122,0,0,telegram
khabarfouri,555778,4823154,general_news,2026-08-02T04:07:56+00:00,20,2026-08-02T04:28:11.734614+00:00,20.2,9188,0,0,telegram
khabarfouri,555778,4823154,general_news,2026-08-02T04:07:56+00:00,30,2026-08-02T04:38:41.111932+00:00,30.69,11225,0,34,telegram
khabarfouri,555779,4823154,general_news,2026-08-02T04:09:37+00:00,5,2026-08-02T04:15:03.755246+00:00,5.38,2072,0,1,telegram
khabarfouri,555779,4823154,general_news,2026-08-02T04:09:37+00:00,10,2026-08-02T04:20:17.609217+00:00,10.62,5107,0,1,telegram
khabarfouri,555779,4823154,general_news,2026-08-02T04:09:37+00:00,20,2026-08-02T04:30:49.203958+00:00,21.15,9182,0,1,telegram
khabarfouri,555779,4823154,general_news,2026-08-02T04:09:37+00:00,30,2026-08-02T04:39:59.498899+00:00,30.32,11250,0,1,telegram
farsna,453981,1816267,general_news,2026-08-02T04:10:37+00:00,5,2026-08-02T04:16:35.797414+00:00,5.69,828,0,7,telegram
farsna,453981,1816267,general_news,2026-08-02T04:10:37+00:00,10,2026-08-02T04:21:49.266725+00:00,10.92,1454,0,9,telegram
farsna,453981,1816267,general_news,2026-08-02T04:10:37+00:00,20,2026-08-02T04:31:03.010045+00:00,20.15,2265,0,11,telegram
farsna,453981,1816267,general_news,2026-08-02T04:10:37+00:00,30,2026-08-02T04:41:31.399424+00:00,30.63,3282,0,16,telegram
thezoomit,98202,129324,technology,2026-08-02T04:11:05+00:00,5,2026-08-02T04:16:18.990941+00:00,5.23,436,4,1,telegram
thezoomit,98202,129324,technology,2026-08-02T04:11:05+00:00,10,2026-08-02T04:21:32.528450+00:00,10.45,685,4,2,telegram
thezoomit,98202,129324,technology,2026-08-02T04:11:05+00:00,20,2026-08-02T04:32:05.115950+00:00,20.99,1253,7,4,telegram
thezoomit,98202,129324,technology,2026-08-02T04:11:05+00:00,30,2026-08-02T04:41:14.829792+00:00,30.16,1602,11,4,telegram
eghtesadonline,354093,75241,economy,2026-08-02T04:14:11+00:00,5,2026-08-02T04:20:22.089658+00:00,6.05,311,0,1,telegram
eghtesadonline,354093,75241,economy,2026-08-02T04:14:11+00:00,10,2026-08-02T04:25:38.151585+00:00,11.27,559,0,1,telegram
eghtesadonline,354093,75241,economy,2026-08-02T04:14:11+00:00,20,2026-08-02T04:34:50.168373+00:00,20.52,870,2,1,telegram
eghtesadonline,354093,75241,economy,2026-08-02T04:14:11+00:00,30,2026-08-02T04:45:17.503867+00:00,30.98,1334,2,1,telegram
akharinkhabar,623768,1943342,general_news,2026-08-02T04:17:54+00:00,5,2026-08-02T04:24:23.011005+00:00,6.25,3064,0,0,telegram
akharinkhabar,623768,1943342,general_news,2026-08-02T04:17:54+00:00,10,2026-08-02T04:28:22.616349+00:00,10.24,4111,0,0,telegram
akharinkhabar,623768,1943342,general_news,2026-08-02T04:17:54+00:00,20,2026-08-02T04:38:51.796418+00:00,20.73,8214,0,0,telegram
akharinkhabar,623768,1943342,general_news,2026-08-02T04:17:54+00:00,30,2026-08-02T04:49:19.535776+00:00,31.19,12309,0,0,telegram
akharinkhabar,623769,1943342,general_news,2026-08-02T04:28:08+00:00,5,2026-08-02T04:33:37.681837+00:00,5.26,2049,0,0,telegram
akharinkhabar,623769,1943342,general_news,2026-08-02T04:28:08+00:00,10,2026-08-02T04:38:51.795391+00:00,10.49,4094,0,0,telegram
akharinkhabar,623769,1943342,general_news,2026-08-02T04:28:08+00:00,20,2026-08-02T04:49:19.535212+00:00,20.95,9204,0,0,telegram
akharinkhabar,623769,1943342,general_news,2026-08-02T04:28:08+00:00,30,2026-08-02T04:58:28.483638+00:00,30.11,12290,0,0,telegram
khabarfouri,555780,4823154,general_news,2026-08-02T04:28:38+00:00,5,2026-08-02T04:34:45.433289+00:00,6.07,3105,0,1,telegram
khabarfouri,555780,4823154,general_news,2026-08-02T04:28:38+00:00,10,2026-08-02T04:39:59.498152+00:00,11.3,5130,0,1,telegram
khabarfouri,555780,4823154,general_news,2026-08-02T04:28:38+00:00,20,2026-08-02T04:49:08.853053+00:00,20.45,7179,0,1,telegram
khabarfouri,555780,4823154,general_news,2026-08-02T04:28:38+00:00,30,2026-08-02T04:59:36.131429+00:00,30.91,9208,0,1,telegram
thezoomit,98203,129324,technology,2026-08-02T04:30:04+00:00,5,2026-08-02T04:36:00.930451+00:00,5.94,414,6,4,telegram
thezoomit,98203,129324,technology,2026-08-02T04:30:04+00:00,10,2026-08-02T04:41:14.829735+00:00,11.18,670,11,5,telegram
thezoomit,98203,129324,technology,2026-08-02T04:30:04+00:00,20,2026-08-02T04:50:24.154963+00:00,20.33,1071,15,6,telegram
thezoomit,98203,129324,technology,2026-08-02T04:30:04+00:00,30,2026-08-02T05:00:51.589994+00:00,30.79,1509,18,9,telegram
thezoomit,98204,129324,technology,2026-08-02T04:30:05+00:00,5,2026-08-02T04:36:00.930432+00:00,5.93,415,0,4,telegram
thezoomit,98204,129324,technology,2026-08-02T04:30:05+00:00,10,2026-08-02T04:41:14.829716+00:00,11.16,700,0,5,telegram
thezoomit,98204,129324,technology,2026-08-02T04:30:05+00:00,20,2026-08-02T04:50:24.154944+00:00,20.31,1101,0,6,telegram
thezoomit,98204,129324,technology,2026-08-02T04:30:05+00:00,30,2026-08-02T05:00:51.589974+00:00,30.77,1538,0,9,telegram
thezoomit,98205,129324,technology,2026-08-02T04:30:05+00:00,5,2026-08-02T04:36:00.930412+00:00,5.93,445,0,4,telegram
thezoomit,98205,129324,technology,2026-08-02T04:30:05+00:00,10,2026-08-02T04:41:14.829695+00:00,11.16,700,0,5,telegram
thezoomit,98205,129324,technology,2026-08-02T04:30:05+00:00,20,2026-08-02T04:50:24.154923+00:00,20.31,1101,0,6,telegram
thezoomit,98205,129324,technology,2026-08-02T04:30:05+00:00,30,2026-08-02T05:00:51.589954+00:00,30.77,1507,0,9,telegram
thezoomit,98206,129324,technology,2026-08-02T04:30:05+00:00,5,2026-08-02T04:36:00.930388+00:00,5.93,415,0,4,telegram
thezoomit,98206,129324,technology,2026-08-02T04:30:05+00:00,10,2026-08-02T04:41:14.829670+00:00,11.16,732,0,5,telegram
thezoomit,98206,129324,technology,2026-08-02T04:30:05+00:00,20,2026-08-02T04:50:24.154898+00:00,20.31,1130,0,6,telegram
thezoomit,98206,129324,technology,2026-08-02T04:30:05+00:00,30,2026-08-02T05:00:51.589930+00:00,30.77,1537,0,9,telegram
thezoomit,98207,129324,technology,2026-08-02T04:30:05+00:00,5,2026-08-02T04:36:00.929967+00:00,5.93,445,0,4,telegram
thezoomit,98207,129324,technology,2026-08-02T04:30:05+00:00,10,2026-08-02T04:41:14.829202+00:00,11.16,731,0,5,telegram
thezoomit,98207,129324,technology,2026-08-02T04:30:05+00:00,20,2026-08-02T04:50:24.154597+00:00,20.31,1099,0,6,telegram
thezoomit,98207,129324,technology,2026-08-02T04:30:05+00:00,30,2026-08-02T05:00:51.589549+00:00,30.77,1507,0,9,telegram
khabarfouri,555781,4823154,general_news,2026-08-02T04:30:14+00:00,5,2026-08-02T04:36:04.178433+00:00,5.78,3039,0,0,telegram
khabarfouri,555781,4823154,general_news,2026-08-02T04:30:14+00:00,10,2026-08-02T04:41:17.900149+00:00,11.01,6100,0,0,telegram
khabarfouri,555781,4823154,general_news,2026-08-02T04:30:14+00:00,20,2026-08-02T04:50:27.371616+00:00,20.16,9148,0,0,telegram
khabarfouri,555781,4823154,general_news,2026-08-02T04:30:14+00:00,30,2026-08-02T05:00:54.867465+00:00,30.62,10173,0,0,telegram
khabarfouri,555782,4823154,general_news,2026-08-02T04:31:37+00:00,5,2026-08-02T04:37:22.772947+00:00,5.7,2040,0,0,telegram
khabarfouri,555782,4823154,general_news,2026-08-02T04:31:37+00:00,10,2026-08-02T04:42:36.077853+00:00,10.93,6103,0,0,telegram
khabarfouri,555782,4823154,general_news,2026-08-02T04:31:37+00:00,20,2026-08-02T04:51:45.916962+00:00,20.09,9159,0,0,telegram
khabarfouri,555782,4823154,general_news,2026-08-02T04:31:37+00:00,30,2026-08-02T05:02:13.169959+00:00,30.54,10185,0,0,telegram
varzesh3,298686,1296635,sport,2026-08-02T04:32:42+00:00,5,2026-08-02T04:38:44.269689+00:00,5.93,4668,0,0,telegram
varzesh3,298686,1296635,sport,2026-08-02T04:32:42+00:00,10,2026-08-02T04:43:57.559067+00:00,11.15,8852,0,0,telegram
varzesh3,298686,1296635,sport,2026-08-02T04:32:42+00:00,20,2026-08-02T04:53:07.447891+00:00,20.31,14113,0,0,telegram
varzesh3,298686,1296635,sport,2026-08-02T04:32:42+00:00,30,2026-08-02T05:03:34.846720+00:00,30.77,20465,0,0,telegram
farsna,453982,1816267,general_news,2026-08-02T04:38:30+00:00,5,2026-08-02T04:44:08.295182+00:00,5.35,615,0,5,telegram
farsna,453982,1816267,general_news,2026-08-02T04:38:30+00:00,10,2026-08-02T04:49:22.590233+00:00,10.59,1620,0,5,telegram
farsna,453982,1816267,general_news,2026-08-02T04:38:30+00:00,20,2026-08-02T04:59:50.014391+00:00,21.05,2943,0,5,telegram
farsna,453982,1816267,general_news,2026-08-02T04:38:30+00:00,30,2026-08-02T05:09:00.195294+00:00,30.2,3645,0,5,telegram
akharinkhabar,623770,1943342,general_news,2026-08-02T04:39:14+00:00,5,2026-08-02T04:45:23.860218+00:00,5.93,4118,0,0,telegram
akharinkhabar,623770,1943342,general_news,2026-08-02T04:39:14+00:00,10,2026-08-02T04:50:38.148218+00:00,11.16,7161,0,0,telegram
akharinkhabar,623770,1943342,general_news,2026-08-02T04:39:14+00:00,20,2026-08-02T04:59:46.900458+00:00,20.31,11259,0,0,telegram
akharinkhabar,623770,1943342,general_news,2026-08-02T04:39:14+00:00,30,2026-08-02T05:10:15.725837+00:00,30.79,14327,0,0,telegram
akharinkhabar,623772,1943342,general_news,2026-08-02T04:42:25+00:00,5,2026-08-02T04:48:00.947488+00:00,5.36,4090,0,0,telegram
akharinkhabar,623772,1943342,general_news,2026-08-02T04:42:25+00:00,10,2026-08-02T04:53:14.926025+00:00,10.6,6150,0,0,telegram
akharinkhabar,623772,1943342,general_news,2026-08-02T04:42:25+00:00,20,2026-08-02T05:03:42.530208+00:00,21.05,11238,0,34,telegram
akharinkhabar,623772,1943342,general_news,2026-08-02T04:42:25+00:00,30,2026-08-02T05:12:52.758726+00:00,30.22,14294,0,34,telegram
khabarfouri,555783,4823154,general_news,2026-08-02T04:42:39+00:00,5,2026-08-02T04:47:50.121419+00:00,5.13,2040,0,1,telegram
khabarfouri,555783,4823154,general_news,2026-08-02T04:42:39+00:00,10,2026-08-02T04:53:04.337100+00:00,10.36,6096,0,1,telegram
khabarfouri,555783,4823154,general_news,2026-08-02T04:42:39+00:00,20,2026-08-02T05:03:31.602843+00:00,20.82,8131,0,1,telegram
khabarfouri,555783,4823154,general_news,2026-08-02T04:42:39+00:00,30,2026-08-02T05:14:00.690124+00:00,31.3,9177,0,1,telegram
eghtesadonline,354094,75241,economy,2026-08-02T04:42:41+00:00,5,2026-08-02T04:47:54.922086+00:00,5.09,472,10,1,telegram
eghtesadonline,354094,75241,economy,2026-08-02T04:42:41+00:00,10,2026-08-02T04:53:08.985634+00:00,10.33,846,13,5,telegram
eghtesadonline,354094,75241,economy,2026-08-02T04:42:41+00:00,20,2026-08-02T05:03:36.356265+00:00,20.78,1459,18,6,telegram
eghtesadonline,354094,75241,economy,2026-08-02T04:42:41+00:00,30,2026-08-02T05:14:05.415485+00:00,31.27,2039,28,9,telegram
khabarfouri,555784,4823154,general_news,2026-08-02T04:43:55+00:00,5,2026-08-02T04:49:08.852900+00:00,5.17,3057,0,0,telegram
khabarfouri,555784,4823154,general_news,2026-08-02T04:43:55+00:00,10,2026-08-02T04:54:22.659338+00:00,10.4,6098,0,0,telegram
khabarfouri,555784,4823154,general_news,2026-08-02T04:43:55+00:00,20,2026-08-02T05:04:50.245796+00:00,20.86,8129,0,0,telegram
khabarfouri,555784,4823154,general_news,2026-08-02T04:43:55+00:00,30,2026-08-02T05:14:00.690104+00:00,30.04,9174,0,0,telegram
khabarfouri,555785,4823154,general_news,2026-08-02T04:45:06+00:00,5,2026-08-02T04:50:27.370956+00:00,5.3,3063,0,0,telegram
khabarfouri,555785,4823154,general_news,2026-08-02T04:45:06+00:00,10,2026-08-02T04:55:41.050684+00:00,10.53,6092,0,0,telegram
khabarfouri,555785,4823154,general_news,2026-08-02T04:45:06+00:00,20,2026-08-02T05:06:08.863302+00:00,20.99,8154,0,0,telegram
khabarfouri,555785,4823154,general_news,2026-08-02T04:45:06+00:00,30,2026-08-02T05:15:19.919626+00:00,30.17,9173,0,0,telegram
khabarfouri,555786,4823154,general_news,2026-08-02T04:45:49+00:00,5,2026-08-02T04:51:45.916800+00:00,5.89,3063,0,0,telegram
khabarfouri,555786,4823154,general_news,2026-08-02T04:45:49+00:00,10,2026-08-02T04:56:59.514545+00:00,11.12,5094,0,0,telegram
khabarfouri,555786,4823154,general_news,2026-08-02T04:45:49+00:00,20,2026-08-02T05:06:08.863148+00:00,20.27,7150,0,0,telegram
khabarfouri,555786,4823154,general_news,2026-08-02T04:45:49+00:00,30,2026-08-02T05:16:38.541292+00:00,30.77,9170,0,0,telegram
farsna,453983,1816267,general_news,2026-08-02T04:46:14+00:00,5,2026-08-02T04:51:59.665403+00:00,5.47,1052,0,12,telegram
farsna,453983,1816267,general_news,2026-08-02T04:46:14+00:00,10,2026-08-02T04:57:13.244147+00:00,10.7,1731,0,22,telegram
farsna,453983,1816267,general_news,2026-08-02T04:46:14+00:00,20,2026-08-02T05:07:40.966214+00:00,21.16,3049,0,33,telegram
farsna,453983,1816267,general_news,2026-08-02T04:46:14+00:00,30,2026-08-02T05:16:52.159362+00:00,30.35,4072,0,34,telegram
khabarfouri,555787,4823154,general_news,2026-08-02T04:48:39+00:00,5,2026-08-02T04:54:22.658673+00:00,5.67,3061,0,0,telegram
khabarfouri,555787,4823154,general_news,2026-08-02T04:48:39+00:00,10,2026-08-02T04:59:36.129465+00:00,10.9,5114,0,0,telegram
khabarfouri,555787,4823154,general_news,2026-08-02T04:48:39+00:00,20,2026-08-02T05:08:45.595696+00:00,20.05,7140,0,0,telegram
khabarfouri,555787,4823154,general_news,2026-08-02T04:48:39+00:00,30,2026-08-02T05:19:15.859943+00:00,30.55,9162,0,0,telegram
khabarfouri,555788,4823154,general_news,2026-08-02T04:50:53+00:00,5,2026-08-02T04:56:59.513670+00:00,6.05,3046,0,0,telegram
khabarfouri,555788,4823154,general_news,2026-08-02T04:50:53+00:00,10,2026-08-02T05:02:13.169277+00:00,11.28,5101,0,0,telegram
khabarfouri,555788,4823154,general_news,2026-08-02T04:50:53+00:00,20,2026-08-02T05:11:23.471460+00:00,20.45,7121,0,1,telegram
khabarfouri,555788,4823154,general_news,2026-08-02T04:50:53+00:00,30,2026-08-02T05:21:52.604463+00:00,30.93,9151,0,1,telegram
khabarfouri,555789,4823154,general_news,2026-08-02T04:52:47+00:00,5,2026-08-02T04:58:17.849191+00:00,5.46,2040,0,0,telegram
khabarfouri,555789,4823154,general_news,2026-08-02T04:52:47+00:00,10,2026-08-02T05:03:31.602077+00:00,10.68,4059,0,0,telegram
khabarfouri,555789,4823154,general_news,2026-08-02T04:52:47+00:00,20,2026-08-02T05:14:00.690049+00:00,21.17,7112,0,0,telegram
khabarfouri,555789,4823154,general_news,2026-08-02T04:52:47+00:00,30,2026-08-02T05:23:11.174643+00:00,30.34,9144,0,0,telegram
eghtesadonline,354095,75241,economy,2026-08-02T04:54:01+00:00,5,2026-08-02T04:59:40.819074+00:00,5.53,497,0,3,telegram
eghtesadonline,354095,75241,economy,2026-08-02T04:54:01+00:00,10,2026-08-02T05:04:54.898463+00:00,10.76,772,0,8,telegram
eghtesadonline,354095,75241,economy,2026-08-02T04:54:01+00:00,20,2026-08-02T05:15:24.640298+00:00,21.25,1449,3,8,telegram
eghtesadonline,354095,75241,economy,2026-08-02T04:54:01+00:00,30,2026-08-02T05:24:34.735711+00:00,30.42,1907,3,10,telegram
akharinkhabar,623773,1943342,general_news,2026-08-02T05:02:06+00:00,5,2026-08-02T05:07:37.898466+00:00,5.3,2026,0,0,telegram
akharinkhabar,623773,1943342,general_news,2026-08-02T05:02:06+00:00,10,2026-08-02T05:12:52.758474+00:00,10.54,4068,0,0,telegram
akharinkhabar,623773,1943342,general_news,2026-08-02T05:02:06+00:00,20,2026-08-02T05:23:21.939424+00:00,21.03,7130,0,0,telegram
akharinkhabar,623773,1943342,general_news,2026-08-02T05:02:06+00:00,30,2026-08-02T05:32:33.927134+00:00,30.23,10200,0,0,telegram
footballiapp,493065,49780,sport,2026-08-02T05:04:14+00:00,5,2026-08-02T05:10:06.568608+00:00,5.79,86,0,1,telegram
footballiapp,493065,49780,sport,2026-08-02T05:04:14+00:00,10,2026-08-02T05:15:21.498499+00:00,11.03,127,0,1,telegram
footballiapp,493065,49780,sport,2026-08-02T05:04:14+00:00,20,2026-08-02T05:24:31.610771+00:00,20.21,186,0,1,telegram
footballiapp,493065,49780,sport,2026-08-02T05:04:14+00:00,30,2026-08-02T05:35:01.304925+00:00,30.71,254,0,1,telegram
akharinkhabar,623774,1943342,general_news,2026-08-02T05:04:23+00:00,5,2026-08-02T05:10:15.725338+00:00,5.64,2025,0,0,telegram
akharinkhabar,623774,1943342,general_news,2026-08-02T05:04:23+00:00,10,2026-08-02T05:15:30.671399+00:00,10.88,4066,0,0,telegram
akharinkhabar,623774,1943342,general_news,2026-08-02T05:04:23+00:00,20,2026-08-02T05:24:40.718430+00:00,20.06,7131,0,0,telegram
akharinkhabar,623774,1943342,general_news,2026-08-02T05:04:23+00:00,30,2026-08-02T05:35:10.567872+00:00,30.56,9178,0,0,telegram
eghtesadonline,354096,75241,economy,2026-08-02T05:05:08+00:00,5,2026-08-02T05:11:28.084519+00:00,6.2,624,4,9,telegram
eghtesadonline,354096,75241,economy,2026-08-02T05:05:08+00:00,10,2026-08-02T05:15:24.639764+00:00,10.13,866,6,10,telegram
eghtesadonline,354096,75241,economy,2026-08-02T05:05:08+00:00,20,2026-08-02T05:25:53.127180+00:00,20.62,1479,9,11,telegram
eghtesadonline,354096,75241,economy,2026-08-02T05:05:08+00:00,30,2026-08-02T05:36:22.674135+00:00,31.11,1848,10,11,telegram
khabarfouri,555790,4823154,general_news,2026-08-02T05:05:28+00:00,5,2026-08-02T05:11:23.471317+00:00,5.87,3050,0,1,telegram
khabarfouri,555790,4823154,general_news,2026-08-02T05:05:28+00:00,10,2026-08-02T05:16:38.541173+00:00,11.12,6092,0,1,telegram
khabarfouri,555790,4823154,general_news,2026-08-02T05:05:28+00:00,20,2026-08-02T05:25:48.405304+00:00,20.28,8129,0,1,telegram
khabarfouri,555790,4823154,general_news,2026-08-02T05:05:28+00:00,30,2026-08-02T05:36:18.174316+00:00,30.78,10173,0,1,telegram
khabarfouri,555791,4823154,general_news,2026-08-02T05:07:37+00:00,5,2026-08-02T05:12:41.920899+00:00,5.02,2037,0,0,telegram
khabarfouri,555791,4823154,general_news,2026-08-02T05:07:37+00:00,10,2026-08-02T05:17:56.855316+00:00,10.27,6089,0,0,telegram
khabarfouri,555791,4823154,general_news,2026-08-02T05:07:37+00:00,20,2026-08-02T05:28:27.164258+00:00,20.75,8135,0,0,telegram
khabarfouri,555791,4823154,general_news,2026-08-02T05:07:37+00:00,30,2026-08-02T05:38:54.378211+00:00,31.23,10178,0,0,telegram
khabarfouri,555792,4823154,general_news,2026-08-02T05:08:13+00:00,5,2026-08-02T05:14:00.689481+00:00,5.74,3050,0,0,telegram
khabarfouri,555792,4823154,general_news,2026-08-02T05:08:13+00:00,10,2026-08-02T05:19:15.859286+00:00,10.99,6097,0,0,telegram
khabarfouri,555792,4823154,general_news,2026-08-02T05:08:13+00:00,20,2026-08-02T05:28:27.164115+00:00,20.15,8139,0,0,telegram
khabarfouri,555792,4823154,general_news,2026-08-02T05:08:13+00:00,30,2026-08-02T05:38:54.378076+00:00,30.63,10187,0,0,telegram
khabarfouri,555793,4823154,general_news,2026-08-02T05:10:43+00:00,5,2026-08-02T05:16:38.540346+00:00,5.87,3059,0,0,telegram
khabarfouri,555793,4823154,general_news,2026-08-02T05:10:43+00:00,10,2026-08-02T05:21:52.604260+00:00,11.1,6108,0,0,telegram
khabarfouri,555793,4823154,general_news,2026-08-02T05:10:43+00:00,20,2026-08-02T05:31:04.707703+00:00,20.31,8154,0,0,telegram
khabarfouri,555793,4823154,general_news,2026-08-02T05:10:43+00:00,30,2026-08-02T05:41:30.905159+00:00,30.74,10203,0,0,telegram
khabarfouri,555794,4823154,general_news,2026-08-02T05:11:56+00:00,5,2026-08-02T05:17:56.855146+00:00,5.96,3060,0,1,telegram
khabarfouri,555794,4823154,general_news,2026-08-02T05:11:56+00:00,10,2026-08-02T05:23:11.174563+00:00,11.19,5113,0,1,telegram
khabarfouri,555794,4823154,general_news,2026-08-02T05:11:56+00:00,20,2026-08-02T05:32:23.303817+00:00,20.4,8164,0,1,telegram
khabarfouri,555794,4823154,general_news,2026-08-02T05:11:56+00:00,30,2026-08-02T05:42:50.940402+00:00,30.83,10214,0,1,telegram
farsna,453984,1816267,general_news,2026-08-02T05:13:29+00:00,5,2026-08-02T05:19:29.604583+00:00,5.72,1152,0,2,telegram
farsna,453984,1816267,general_news,2026-08-02T05:13:29+00:00,10,2026-08-02T05:24:43.761866+00:00,10.96,1930,0,2,telegram
farsna,453984,1816267,general_news,2026-08-02T05:13:29+00:00,20,2026-08-02T05:33:55.192734+00:00,20.15,3263,0,3,telegram
farsna,453984,1816267,general_news,2026-08-02T05:13:29+00:00,30,2026-08-02T05:44:24.499169+00:00,30.63,4291,0,3,telegram
eghtesadonline,354097,75241,economy,2026-08-02T05:15:41+00:00,5,2026-08-02T05:21:57.277206+00:00,6.13,554,1,4,telegram
eghtesadonline,354097,75241,economy,2026-08-02T05:15:41+00:00,10,2026-08-02T05:25:53.126659+00:00,10.07,770,2,5,telegram
eghtesadonline,354097,75241,economy,2026-08-02T05:15:41+00:00,20,2026-08-02T05:36:22.673478+00:00,20.56,1292,4,7,telegram
eghtesadonline,354097,75241,economy,2026-08-02T05:15:41+00:00,30,2026-08-02T05:46:52.199649+00:00,31.05,1847,4,7,telegram
khabarfouri,555795,4823154,general_news,2026-08-02T05:17:11+00:00,5,2026-08-02T05:23:11.173420+00:00,5.94,3067,0,0,telegram
khabarfouri,555795,4823154,general_news,2026-08-02T05:17:11+00:00,10,2026-08-02T05:28:27.164067+00:00,11.18,5107,0,0,telegram
khabarfouri,555795,4823154,general_news,2026-08-02T05:17:11+00:00,20,2026-08-02T05:37:36.299228+00:00,20.36,7167,0,0,telegram
khabarfouri,555795,4823154,general_news,2026-08-02T05:17:11+00:00,30,2026-08-02T05:48:05.866953+00:00,30.86,9214,0,0,telegram
khabarfouri,555796,4823154,general_news,2026-08-02T05:21:35+00:00,5,2026-08-02T05:27:06.986745+00:00,5.47,2043,0,0,telegram
khabarfouri,555796,4823154,general_news,2026-08-02T05:21:35+00:00,10,2026-08-02T05:32:23.303783+00:00,10.75,5099,0,0,telegram
khabarfouri,555796,4823154,general_news,2026-08-02T05:21:35+00:00,20,2026-08-02T05:42:50.939747+00:00,21.18,9182,0,0,telegram
khabarfouri,555796,4823154,general_news,2026-08-02T05:21:35+00:00,30,2026-08-02T05:52:01.047531+00:00,30.38,11214,0,0,telegram
farsna,453985,1816267,general_news,2026-08-02T05:22:43+00:00,5,2026-08-02T05:28:41.733854+00:00,5.65,1308,0,10,telegram
farsna,453985,1816267,general_news,2026-08-02T05:22:43+00:00,10,2026-08-02T05:33:55.192205+00:00,10.92,2000,0,10,telegram
farsna,453985,1816267,general_news,2026-08-02T05:22:43+00:00,20,2026-08-02T05:43:05.671223+00:00,20.05,3028,0,10,telegram
farsna,453985,1816267,general_news,2026-08-02T05:22:43+00:00,30,2026-08-02T05:53:37.168499+00:00,30.55,4090,0,10,telegram
khabarfouri,555798,4823154,general_news,2026-08-02T05:23:21+00:00,5,2026-08-02T05:28:27.163473+00:00,5.01,3059,0,0,telegram
khabarfouri,555798,4823154,general_news,2026-08-02T05:23:21+00:00,10,2026-08-02T05:33:41.555672+00:00,10.29,6117,0,0,telegram
khabarfouri,555798,4823154,general_news,2026-08-02T05:23:21+00:00,20,2026-08-02T05:44:10.582592+00:00,20.76,9189,0,0,telegram
khabarfouri,555798,4823154,general_news,2026-08-02T05:23:21+00:00,30,2026-08-02T05:54:42.063575+00:00,31.29,11220,0,0,telegram
khabarfouri,555799,4823154,general_news,2026-08-02T05:26:03+00:00,5,2026-08-02T05:32:23.303205+00:00,6.28,4080,0,0,telegram
khabarfouri,555799,4823154,general_news,2026-08-02T05:26:03+00:00,10,2026-08-02T05:36:18.174214+00:00,10.2,6124,0,0,telegram
khabarfouri,555799,4823154,general_news,2026-08-02T05:26:03+00:00,20,2026-08-02T05:46:47.511674+00:00,20.68,10197,0,0,telegram
khabarfouri,555799,4823154,general_news,2026-08-02T05:26:03+00:00,30,2026-08-02T05:57:19.054979+00:00,31.21,11234,0,0,telegram
persiantwix,9534,1049188,entertainment,2026-08-02T05:30:00+00:00,5,2026-08-02T05:36:25.647213+00:00,6.25,1660,188,12,telegram
persiantwix,9534,1049188,entertainment,2026-08-02T05:30:00+00:00,10,2026-08-02T05:40:20.337402+00:00,10.15,2271,273,22,telegram
persiantwix,9534,1049188,entertainment,2026-08-02T05:30:00+00:00,20,2026-08-02T05:50:50.332410+00:00,20.66,3803,457,42,telegram
persiantwix,9534,1049188,entertainment,2026-08-02T05:30:00+00:00,30,2026-08-02T06:01:22.419184+00:00,31.19,5029,582,52,telegram
khabarfouri,555800,4823154,general_news,2026-08-02T05:31:01+00:00,5,2026-08-02T05:36:18.173699+00:00,5.23,2056,0,0,telegram
khabarfouri,555800,4823154,general_news,2026-08-02T05:31:01+00:00,10,2026-08-02T05:41:30.904505+00:00,10.44,5100,0,0,telegram
khabarfouri,555800,4823154,general_news,2026-08-02T05:31:01+00:00,20,2026-08-02T05:52:01.046935+00:00,20.94,9171,0,0,telegram
khabarfouri,555800,4823154,general_news,2026-08-02T05:31:01+00:00,30,2026-08-02T06:01:14.759726+00:00,30.17,10207,0,0,telegram
tweetychannel,409435,775496,social_entertainment,2026-08-02T05:31:10+00:00,5,2026-08-02T05:36:27.174733+00:00,5.08,1633,13,19,telegram
tweetychannel,409435,775496,social_entertainment,2026-08-02T05:31:10+00:00,10,2026-08-02T05:41:40.036221+00:00,10.29,3455,17,30,telegram
tweetychannel,409435,775496,social_entertainment,2026-08-02T05:31:10+00:00,20,2026-08-02T05:52:10.222599+00:00,20.79,4782,25,30,telegram
tweetychannel,409435,775496,social_entertainment,2026-08-02T05:31:10+00:00,30,2026-08-02T06:01:23.900544+00:00,30.02,5789,26,30,telegram
tweetychannel,409436,775496,social_entertainment,2026-08-02T05:31:44+00:00,5,2026-08-02T05:37:45.244748+00:00,5.81,2116,91,33,telegram
tweetychannel,409436,775496,social_entertainment,2026-08-02T05:31:44+00:00,10,2026-08-02T05:43:00.744222+00:00,11.03,3634,110,43,telegram
tweetychannel,409436,775496,social_entertainment,2026-08-02T05:31:44+00:00,20,2026-08-02T05:52:10.222042+00:00,20.23,4658,136,43,telegram
tweetychannel,409436,775496,social_entertainment,2026-08-02T05:31:44+00:00,30,2026-08-02T06:02:42.309723+00:00,30.76,5666,148,43,telegram
varzesh3,298687,1296635,sport,2026-08-02T05:32:40+00:00,5,2026-08-02T05:38:57.573005+00:00,6.18,6936,0,0,telegram
varzesh3,298687,1296635,sport,2026-08-02T05:32:40+00:00,10,2026-08-02T05:42:54.546220+00:00,10.1,10115,0,1,telegram
varzesh3,298687,1296635,sport,2026-08-02T05:32:40+00:00,20,2026-08-02T05:53:26.077414+00:00,20.6,17447,0,1,telegram
varzesh3,298687,1296635,sport,2026-08-02T05:32:40+00:00,30,2026-08-02T06:03:54.528958+00:00,31.13,23734,0,1,telegram
varzesh3,298688,1296635,sport,2026-08-02T05:32:40+00:00,5,2026-08-02T05:38:57.572537+00:00,6.18,5927,0,0,telegram
varzesh3,298688,1296635,sport,2026-08-02T05:32:40+00:00,10,2026-08-02T05:42:54.545648+00:00,10.1,10108,0,1,telegram
varzesh3,298688,1296635,sport,2026-08-02T05:32:40+00:00,20,2026-08-02T05:53:26.076934+00:00,20.6,17439,0,1,telegram
varzesh3,298688,1296635,sport,2026-08-02T05:32:40+00:00,30,2026-08-02T06:03:54.528413+00:00,31.13,24737,0,1,telegram
tweetychannel,409437,775496,social_entertainment,2026-08-02T05:34:08+00:00,5,2026-08-02T05:40:21.810107+00:00,6.02,2435,12,0,telegram
tweetychannel,409437,775496,social_entertainment,2026-08-02T05:34:08+00:00,10,2026-08-02T05:45:38.242423+00:00,11.3,3055,15,0,telegram
tweetychannel,409437,775496,social_entertainment,2026-08-02T05:34:08+00:00,20,2026-08-02T05:54:51.307608+00:00,20.51,5075,18,0,telegram
tweetychannel,409437,775496,social_entertainment,2026-08-02T05:34:08+00:00,30,2026-08-02T06:05:18.732468+00:00,30.97,6084,20,0,telegram
tweetychannel,409438,775496,social_entertainment,2026-08-02T05:34:08+00:00,5,2026-08-02T05:40:21.809648+00:00,6.02,2435,42,20,telegram
tweetychannel,409438,775496,social_entertainment,2026-08-02T05:34:08+00:00,10,2026-08-02T05:45:38.242317+00:00,11.3,3365,50,20,telegram
tweetychannel,409438,775496,social_entertainment,2026-08-02T05:34:08+00:00,20,2026-08-02T05:54:51.307587+00:00,20.51,5380,61,20,telegram
digiato,110975,111087,technology,2026-08-02T05:34:16+00:00,5,2026-08-02T05:40:11.015746+00:00,5.89,463,0,5,telegram
digiato,110975,111087,technology,2026-08-02T05:34:16+00:00,10,2026-08-02T05:45:27.670608+00:00,11.16,870,0,5,telegram
digiato,110975,111087,technology,2026-08-02T05:34:16+00:00,20,2026-08-02T05:54:40.470246+00:00,20.37,1337,0,5,telegram
digiato,110975,111087,technology,2026-08-02T05:34:16+00:00,30,2026-08-02T06:05:08.167177+00:00,30.84,1834,0,5,telegram
eghtesadonline,354098,75241,economy,2026-08-02T05:36:43+00:00,5,2026-08-02T05:42:56.093111+00:00,6.05,587,3,12,telegram
eghtesadonline,354098,75241,economy,2026-08-02T05:36:43+00:00,10,2026-08-02T05:46:52.199056+00:00,10.02,802,5,15,telegram
eghtesadonline,354098,75241,economy,2026-08-02T05:36:43+00:00,20,2026-08-02T05:57:23.694847+00:00,20.54,1612,6,27,telegram
eghtesadonline,354098,75241,economy,2026-08-02T05:36:43+00:00,30,2026-08-02T06:07:50.862347+00:00,31.0,1985,8,30,telegram
tweetychannel,409439,775496,social_entertainment,2026-08-02T05:37:11+00:00,5,2026-08-02T05:43:00.743730+00:00,5.58,2442,52,20,telegram
tweetychannel,409439,775496,social_entertainment,2026-08-02T05:37:11+00:00,10,2026-08-02T05:48:14.939100+00:00,10.86,3471,66,20,telegram
tweetychannel,409439,775496,social_entertainment,2026-08-02T05:37:11+00:00,20,2026-08-02T05:57:28.157128+00:00,20.08,4485,73,20,telegram
tweetychannel,409439,775496,social_entertainment,2026-08-02T05:37:11+00:00,30,2026-08-02T06:07:55.613225+00:00,30.53,5534,75,21,telegram
thezoomit,98208,129324,technology,2026-08-02T05:37:40+00:00,5,2026-08-02T05:42:46.971631+00:00,5.1,473,6,2,telegram
thezoomit,98208,129324,technology,2026-08-02T05:37:40+00:00,10,2026-08-02T05:48:02.782704+00:00,10.37,877,10,2,telegram
thezoomit,98208,129324,technology,2026-08-02T05:37:40+00:00,20,2026-08-02T05:58:34.307810+00:00,20.9,1598,13,3,telegram
thezoomit,98208,129324,technology,2026-08-02T05:37:40+00:00,30,2026-08-02T06:07:43.174370+00:00,30.05,2132,15,3,telegram
khabarfouri,555801,4823154,general_news,2026-08-02T05:38:32+00:00,5,2026-08-02T05:44:10.582464+00:00,5.58,3064,0,1,telegram
khabarfouri,555801,4823154,general_news,2026-08-02T05:38:32+00:00,10,2026-08-02T05:49:24.448972+00:00,10.82,6113,0,1,telegram
khabarfouri,555801,4823154,general_news,2026-08-02T05:38:32+00:00,20,2026-08-02T05:58:37.494096+00:00,20.03,10175,0,1,telegram
khabarfouri,555801,4823154,general_news,2026-08-02T05:38:32+00:00,30,2026-08-02T06:09:04.989156+00:00,30.49,12215,0,1,telegram
digiato,110976,111087,technology,2026-08-02T05:39:09+00:00,5,2026-08-02T05:45:27.669767+00:00,6.28,656,17,4,telegram
digiato,110976,111087,technology,2026-08-02T05:39:09+00:00,10,2026-08-02T05:49:22.958731+00:00,10.2,903,25,5,telegram
digiato,110976,111087,technology,2026-08-02T05:39:09+00:00,20,2026-08-02T05:59:54.666801+00:00,20.73,1587,33,11,telegram
digiato,110976,111087,technology,2026-08-02T05:39:09+00:00,30,2026-08-02T06:10:21.981498+00:00,31.18,2119,37,12,telegram
tweetychannel,409440,775496,social_entertainment,2026-08-02T05:40:21+00:00,5,2026-08-02T05:45:38.242169+00:00,5.08,1237,45,0,telegram
tweetychannel,409440,775496,social_entertainment,2026-08-02T05:40:21+00:00,10,2026-08-02T05:50:51.830554+00:00,10.31,3264,59,1,telegram
tweetychannel,409440,775496,social_entertainment,2026-08-02T05:40:21+00:00,20,2026-08-02T06:01:23.900105+00:00,20.84,4274,66,1,telegram
tweetychannel,409440,775496,social_entertainment,2026-08-02T05:40:21+00:00,30,2026-08-02T06:11:51.617537+00:00,31.3,5844,75,2,telegram
khabarfouri,555802,4823154,general_news,2026-08-02T05:43:58+00:00,5,2026-08-02T05:49:24.448857+00:00,5.38,2053,0,2,telegram
khabarfouri,555802,4823154,general_news,2026-08-02T05:43:58+00:00,10,2026-08-02T05:54:42.063523+00:00,10.67,5090,0,2,telegram
khabarfouri,555802,4823154,general_news,2026-08-02T05:43:58+00:00,20,2026-08-02T06:05:09.668156+00:00,21.14,9163,0,36,telegram
khabarfouri,555802,4823154,general_news,2026-08-02T05:43:58+00:00,30,2026-08-02T06:14:19.363308+00:00,30.3,11191,0,37,telegram
tweetychannel,409441,775496,social_entertainment,2026-08-02T05:44:06+00:00,5,2026-08-02T05:49:33.638331+00:00,5.25,2034,29,0,telegram
tweetychannel,409441,775496,social_entertainment,2026-08-02T05:44:06+00:00,10,2026-08-02T05:54:51.307542+00:00,10.54,3056,48,0,telegram
tweetychannel,409441,775496,social_entertainment,2026-08-02T05:44:06+00:00,20,2026-08-02T06:05:18.732433+00:00,21.0,4070,63,0,telegram
tweetychannel,409441,775496,social_entertainment,2026-08-02T05:44:06+00:00,30,2026-08-02T06:14:28.530344+00:00,30.16,5722,79,23,telegram
tweetychannel,409442,775496,social_entertainment,2026-08-02T05:44:11+00:00,5,2026-08-02T05:49:33.638221+00:00,5.17,2040,50,1,telegram
tweetychannel,409442,775496,social_entertainment,2026-08-02T05:44:11+00:00,10,2026-08-02T05:54:51.307068+00:00,10.46,3065,70,1,telegram
tweetychannel,409442,775496,social_entertainment,2026-08-02T05:44:11+00:00,20,2026-08-02T06:05:18.732406+00:00,20.92,5090,82,1,telegram
tweetychannel,409442,775496,social_entertainment,2026-08-02T05:44:11+00:00,30,2026-08-02T06:14:28.530323+00:00,30.08,6627,91,2,telegram
akharinkhabar,623775,1943342,general_news,2026-08-02T05:45:18+00:00,5,2026-08-02T05:50:53.303113+00:00,5.36,2045,0,0,telegram
akharinkhabar,623775,1943342,general_news,2026-08-02T05:45:18+00:00,10,2026-08-02T05:56:11.309613+00:00,10.65,3082,0,0,telegram
akharinkhabar,623775,1943342,general_news,2026-08-02T05:45:18+00:00,20,2026-08-02T06:06:38.535009+00:00,21.11,6147,0,0,telegram
akharinkhabar,623775,1943342,general_news,2026-08-02T05:45:18+00:00,30,2026-08-02T06:15:48.761026+00:00,30.27,8204,0,0,telegram
akharinkhabar,623776,1943342,general_news,2026-08-02T05:45:18+00:00,5,2026-08-02T05:50:53.303087+00:00,5.36,2050,0,0,telegram
akharinkhabar,623776,1943342,general_news,2026-08-02T05:45:18+00:00,10,2026-08-02T05:56:11.309591+00:00,10.65,3081,0,0,telegram
akharinkhabar,623776,1943342,general_news,2026-08-02T05:45:18+00:00,20,2026-08-02T06:06:38.534990+00:00,21.11,6146,0,0,telegram
akharinkhabar,623776,1943342,general_news,2026-08-02T05:45:18+00:00,30,2026-08-02T06:15:48.761003+00:00,30.27,8196,0,0,telegram
akharinkhabar,623777,1943342,general_news,2026-08-02T05:45:18+00:00,5,2026-08-02T05:50:53.303060+00:00,5.36,2048,0,0,telegram
akharinkhabar,623777,1943342,general_news,2026-08-02T05:45:18+00:00,10,2026-08-02T05:56:11.309563+00:00,10.65,3079,0,0,telegram
akharinkhabar,623777,1943342,general_news,2026-08-02T05:45:18+00:00,20,2026-08-02T06:06:38.534969+00:00,21.11,6145,0,0,telegram
akharinkhabar,623777,1943342,general_news,2026-08-02T05:45:18+00:00,30,2026-08-02T06:15:48.760978+00:00,30.27,8197,0,0,telegram
akharinkhabar,623778,1943342,general_news,2026-08-02T05:45:18+00:00,5,2026-08-02T05:50:53.303028+00:00,5.36,2048,0,0,telegram
akharinkhabar,623778,1943342,general_news,2026-08-02T05:45:18+00:00,10,2026-08-02T05:56:11.309374+00:00,10.65,3082,0,0,telegram
akharinkhabar,623778,1943342,general_news,2026-08-02T05:45:18+00:00,20,2026-08-02T06:06:38.534941+00:00,21.11,6148,0,0,telegram
akharinkhabar,623778,1943342,general_news,2026-08-02T05:45:18+00:00,30,2026-08-02T06:15:48.760950+00:00,30.27,8199,0,0,telegram
akharinkhabar,623779,1943342,general_news,2026-08-02T05:45:18+00:00,5,2026-08-02T05:50:53.302482+00:00,5.36,2052,0,0,telegram
akharinkhabar,623779,1943342,general_news,2026-08-02T05:45:18+00:00,10,2026-08-02T05:56:11.307666+00:00,10.65,3089,0,0,telegram
akharinkhabar,623779,1943342,general_news,2026-08-02T05:45:18+00:00,20,2026-08-02T06:06:38.534170+00:00,21.11,6149,0,0,telegram
akharinkhabar,623779,1943342,general_news,2026-08-02T05:45:18+00:00,30,2026-08-02T06:15:48.760481+00:00,30.27,8200,0,0,telegram
thezoomit,98209,129324,technology,2026-08-02T05:46:35+00:00,5,2026-08-02T05:51:57.907973+00:00,5.38,656,2,2,telegram
thezoomit,98209,129324,technology,2026-08-02T05:46:35+00:00,10,2026-08-02T05:57:15.957074+00:00,10.68,1093,2,2,telegram
thezoomit,98209,129324,technology,2026-08-02T05:46:35+00:00,20,2026-08-02T06:07:43.173981+00:00,21.13,1814,2,2,telegram
thezoomit,98209,129324,technology,2026-08-02T05:46:35+00:00,30,2026-08-02T06:16:53.527490+00:00,30.3,2278,3,2,telegram
khabarfouri,555803,4823154,general_news,2026-08-02T05:47:23+00:00,5,2026-08-02T05:53:22.527482+00:00,5.88,3053,0,0,telegram
khabarfouri,555803,4823154,general_news,2026-08-02T05:47:23+00:00,10,2026-08-02T05:58:37.494061+00:00,11.18,5103,0,0,telegram
khabarfouri,555803,4823154,general_news,2026-08-02T05:47:23+00:00,20,2026-08-02T06:07:46.246393+00:00,20.33,10175,0,0,telegram
khabarfouri,555803,4823154,general_news,2026-08-02T05:47:23+00:00,30,2026-08-02T06:18:15.720580+00:00,30.82,12214,0,0,telegram
tweetychannel,409443,775496,social_entertainment,2026-08-02T05:48:07+00:00,5,2026-08-02T05:53:32.463630+00:00,5.15,2038,49,0,telegram
tweetychannel,409443,775496,social_entertainment,2026-08-02T05:48:07+00:00,10,2026-08-02T05:58:46.812603+00:00,10.45,3055,56,34,telegram
tweetychannel,409443,775496,social_entertainment,2026-08-02T05:48:07+00:00,20,2026-08-02T06:09:14.213338+00:00,20.91,5114,61,35,telegram
tweetychannel,409443,775496,social_entertainment,2026-08-02T05:48:07+00:00,30,2026-08-02T06:18:24.968982+00:00,30.09,6070,65,36,telegram
farsna,453986,1816267,general_news,2026-08-02T05:48:30+00:00,5,2026-08-02T05:54:55.859423+00:00,6.14,728,0,0,telegram
farsna,453986,1816267,general_news,2026-08-02T05:48:30+00:00,10,2026-08-02T05:58:51.382387+00:00,10.07,1398,0,0,telegram
farsna,453986,1816267,general_news,2026-08-02T05:48:30+00:00,20,2026-08-02T06:09:18.786728+00:00,20.53,2129,0,0,telegram
farsna,453986,1816267,general_news,2026-08-02T05:48:30+00:00,30,2026-08-02T06:19:48.723292+00:00,31.01,3126,0,0,telegram
farsna,453987,1816267,general_news,2026-08-02T05:48:30+00:00,5,2026-08-02T05:54:55.859405+00:00,6.14,722,0,0,telegram
farsna,453987,1816267,general_news,2026-08-02T05:48:30+00:00,10,2026-08-02T05:58:51.382368+00:00,10.07,1392,0,0,telegram
farsna,453987,1816267,general_news,2026-08-02T05:48:30+00:00,20,2026-08-02T06:09:18.786710+00:00,20.53,2121,0,0,telegram
farsna,453987,1816267,general_news,2026-08-02T05:48:30+00:00,30,2026-08-02T06:19:48.723274+00:00,31.01,2811,0,0,telegram
farsna,453988,1816267,general_news,2026-08-02T05:48:30+00:00,5,2026-08-02T05:54:55.859386+00:00,6.14,722,0,0,telegram
farsna,453988,1816267,general_news,2026-08-02T05:48:30+00:00,10,2026-08-02T05:58:51.382333+00:00,10.07,1392,0,0,telegram
farsna,453988,1816267,general_news,2026-08-02T05:48:30+00:00,20,2026-08-02T06:09:18.786691+00:00,20.53,2121,0,0,telegram
farsna,453988,1816267,general_news,2026-08-02T05:48:30+00:00,30,2026-08-02T06:19:48.723256+00:00,31.01,2811,0,0,telegram
farsna,453989,1816267,general_news,2026-08-02T05:48:30+00:00,5,2026-08-02T05:54:55.859366+00:00,6.14,722,0,0,telegram
farsna,453989,1816267,general_news,2026-08-02T05:48:30+00:00,10,2026-08-02T05:58:51.382313+00:00,10.07,1392,0,0,telegram
farsna,453989,1816267,general_news,2026-08-02T05:48:30+00:00,20,2026-08-02T06:09:18.786672+00:00,20.53,2121,0,0,telegram
farsna,453989,1816267,general_news,2026-08-02T05:48:30+00:00,30,2026-08-02T06:19:48.723236+00:00,31.01,2811,0,0,telegram
farsna,453990,1816267,general_news,2026-08-02T05:48:30+00:00,5,2026-08-02T05:54:55.859346+00:00,6.14,722,0,0,telegram
farsna,453990,1816267,general_news,2026-08-02T05:48:30+00:00,10,2026-08-02T05:58:51.382292+00:00,10.07,1392,0,0,telegram
farsna,453990,1816267,general_news,2026-08-02T05:48:30+00:00,20,2026-08-02T06:09:18.786652+00:00,20.53,2120,0,0,telegram
farsna,453990,1816267,general_news,2026-08-02T05:48:30+00:00,30,2026-08-02T06:19:48.723216+00:00,31.01,2810,0,0,telegram
farsna,453991,1816267,general_news,2026-08-02T05:48:30+00:00,5,2026-08-02T05:54:55.859320+00:00,6.14,725,0,0,telegram
farsna,453991,1816267,general_news,2026-08-02T05:48:30+00:00,10,2026-08-02T05:58:51.382265+00:00,10.07,1394,0,0,telegram
farsna,453991,1816267,general_news,2026-08-02T05:48:30+00:00,20,2026-08-02T06:09:18.786624+00:00,20.53,2095,0,0,telegram
farsna,453991,1816267,general_news,2026-08-02T05:48:30+00:00,30,2026-08-02T06:19:48.723188+00:00,31.01,2814,0,0,telegram
farsna,453992,1816267,general_news,2026-08-02T05:48:30+00:00,5,2026-08-02T05:54:55.858813+00:00,6.14,726,0,0,telegram
farsna,453992,1816267,general_news,2026-08-02T05:48:30+00:00,10,2026-08-02T05:58:51.380862+00:00,10.07,1394,0,0,telegram
farsna,453992,1816267,general_news,2026-08-02T05:48:30+00:00,20,2026-08-02T06:09:18.786127+00:00,20.53,2096,0,0,telegram
farsna,453992,1816267,general_news,2026-08-02T05:48:30+00:00,30,2026-08-02T06:19:48.722808+00:00,31.01,2815,0,0,telegram
khabarfouri,555804,4823154,general_news,2026-08-02T05:48:33+00:00,5,2026-08-02T05:54:42.062898+00:00,6.09,2058,0,0,telegram
khabarfouri,555804,4823154,general_news,2026-08-02T05:48:33+00:00,10,2026-08-02T05:58:37.492635+00:00,10.02,5102,0,0,telegram
khabarfouri,555804,4823154,general_news,2026-08-02T05:48:33+00:00,20,2026-08-02T06:09:04.989027+00:00,20.48,9175,0,0,telegram
khabarfouri,555804,4823154,general_news,2026-08-02T05:48:33+00:00,30,2026-08-02T06:19:34.435948+00:00,30.96,12227,0,0,telegram
thezoomit,98210,129324,technology,2026-08-02T05:48:56+00:00,5,2026-08-02T05:54:38.785531+00:00,5.71,777,17,16,telegram
thezoomit,98210,129324,technology,2026-08-02T05:48:56+00:00,10,2026-08-02T05:59:52.981373+00:00,10.94,1250,26,24,telegram
thezoomit,98210,129324,technology,2026-08-02T05:48:56+00:00,20,2026-08-02T06:09:01.859039+00:00,20.09,2028,32,29,telegram
thezoomit,98210,129324,technology,2026-08-02T05:48:56+00:00,30,2026-08-02T06:19:31.190304+00:00,30.58,2617,44,34,telegram
khabarfouri,555805,4823154,general_news,2026-08-02T05:50:09+00:00,5,2026-08-02T05:56:00.610493+00:00,5.8,3059,0,0,telegram
khabarfouri,555805,4823154,general_news,2026-08-02T05:50:09+00:00,10,2026-08-02T06:01:14.757844+00:00,11.04,5111,0,0,telegram
khabarfouri,555805,4823154,general_news,2026-08-02T05:50:09+00:00,20,2026-08-02T06:10:23.560877+00:00,20.18,9172,0,0,telegram
khabarfouri,555805,4823154,general_news,2026-08-02T05:50:09+00:00,30,2026-08-02T06:20:53.414846+00:00,30.68,12220,0,0,telegram
eghtesadonline,354099,75241,economy,2026-08-02T05:50:53+00:00,5,2026-08-02T05:56:05.238706+00:00,5.07,660,1,5,telegram
eghtesadonline,354099,75241,economy,2026-08-02T05:50:53+00:00,10,2026-08-02T06:01:19.418319+00:00,10.3,1153,2,6,telegram
eghtesadonline,354099,75241,economy,2026-08-02T05:50:53+00:00,20,2026-08-02T06:11:47.002644+00:00,20.76,1626,3,6,telegram
eghtesadonline,354099,75241,economy,2026-08-02T05:50:53+00:00,30,2026-08-02T06:22:16.183254+00:00,31.25,2305,5,8,telegram
eghtesadonline,354100,75241,economy,2026-08-02T05:51:46+00:00,5,2026-08-02T05:57:23.693458+00:00,5.49,783,5,11,telegram
eghtesadonline,354100,75241,economy,2026-08-02T05:51:46+00:00,10,2026-08-02T06:02:37.915646+00:00,10.73,1125,9,21,telegram
eghtesadonline,354100,75241,economy,2026-08-02T05:51:46+00:00,20,2026-08-02T06:13:05.489011+00:00,21.19,1718,14,22,telegram
eghtesadonline,354100,75241,economy,2026-08-02T05:51:46+00:00,30,2026-08-02T06:22:16.181812+00:00,30.37,2331,17,23,telegram
tweetychannel,409444,775496,social_entertainment,2026-08-02T05:53:08+00:00,5,2026-08-02T05:58:46.812089+00:00,5.43,1025,9,34,telegram
tweetychannel,409444,775496,social_entertainment,2026-08-02T05:53:08+00:00,10,2026-08-02T06:04:00.552347+00:00,10.67,2054,15,36,telegram
tweetychannel,409444,775496,social_entertainment,2026-08-02T05:53:08+00:00,20,2026-08-02T06:14:28.530293+00:00,21.13,4619,20,93,telegram
tweetychannel,409444,775496,social_entertainment,2026-08-02T05:53:08+00:00,30,2026-08-02T06:23:39.186913+00:00,30.31,5835,23,113,telegram
digiato,110977,111087,technology,2026-08-02T05:53:10+00:00,5,2026-08-02T05:58:35.928152+00:00,5.4,529,4,1,telegram
digiato,110977,111087,technology,2026-08-02T05:53:10+00:00,10,2026-08-02T06:03:49.953063+00:00,10.63,874,6,3,telegram
digiato,110977,111087,technology,2026-08-02T05:53:10+00:00,20,2026-08-02T06:14:17.873469+00:00,21.1,1587,9,3,telegram
digiato,110977,111087,technology,2026-08-02T05:53:10+00:00,30,2026-08-02T06:23:28.455492+00:00,30.27,1961,11,3,telegram
khabarfouri,555806,4823154,general_news,2026-08-02T05:54:43+00:00,5,2026-08-02T05:59:56.178867+00:00,5.16,2060,0,0,telegram
khabarfouri,555806,4823154,general_news,2026-08-02T05:54:43+00:00,10,2026-08-02T06:05:09.667598+00:00,10.39,5110,0,0,telegram
khabarfouri,555806,4823154,general_news,2026-08-02T05:54:43+00:00,20,2026-08-02T06:15:37.783173+00:00,20.85,10186,0,0,telegram
khabarfouri,555806,4823154,general_news,2026-08-02T05:54:43+00:00,30,2026-08-02T06:24:48.620985+00:00,30.03,11215,0,0,telegram
khabarfouri,555807,4823154,general_news,2026-08-02T05:56:36+00:00,5,2026-08-02T06:02:33.075244+00:00,5.89,3070,0,0,telegram
khabarfouri,555807,4823154,general_news,2026-08-02T05:56:36+00:00,10,2026-08-02T06:07:46.245783+00:00,11.11,6110,0,0,telegram
khabarfouri,555807,4823154,general_news,2026-08-02T05:56:36+00:00,20,2026-08-02T06:16:56.703368+00:00,20.28,10176,0,0,telegram
khabarfouri,555807,4823154,general_news,2026-08-02T05:56:36+00:00,30,2026-08-02T06:27:25.347370+00:00,30.76,12218,0,0,telegram
eghtesadonline,354101,75241,economy,2026-08-02T05:57:23+00:00,5,2026-08-02T06:02:37.914932+00:00,5.11,434,2,4,telegram
eghtesadonline,354101,75241,economy,2026-08-02T05:57:23+00:00,10,2026-08-02T06:07:50.861801+00:00,10.33,746,4,4,telegram
eghtesadonline,354101,75241,economy,2026-08-02T05:57:23+00:00,20,2026-08-02T06:18:20.409792+00:00,20.82,1708,8,7,telegram
eghtesadonline,354101,75241,economy,2026-08-02T05:57:23+00:00,30,2026-08-02T06:28:48.624183+00:00,31.29,2228,9,8,telegram
tweetychannel,409445,775496,social_entertainment,2026-08-02T05:58:54+00:00,5,2026-08-02T06:05:18.732356+00:00,6.2,1041,19,1,telegram
tweetychannel,409445,775496,social_entertainment,2026-08-02T05:58:54+00:00,10,2026-08-02T06:09:14.213311+00:00,10.13,3002,23,5,telegram
tweetychannel,409445,775496,social_entertainment,2026-08-02T05:58:54+00:00,20,2026-08-02T06:19:43.589861+00:00,20.61,4597,32,15,telegram
tweetychannel,409445,775496,social_entertainment,2026-08-02T05:58:54+00:00,30,2026-08-02T06:30:11.530142+00:00,31.08,6116,38,15,telegram
thezoomit,98211,129324,technology,2026-08-02T05:59:03+00:00,5,2026-08-02T06:05:06.580605+00:00,6.05,966,23,15,telegram
thezoomit,98211,129324,technology,2026-08-02T05:59:03+00:00,10,2026-08-02T06:10:20.368131+00:00,11.28,1400,34,26,telegram
thezoomit,98211,129324,technology,2026-08-02T05:59:03+00:00,20,2026-08-02T06:19:31.189664+00:00,20.46,2107,45,37,telegram
thezoomit,98211,129324,technology,2026-08-02T05:59:03+00:00,30,2026-08-02T06:29:59.204820+00:00,30.93,2508,50,41,telegram
tweetychannel,409446,775496,social_entertainment,2026-08-02T05:59:38+00:00,5,2026-08-02T06:05:18.731833+00:00,5.47,1038,13,1,telegram
tweetychannel,409446,775496,social_entertainment,2026-08-02T05:59:38+00:00,10,2026-08-02T06:10:32.966603+00:00,10.7,2951,14,3,telegram
tweetychannel,409446,775496,social_entertainment,2026-08-02T05:59:38+00:00,20,2026-08-02T06:21:02.517287+00:00,21.2,4790,17,3,telegram
tweetychannel,409446,775496,social_entertainment,2026-08-02T05:59:38+00:00,30,2026-08-02T06:30:11.530113+00:00,30.35,6006,21,3,telegram
footballiapp,493066,49780,sport,2026-08-02T06:00:12+00:00,5,2026-08-02T06:06:29.338091+00:00,6.21,108,0,0,telegram
footballiapp,493066,49780,sport,2026-08-02T06:00:12+00:00,10,2026-08-02T06:10:25.193529+00:00,10.13,169,0,0,telegram
footballiapp,493066,49780,sport,2026-08-02T06:00:12+00:00,20,2026-08-02T06:20:54.911703+00:00,20.63,326,0,0,telegram
footballiapp,493066,49780,sport,2026-08-02T06:00:12+00:00,30,2026-08-02T06:31:22.219349+00:00,31.09,417,0,0,telegram
khabarfouri,555808,4823154,general_news,2026-08-02T06:02:49+00:00,5,2026-08-02T06:09:04.988765+00:00,6.21,2045,0,0,telegram
khabarfouri,555808,4823154,general_news,2026-08-02T06:02:49+00:00,10,2026-08-02T06:13:00.826098+00:00,10.14,5086,0,0,telegram
khabarfouri,555808,4823154,general_news,2026-08-02T06:02:49+00:00,20,2026-08-02T06:23:30.023085+00:00,20.62,8150,0,0,telegram
khabarfouri,555808,4823154,general_news,2026-08-02T06:02:49+00:00,30,2026-08-02T06:33:57.398401+00:00,31.08,10194,0,0,telegram
tweetychannel,409447,775496,social_entertainment,2026-08-02T06:03:16+00:00,5,2026-08-02T06:09:14.213284+00:00,5.76,2019,66,2,telegram
tweetychannel,409447,775496,social_entertainment,2026-08-02T06:03:16+00:00,10,2026-08-02T06:14:28.530115+00:00,11.0,2981,99,7,telegram
tweetychannel,409447,775496,social_entertainment,2026-08-02T06:03:16+00:00,20,2026-08-02T06:23:39.186865+00:00,20.17,4808,152,17,telegram
tweetychannel,409447,775496,social_entertainment,2026-08-02T06:03:16+00:00,30,2026-08-02T06:34:06.375721+00:00,30.63,6631,189,27,telegram
tweetychannel,409448,775496,social_entertainment,2026-08-02T06:03:16+00:00,5,2026-08-02T06:09:14.213184+00:00,5.76,1692,43,7,telegram
tweetychannel,409448,775496,social_entertainment,2026-08-02T06:03:16+00:00,10,2026-08-02T06:14:28.530087+00:00,11.0,3323,57,21,telegram
tweetychannel,409448,775496,social_entertainment,2026-08-02T06:03:16+00:00,20,2026-08-02T06:23:39.186313+00:00,20.17,4849,72,21,telegram
tweetychannel,409448,775496,social_entertainment,2026-08-02T06:03:16+00:00,30,2026-08-02T06:34:06.375694+00:00,30.63,6976,91,31,telegram
digiato,110978,111087,technology,2026-08-02T06:05:07+00:00,5,2026-08-02T06:10:21.981458+00:00,5.22,626,7,3,telegram
digiato,110978,111087,technology,2026-08-02T06:05:07+00:00,10,2026-08-02T06:15:36.252381+00:00,10.45,1028,14,7,telegram
digiato,110978,111087,technology,2026-08-02T06:05:07+00:00,20,2026-08-02T06:26:05.449393+00:00,20.94,1553,24,9,telegram
digiato,110978,111087,technology,2026-08-02T06:05:07+00:00,30,2026-08-02T06:35:14.000133+00:00,30.08,1932,37,9,telegram
digiato,110979,111087,technology,2026-08-02T06:05:07+00:00,5,2026-08-02T06:10:21.981020+00:00,5.22,656,0,2,telegram
digiato,110979,111087,technology,2026-08-02T06:05:07+00:00,10,2026-08-02T06:15:36.251867+00:00,10.45,1027,0,5,telegram
digiato,110979,111087,technology,2026-08-02T06:05:07+00:00,20,2026-08-02T06:26:05.448976+00:00,20.94,1554,0,7,telegram
digiato,110979,111087,technology,2026-08-02T06:05:07+00:00,30,2026-08-02T06:35:13.999630+00:00,30.08,1902,0,7,telegram
tweetychannel,409449,775496,social_entertainment,2026-08-02T06:06:09+00:00,5,2026-08-02T06:11:51.617005+00:00,5.5,2087,95,40,telegram
tweetychannel,409449,775496,social_entertainment,2026-08-02T06:06:09+00:00,10,2026-08-02T06:17:05.994020+00:00,10.73,3308,120,50,telegram
tweetychannel,409449,775496,social_entertainment,2026-08-02T06:06:09+00:00,20,2026-08-02T06:27:34.332019+00:00,21.21,5436,179,70,telegram
tweetychannel,409449,775496,social_entertainment,2026-08-02T06:06:09+00:00,30,2026-08-02T06:36:42.371082+00:00,30.35,6661,215,90,telegram
footballiapp,493067,49780,sport,2026-08-02T06:07:27+00:00,5,2026-08-02T06:13:02.387338+00:00,5.51,125,5,0,telegram
footballiapp,493067,49780,sport,2026-08-02T06:07:27+00:00,10,2026-08-02T06:18:17.248743+00:00,10.75,217,8,1,telegram
footballiapp,493067,49780,sport,2026-08-02T06:07:27+00:00,20,2026-08-02T06:28:45.605066+00:00,21.23,308,8,2,telegram
footballiapp,493067,49780,sport,2026-08-02T06:07:27+00:00,30,2026-08-02T06:37:53.055357+00:00,30.35,432,9,2,telegram
khabarfouri,555809,4823154,general_news,2026-08-02T06:08:10+00:00,5,2026-08-02T06:14:19.363221+00:00,6.1,3069,0,1,telegram
khabarfouri,555809,4823154,general_news,2026-08-02T06:08:10+00:00,10,2026-08-02T06:18:15.720494+00:00,10.04,5102,0,1,telegram
khabarfouri,555809,4823154,general_news,2026-08-02T06:08:10+00:00,20,2026-08-02T06:28:44.081914+00:00,20.51,8157,0,1,telegram
khabarfouri,555809,4823154,general_news,2026-08-02T06:08:10+00:00,30,2026-08-02T06:39:09.781074+00:00,30.94,10200,0,1,telegram
khabarfouri,555810,4823154,general_news,2026-08-02T06:08:54+00:00,5,2026-08-02T06:14:19.362639+00:00,5.36,3064,0,0,telegram
khabarfouri,555810,4823154,general_news,2026-08-02T06:08:54+00:00,10,2026-08-02T06:19:34.435274+00:00,10.61,5103,0,0,telegram
khabarfouri,555810,4823154,general_news,2026-08-02T06:08:54+00:00,20,2026-08-02T06:30:02.278523+00:00,21.08,8157,0,0,telegram
khabarfouri,555810,4823154,general_news,2026-08-02T06:08:54+00:00,30,2026-08-02T06:39:09.781050+00:00,30.21,10195,0,0,telegram
tweetychannel,409450,775496,social_entertainment,2026-08-02T06:08:59+00:00,5,2026-08-02T06:14:28.529959+00:00,5.28,1691,44,22,telegram
tweetychannel,409450,775496,social_entertainment,2026-08-02T06:08:59+00:00,10,2026-08-02T06:19:43.589799+00:00,10.53,3209,66,32,telegram
tweetychannel,409450,775496,social_entertainment,2026-08-02T06:08:59+00:00,20,2026-08-02T06:30:11.530047+00:00,21.0,5645,96,62,telegram
tweetychannel,409450,775496,social_entertainment,2026-08-02T06:08:59+00:00,30,2026-08-02T06:39:18.704435+00:00,30.12,6582,118,82,telegram
eghtesadonline,354102,75241,economy,2026-08-02T06:10:01+00:00,5,2026-08-02T06:15:42.526900+00:00,5.55,782,11,6,telegram
eghtesadonline,354102,75241,economy,2026-08-02T06:10:01+00:00,10,2026-08-02T06:20:57.947553+00:00,10.82,1300,17,9,telegram
eghtesadonline,354102,75241,economy,2026-08-02T06:10:01+00:00,20,2026-08-02T06:31:25.247028+00:00,21.27,1949,22,12,telegram
eghtesadonline,354102,75241,economy,2026-08-02T06:10:01+00:00,30,2026-08-02T06:40:32.596912+00:00,30.39,2226,26,14,telegram
khabarfouri,555811,4823154,general_news,2026-08-02T06:12:55+00:00,5,2026-08-02T06:18:15.718761+00:00,5.29,2055,0,0,telegram
khabarfouri,555811,4823154,general_news,2026-08-02T06:12:55+00:00,10,2026-08-02T06:23:30.022552+00:00,10.52,5093,0,0,telegram
khabarfouri,555811,4823154,general_news,2026-08-02T06:12:55+00:00,20,2026-08-02T06:33:57.398336+00:00,20.98,8158,0,0,telegram
khabarfouri,555811,4823154,general_news,2026-08-02T06:12:55+00:00,30,2026-08-02T06:43:06.244820+00:00,30.1,9194,0,0,telegram
tweetychannel,409451,775496,social_entertainment,2026-08-02T06:14:10+00:00,5,2026-08-02T06:19:43.589356+00:00,5.35,1527,37,40,telegram
tweetychannel,409451,775496,social_entertainment,2026-08-02T06:14:10+00:00,10,2026-08-02T06:24:57.758135+00:00,10.58,3050,59,60,telegram
tweetychannel,409451,775496,social_entertainment,2026-08-02T06:14:10+00:00,20,2026-08-02T06:35:24.360313+00:00,21.03,5493,88,81,telegram
tweetychannel,409451,775496,social_entertainment,2026-08-02T06:14:10+00:00,30,2026-08-02T06:44:35.027340+00:00,30.2,6512,107,81,telegram
thezoomit,98212,129324,technology,2026-08-02T06:15:04+00:00,5,2026-08-02T06:20:50.276424+00:00,5.77,749,4,4,telegram
thezoomit,98212,129324,technology,2026-08-02T06:15:04+00:00,10,2026-08-02T06:26:03.797216+00:00,10.99,1026,5,7,telegram
thezoomit,98212,129324,technology,2026-08-02T06:15:04+00:00,20,2026-08-02T06:35:12.422523+00:00,20.13,1589,7,7,telegram
thezoomit,98212,129324,technology,2026-08-02T06:15:04+00:00,30,2026-08-02T06:45:42.532446+00:00,30.62,1993,9,7,telegram
footballiapp,493068,49780,sport,2026-08-02T06:16:02+00:00,5,2026-08-02T06:22:13.132740+00:00,6.1,124,2,1,telegram
footballiapp,493068,49780,sport,2026-08-02T06:16:02+00:00,10,2026-08-02T06:26:08.488085+00:00,10.02,166,2,1,telegram
footballiapp,493068,49780,sport,2026-08-02T06:16:02+00:00,20,2026-08-02T06:36:34.794419+00:00,20.47,319,4,1,telegram
footballiapp,493068,49780,sport,2026-08-02T06:16:02+00:00,30,2026-08-02T06:47:10.461315+00:00,31.05,450,4,1,telegram
varzesh3,298689,1296635,sport,2026-08-02T06:20:58+00:00,5,2026-08-02T06:26:10.052353+00:00,5.09,8302,0,23,telegram
varzesh3,298689,1296635,sport,2026-08-02T06:20:58+00:00,10,2026-08-02T06:31:23.758816+00:00,10.32,14567,0,23,telegram
varzesh3,298689,1296635,sport,2026-08-02T06:20:58+00:00,20,2026-08-02T06:41:49.226264+00:00,20.75,25975,0,57,telegram
varzesh3,298689,1296635,sport,2026-08-02T06:20:58+00:00,30,2026-08-02T06:51:08.234118+00:00,30.06,34240,0,58,telegram
farsna,453993,1816267,general_news,2026-08-02T06:21:32+00:00,5,2026-08-02T06:27:39.427460+00:00,5.83,917,0,7,telegram
farsna,453993,1816267,general_news,2026-08-02T06:21:32+00:00,10,2026-08-02T06:32:52.651130+00:00,11.06,1636,0,7,telegram
farsna,453993,1816267,general_news,2026-08-02T06:21:32+00:00,20,2026-08-02T06:41:59.706387+00:00,20.18,2684,0,7,telegram
farsna,453993,1816267,general_news,2026-08-02T06:21:32+00:00,30,2026-08-02T06:52:36.903744+00:00,30.8,3983,0,7,telegram
eghtesadonline,354103,75241,economy,2026-08-02T06:22:21+00:00,5,2026-08-02T06:27:29.862742+00:00,5.01,522,1,6,telegram
eghtesadonline,354103,75241,economy,2026-08-02T06:22:21+00:00,10,2026-08-02T06:32:43.631177+00:00,10.24,833,1,9,telegram
eghtesadonline,354103,75241,economy,2026-08-02T06:22:21+00:00,20,2026-08-02T06:43:11.223876+00:00,20.67,1232,2,9,telegram
eghtesadonline,354103,75241,economy,2026-08-02T06:22:21+00:00,30,2026-08-02T06:53:46.229933+00:00,31.29,1790,3,9,telegram
tweetychannel,409452,775496,social_entertainment,2026-08-02T06:23:44+00:00,5,2026-08-02T06:30:11.529431+00:00,6.25,2443,32,12,telegram
tweetychannel,409452,775496,social_entertainment,2026-08-02T06:23:44+00:00,10,2026-08-02T06:34:06.375145+00:00,10.16,3364,40,22,telegram
tweetychannel,409452,775496,social_entertainment,2026-08-02T06:23:44+00:00,20,2026-08-02T06:44:35.027315+00:00,20.63,5696,59,22,telegram
tweetychannel,409452,775496,social_entertainment,2026-08-02T06:23:44+00:00,30,2026-08-02T06:55:09.088820+00:00,31.21,7537,73,22,telegram
akharinkhabar,623780,1943342,general_news,2026-08-02T06:26:18+00:00,5,2026-08-02T06:32:49.666317+00:00,6.29,2082,0,0,telegram
akharinkhabar,623780,1943342,general_news,2026-08-02T06:26:18+00:00,10,2026-08-02T06:36:43.824560+00:00,10.2,3132,0,0,telegram
akharinkhabar,623780,1943342,general_news,2026-08-02T06:26:18+00:00,20,2026-08-02T06:47:19.585800+00:00,20.79,7198,0,0,telegram
akharinkhabar,623780,1943342,general_news,2026-08-02T06:26:18+00:00,30,2026-08-02T06:57:47.608766+00:00,31.26,10265,0,0,telegram
tweetychannel,409453,775496,social_entertainment,2026-08-02T06:27:07+00:00,5,2026-08-02T06:32:48.169077+00:00,5.48,2140,112,10,telegram
tweetychannel,409453,775496,social_entertainment,2026-08-02T06:27:07+00:00,10,2026-08-02T06:38:00.641049+00:00,10.69,3772,153,10,telegram
tweetychannel,409453,775496,social_entertainment,2026-08-02T06:27:07+00:00,20,2026-08-02T06:48:37.307802+00:00,21.29,5795,186,10,telegram
tweetychannel,409453,775496,social_entertainment,2026-08-02T06:27:07+00:00,30,2026-08-02T06:57:46.104764+00:00,30.44,7015,220,12,telegram
khabarfouri,555812,4823154,general_news,2026-08-02T06:27:25+00:00,5,2026-08-02T06:32:39.069161+00:00,5.18,2065,0,0,telegram
khabarfouri,555812,4823154,general_news,2026-08-02T06:27:25+00:00,10,2026-08-02T06:37:51.501923+00:00,10.39,5109,0,0,telegram
khabarfouri,555812,4823154,general_news,2026-08-02T06:27:25+00:00,20,2026-08-02T06:48:27.721411+00:00,20.99,7145,0,0,telegram
khabarfouri,555812,4823154,general_news,2026-08-02T06:27:25+00:00,30,2026-08-02T06:57:37.072226+00:00,30.14,8172,0,0,telegram
khabarfouri,555813,4823154,general_news,2026-08-02T06:28:43+00:00,5,2026-08-02T06:33:57.397658+00:00,5.18,3063,0,0,telegram
khabarfouri,555813,4823154,general_news,2026-08-02T06:28:43+00:00,10,2026-08-02T06:39:09.780909+00:00,10.39,5099,0,0,telegram
khabarfouri,555813,4823154,general_news,2026-08-02T06:28:43+00:00,20,2026-08-02T06:49:46.547556+00:00,21.0,7141,0,0,telegram
khabarfouri,555813,4823154,general_news,2026-08-02T06:28:43+00:00,30,2026-08-02T06:58:55.315957+00:00,30.15,9172,0,0,telegram
footballiapp,493069,49780,sport,2026-08-02T06:29:02+00:00,5,2026-08-02T06:35:16.948616+00:00,6.17,142,0,1,telegram
footballiapp,493069,49780,sport,2026-08-02T06:29:02+00:00,10,2026-08-02T06:39:11.280794+00:00,10.07,211,0,1,telegram
footballiapp,493069,49780,sport,2026-08-02T06:29:02+00:00,20,2026-08-02T06:49:48.066427+00:00,20.69,353,0,1,telegram
footballiapp,493069,49780,sport,2026-08-02T06:29:02+00:00,30,2026-08-02T07:00:15.526263+00:00,31.14,449,1,1,telegram
persiantwix,9535,1049188,entertainment,2026-08-02T06:30:00+00:00,5,2026-08-02T06:35:22.885179+00:00,5.2,1780,173,21,telegram
persiantwix,9535,1049188,entertainment,2026-08-02T06:30:00+00:00,10,2026-08-02T06:40:35.516814+00:00,10.41,2704,273,21,telegram
persiantwix,9535,1049188,entertainment,2026-08-02T06:30:00+00:00,20,2026-08-02T06:51:12.748870+00:00,21.03,3934,419,41,telegram
persiantwix,9535,1049188,entertainment,2026-08-02T06:30:00+00:00,30,2026-08-02T07:00:21.522110+00:00,30.17,5248,522,44,telegram
thezoomit,98213,129324,technology,2026-08-02T06:30:04+00:00,5,2026-08-02T06:35:12.420355+00:00,5.13,503,4,2,telegram
thezoomit,98213,129324,technology,2026-08-02T06:30:04+00:00,10,2026-08-02T06:40:24.681043+00:00,10.34,848,6,4,telegram
thezoomit,98213,129324,technology,2026-08-02T06:30:04+00:00,20,2026-08-02T06:51:02.041447+00:00,20.96,1377,9,7,telegram
thezoomit,98213,129324,technology,2026-08-02T06:30:04+00:00,30,2026-08-02T07:00:10.779325+00:00,30.11,1876,11,10,telegram
aa_persian,127790,7935,international_news,2026-08-02T06:30:33+00:00,5,2026-08-02T06:36:45.381206+00:00,5.95,23,0,0,telegram
aa_persian,127790,7935,international_news,2026-08-02T06:30:33+00:00,10,2026-08-02T06:41:58.192766+00:00,11.16,44,0,0,telegram
aa_persian,127790,7935,international_news,2026-08-02T06:30:33+00:00,20,2026-08-02T06:51:17.234310+00:00,20.48,69,0,0,telegram
aa_persian,127790,7935,international_news,2026-08-02T06:30:33+00:00,30,2026-08-02T07:01:44.332500+00:00,30.93,98,0,0,telegram
eghtesadonline,354104,75241,economy,2026-08-02T06:30:54+00:00,5,2026-08-02T06:36:37.762419+00:00,5.6,373,2,2,telegram
eghtesadonline,354104,75241,economy,2026-08-02T06:30:54+00:00,10,2026-08-02T06:41:50.734109+00:00,10.81,587,2,2,telegram
eghtesadonline,354104,75241,economy,2026-08-02T06:30:54+00:00,20,2026-08-02T06:51:09.725516+00:00,20.13,1171,5,2,telegram
eghtesadonline,354104,75241,economy,2026-08-02T06:30:54+00:00,30,2026-08-02T07:01:36.924138+00:00,30.58,1610,5,2,telegram
tweetychannel,409454,775496,social_entertainment,2026-08-02T06:31:12+00:00,5,2026-08-02T06:36:42.370500+00:00,5.3,2265,44,20,telegram
tweetychannel,409454,775496,social_entertainment,2026-08-02T06:31:12+00:00,10,2026-08-02T06:41:55.299499+00:00,10.51,3280,68,21,telegram
tweetychannel,409454,775496,social_entertainment,2026-08-02T06:31:12+00:00,20,2026-08-02T06:52:32.373391+00:00,21.13,5302,93,55,telegram
tweetychannel,409454,775496,social_entertainment,2026-08-02T06:31:12+00:00,30,2026-08-02T07:01:41.391621+00:00,30.28,6969,119,70,telegram
farsna,453994,1816267,general_news,2026-08-02T06:33:00+00:00,5,2026-08-02T06:39:23.142233+00:00,6.11,1017,0,1,telegram
farsna,453994,1816267,general_news,2026-08-02T06:33:00+00:00,10,2026-08-02T06:43:20.808386+00:00,10.02,1402,0,11,telegram
farsna,453994,1816267,general_news,2026-08-02T06:33:00+00:00,20,2026-08-02T06:53:55.177719+00:00,20.64,3095,0,23,telegram
farsna,453994,1816267,general_news,2026-08-02T06:33:00+00:00,30,2026-08-02T07:04:22.974871+00:00,31.1,3766,0,25,telegram
tweetychannel,409455,775496,social_entertainment,2026-08-02T06:34:03+00:00,5,2026-08-02T06:39:18.702896+00:00,5.06,2038,87,35,telegram
tweetychannel,409455,775496,social_entertainment,2026-08-02T06:34:03+00:00,10,2026-08-02T06:44:35.027192+00:00,10.32,3052,122,35,telegram
tweetychannel,409455,775496,social_entertainment,2026-08-02T06:34:03+00:00,20,2026-08-02T06:55:09.088778+00:00,20.89,5859,157,35,telegram
tweetychannel,409455,775496,social_entertainment,2026-08-02T06:34:03+00:00,30,2026-08-02T07:04:18.418750+00:00,30.05,7427,184,61,telegram
khabarfouri,555814,4823154,general_news,2026-08-02T06:34:20+00:00,5,2026-08-02T06:40:27.942280+00:00,6.07,3064,0,0,telegram
khabarfouri,555814,4823154,general_news,2026-08-02T06:34:20+00:00,10,2026-08-02T06:44:25.798633+00:00,10.03,4098,0,0,telegram
khabarfouri,555814,4823154,general_news,2026-08-02T06:34:20+00:00,20,2026-08-02T06:54:59.918158+00:00,20.61,7139,0,0,telegram
khabarfouri,555814,4823154,general_news,2026-08-02T06:34:20+00:00,30,2026-08-02T07:05:27.643750+00:00,31.07,8167,0,0,telegram
akharinkhabar,623781,1943342,general_news,2026-08-02T06:35:14+00:00,5,2026-08-02T06:40:38.545901+00:00,5.17,2042,0,0,telegram
akharinkhabar,623781,1943342,general_news,2026-08-02T06:35:14+00:00,10,2026-08-02T06:46:00.672097+00:00,10.45,4092,0,0,telegram
akharinkhabar,623781,1943342,general_news,2026-08-02T06:35:14+00:00,20,2026-08-02T06:56:29.260023+00:00,21.02,7161,0,0,telegram
akharinkhabar,623781,1943342,general_news,2026-08-02T06:35:14+00:00,30,2026-08-02T07:05:38.187912+00:00,30.17,11241,0,0,telegram
khabarfouri,555815,4823154,general_news,2026-08-02T06:36:18+00:00,5,2026-08-02T06:41:46.178689+00:00,5.41,2062,0,0,telegram
khabarfouri,555815,4823154,general_news,2026-08-02T06:36:18+00:00,10,2026-08-02T06:47:08.919299+00:00,10.79,5098,0,0,telegram
khabarfouri,555815,4823154,general_news,2026-08-02T06:36:18+00:00,20,2026-08-02T06:57:37.072191+00:00,21.26,7140,0,0,telegram
khabarfouri,555815,4823154,general_news,2026-08-02T06:36:18+00:00,30,2026-08-02T07:06:45.878061+00:00,30.41,8161,0,0,telegram
khabarfouri,555816,4823154,general_news,2026-08-02T06:36:49+00:00,5,2026-08-02T06:43:06.244682+00:00,6.2,3073,0,0,telegram
khabarfouri,555816,4823154,general_news,2026-08-02T06:36:49+00:00,10,2026-08-02T06:47:08.919183+00:00,10.27,5095,0,0,telegram
khabarfouri,555816,4823154,general_news,2026-08-02T06:36:49+00:00,20,2026-08-02T06:57:37.072170+00:00,20.74,7146,0,0,telegram
khabarfouri,555816,4823154,general_news,2026-08-02T06:36:49+00:00,30,2026-08-02T07:08:04.277491+00:00,31.19,8171,0,0,telegram
khabarfouri,555817,4823154,general_news,2026-08-02T06:38:47+00:00,5,2026-08-02T06:44:25.798218+00:00,5.58,3079,0,0,telegram
khabarfouri,555817,4823154,general_news,2026-08-02T06:38:47+00:00,10,2026-08-02T06:49:46.547024+00:00,10.94,5101,0,0,telegram
khabarfouri,555817,4823154,general_news,2026-08-02T06:38:47+00:00,20,2026-08-02T06:58:55.315902+00:00,20.08,7141,0,0,telegram
khabarfouri,555817,4823154,general_news,2026-08-02T06:38:47+00:00,30,2026-08-02T07:09:22.772836+00:00,30.53,8166,0,0,telegram
tweetychannel,409456,775496,social_entertainment,2026-08-02T06:40:01+00:00,5,2026-08-02T06:45:59.049112+00:00,5.67,1021,43,0,telegram
tweetychannel,409456,775496,social_entertainment,2026-08-02T06:40:01+00:00,10,2026-08-02T06:51:14.289645+00:00,11.01,3049,54,0,telegram
tweetychannel,409456,775496,social_entertainment,2026-08-02T06:40:01+00:00,20,2026-08-02T07:00:23.085120+00:00,20.16,5638,82,1,telegram
tweetychannel,409456,775496,social_entertainment,2026-08-02T06:40:01+00:00,30,2026-08-02T07:10:50.297224+00:00,30.61,6858,99,11,telegram
khabarfouri,555818,4823154,general_news,2026-08-02T06:42:07+00:00,5,2026-08-02T06:48:27.721332+00:00,6.29,4069,0,0,telegram
khabarfouri,555818,4823154,general_news,2026-08-02T06:42:07+00:00,10,2026-08-02T06:52:23.406515+00:00,10.22,5098,0,0,telegram
khabarfouri,555818,4823154,general_news,2026-08-02T06:42:07+00:00,20,2026-08-02T07:02:50.774179+00:00,20.67,7135,0,0,telegram
khabarfouri,555818,4823154,general_news,2026-08-02T06:42:07+00:00,30,2026-08-02T07:13:18.141317+00:00,31.13,9173,0,0,telegram
khabarfouri,555819,4823154,general_news,2026-08-02T06:42:30+00:00,5,2026-08-02T06:48:27.721237+00:00,5.9,3074,0,1,telegram
khabarfouri,555819,4823154,general_news,2026-08-02T06:42:30+00:00,10,2026-08-02T06:53:41.574692+00:00,11.14,6121,0,1,telegram
khabarfouri,555819,4823154,general_news,2026-08-02T06:42:30+00:00,20,2026-08-02T07:02:50.773625+00:00,20.28,7160,0,1,telegram
khabarfouri,555819,4823154,general_news,2026-08-02T06:42:30+00:00,30,2026-08-02T07:13:18.140880+00:00,30.74,9200,0,1,telegram
farsna,453996,1816267,general_news,2026-08-02T06:43:04+00:00,5,2026-08-02T06:48:41.908065+00:00,5.34,1003,0,0,telegram
farsna,453996,1816267,general_news,2026-08-02T06:43:04+00:00,10,2026-08-02T06:53:55.177583+00:00,10.57,2046,0,10,telegram
farsna,453996,1816267,general_news,2026-08-02T06:43:04+00:00,20,2026-08-02T07:04:22.974427+00:00,21.03,2756,0,10,telegram
farsna,453996,1816267,general_news,2026-08-02T06:43:04+00:00,30,2026-08-02T07:13:31.795188+00:00,30.18,3433,0,10,telegram
eghtesadonline,354105,75241,economy,2026-08-02T06:43:38+00:00,5,2026-08-02T06:49:51.142435+00:00,6.09,584,3,1,telegram
eghtesadonline,354105,75241,economy,2026-08-02T06:43:38+00:00,10,2026-08-02T06:53:46.229349+00:00,10.0,743,3,1,telegram
eghtesadonline,354105,75241,economy,2026-08-02T06:43:38+00:00,20,2026-08-02T07:04:13.859653+00:00,20.46,1239,4,2,telegram
eghtesadonline,354105,75241,economy,2026-08-02T06:43:38+00:00,30,2026-08-02T07:14:41.125793+00:00,30.92,1742,5,2,telegram
tweetychannel,409457,775496,social_entertainment,2026-08-02T06:44:08+00:00,5,2026-08-02T06:49:55.776847+00:00,5.59,1034,55,0,telegram
tweetychannel,409457,775496,social_entertainment,2026-08-02T06:44:08+00:00,10,2026-08-02T06:55:09.088223+00:00,10.81,3594,67,0,telegram
tweetychannel,409457,775496,social_entertainment,2026-08-02T06:44:08+00:00,20,2026-08-02T07:05:36.706886+00:00,21.27,5819,88,27,telegram
tweetychannel,409457,775496,social_entertainment,2026-08-02T06:44:08+00:00,30,2026-08-02T07:14:45.608200+00:00,30.42,7333,97,27,telegram
thezoomit,98214,129324,technology,2026-08-02T06:45:04+00:00,5,2026-08-02T06:51:02.041339+00:00,5.96,624,2,2,telegram
thezoomit,98214,129324,technology,2026-08-02T06:45:04+00:00,10,2026-08-02T06:56:15.297434+00:00,11.18,993,2,2,telegram
thezoomit,98214,129324,technology,2026-08-02T06:45:04+00:00,20,2026-08-02T07:05:24.551956+00:00,20.34,1648,6,2,telegram
thezoomit,98214,129324,technology,2026-08-02T06:45:04+00:00,30,2026-08-02T07:15:51.683815+00:00,30.79,2180,8,3,telegram
footballiapp,493070,49780,sport,2026-08-02T06:45:28+00:00,5,2026-08-02T06:51:06.690267+00:00,5.56,120,0,0,telegram
footballiapp,493070,49780,sport,2026-08-02T06:45:28+00:00,10,2026-08-02T06:56:20.123475+00:00,10.78,187,1,0,telegram
footballiapp,493070,49780,sport,2026-08-02T06:45:28+00:00,20,2026-08-02T07:06:47.384397+00:00,21.24,288,1,0,telegram
footballiapp,493070,49780,sport,2026-08-02T06:45:28+00:00,30,2026-08-02T07:15:56.365088+00:00,30.39,370,1,0,telegram
digiato,110980,111087,technology,2026-08-02T06:45:48+00:00,5,2026-08-02T06:51:03.696392+00:00,5.23,992,40,20,telegram
digiato,110980,111087,technology,2026-08-02T06:45:48+00:00,10,2026-08-02T06:56:16.987392+00:00,10.45,1525,66,25,telegram
digiato,110980,111087,technology,2026-08-02T06:45:48+00:00,20,2026-08-02T07:06:44.353155+00:00,20.91,2300,90,41,telegram
digiato,110980,111087,technology,2026-08-02T06:45:48+00:00,30,2026-08-02T07:15:53.311614+00:00,30.06,2830,105,43,telegram
khabarfouri,555820,4823154,general_news,2026-08-02T06:46:49+00:00,5,2026-08-02T06:52:23.406404+00:00,5.52,2054,0,0,telegram
khabarfouri,555820,4823154,general_news,2026-08-02T06:46:49+00:00,10,2026-08-02T06:57:37.072120+00:00,10.74,5097,0,0,telegram
khabarfouri,555820,4823154,general_news,2026-08-02T06:46:49+00:00,20,2026-08-02T07:08:04.277439+00:00,21.19,7129,0,0,telegram
khabarfouri,555820,4823154,general_news,2026-08-02T06:46:49+00:00,30,2026-08-02T07:17:13.487522+00:00,30.35,8170,0,0,telegram
khabarfouri,555821,4823154,general_news,2026-08-02T06:47:42+00:00,5,2026-08-02T06:53:41.574179+00:00,5.94,2053,0,0,telegram
khabarfouri,555821,4823154,general_news,2026-08-02T06:47:42+00:00,10,2026-08-02T06:58:55.315369+00:00,11.16,5098,0,0,telegram
khabarfouri,555821,4823154,general_news,2026-08-02T06:47:42+00:00,20,2026-08-02T07:08:04.275534+00:00,20.31,7132,0,0,telegram
khabarfouri,555821,4823154,general_news,2026-08-02T06:47:42+00:00,30,2026-08-02T07:18:32.101719+00:00,30.78,8175,0,0,telegram
farsna,453997,1816267,general_news,2026-08-02T06:48:04+00:00,5,2026-08-02T06:53:55.177167+00:00,5.57,1027,0,33,telegram
farsna,453997,1816267,general_news,2026-08-02T06:48:04+00:00,10,2026-08-02T06:59:09.235611+00:00,10.8,1738,0,55,telegram
farsna,453997,1816267,general_news,2026-08-02T06:48:04+00:00,20,2026-08-02T07:09:36.485953+00:00,21.25,2736,0,78,telegram
farsna,453997,1816267,general_news,2026-08-02T06:48:04+00:00,30,2026-08-02T07:18:45.969629+00:00,30.41,3590,0,89,telegram
varzesh3,298690,1296635,sport,2026-08-02T06:48:32+00:00,5,2026-08-02T06:53:44.765104+00:00,5.1,7285,0,0,telegram
varzesh3,298690,1296635,sport,2026-08-02T06:48:32+00:00,10,2026-08-02T06:58:58.390721+00:00,10.33,13511,0,35,telegram
varzesh3,298690,1296635,sport,2026-08-02T06:48:32+00:00,20,2026-08-02T07:09:25.912729+00:00,20.78,21842,0,36,telegram
varzesh3,298690,1296635,sport,2026-08-02T06:48:32+00:00,30,2026-08-02T07:19:53.740686+00:00,31.25,29149,0,37,telegram
thezoomit,98215,129324,technology,2026-08-02T06:50:05+00:00,5,2026-08-02T06:56:15.297050+00:00,6.17,652,18,6,telegram
thezoomit,98215,129324,technology,2026-08-02T06:50:05+00:00,10,2026-08-02T07:00:10.778799+00:00,10.09,963,29,6,telegram
thezoomit,98215,129324,technology,2026-08-02T06:50:05+00:00,20,2026-08-02T07:10:38.038444+00:00,20.54,1867,43,9,telegram
thezoomit,98215,129324,technology,2026-08-02T06:50:05+00:00,30,2026-08-02T07:21:05.862998+00:00,31.01,2468,51,12,telegram
akharinkhabar,623782,1943342,general_news,2026-08-02T06:50:35+00:00,5,2026-08-02T06:56:29.259545+00:00,5.67,3081,0,0,telegram
akharinkhabar,623782,1943342,general_news,2026-08-02T06:50:35+00:00,10,2026-08-02T07:01:42.898158+00:00,10.9,5120,0,0,telegram
akharinkhabar,623782,1943342,general_news,2026-08-02T06:50:35+00:00,20,2026-08-02T07:10:51.810601+00:00,20.04,8210,0,0,telegram
akharinkhabar,623782,1943342,general_news,2026-08-02T06:50:35+00:00,30,2026-08-02T07:21:19.871527+00:00,30.51,10256,0,0,telegram
farsna,453998,1816267,general_news,2026-08-02T06:51:04+00:00,5,2026-08-02T06:56:32.393207+00:00,5.18,1004,0,11,telegram
farsna,453998,1816267,general_news,2026-08-02T06:51:04+00:00,10,2026-08-02T07:01:45.876812+00:00,10.41,1719,0,12,telegram
farsna,453998,1816267,general_news,2026-08-02T06:51:04+00:00,20,2026-08-02T07:12:13.459317+00:00,20.87,2722,0,22,telegram
farsna,453998,1816267,general_news,2026-08-02T06:51:04+00:00,30,2026-08-02T07:21:23.135950+00:00,30.03,3569,0,24,telegram
tweetychannel,409458,775496,social_entertainment,2026-08-02T06:51:09+00:00,5,2026-08-02T06:56:27.779700+00:00,5.1,1908,25,10,telegram
tweetychannel,409458,775496,social_entertainment,2026-08-02T06:51:09+00:00,10,2026-08-02T07:01:41.391360+00:00,10.33,3797,43,37,telegram
tweetychannel,409458,775496,social_entertainment,2026-08-02T06:51:09+00:00,20,2026-08-02T07:12:08.779180+00:00,20.79,5620,51,57,telegram
tweetychannel,409458,775496,social_entertainment,2026-08-02T06:51:09+00:00,30,2026-08-02T07:22:37.409694+00:00,31.26,7736,61,67,telegram
khabarfouri,555822,4823154,general_news,2026-08-02T06:51:20+00:00,5,2026-08-02T06:57:37.071657+00:00,6.23,2063,0,0,telegram
khabarfouri,555822,4823154,general_news,2026-08-02T06:51:20+00:00,10,2026-08-02T07:01:32.379690+00:00,10.15,4078,0,0,telegram
khabarfouri,555822,4823154,general_news,2026-08-02T06:51:20+00:00,20,2026-08-02T07:11:59.700303+00:00,20.6,6133,0,0,telegram
khabarfouri,555822,4823154,general_news,2026-08-02T06:51:20+00:00,30,2026-08-02T07:22:27.867485+00:00,31.07,8177,0,0,telegram
aa_persian,127791,7935,international_news,2026-08-02T06:52:43+00:00,5,2026-08-02T06:59:07.682636+00:00,6.15,41,0,0,telegram
aa_persian,127791,7935,international_news,2026-08-02T06:52:43+00:00,10,2026-08-02T07:03:02.977925+00:00,10.07,53,0,0,telegram
aa_persian,127791,7935,international_news,2026-08-02T06:52:43+00:00,20,2026-08-02T07:13:30.244324+00:00,20.53,78,0,0,telegram
aa_persian,127791,7935,international_news,2026-08-02T06:52:43+00:00,30,2026-08-02T07:23:59.050334+00:00,31.0,124,0,0,telegram
akharinkhabar,623783,1943342,general_news,2026-08-02T06:52:56+00:00,5,2026-08-02T06:59:06.202332+00:00,5.93,3079,0,0,telegram
akharinkhabar,623783,1943342,general_news,2026-08-02T06:52:56+00:00,10,2026-08-02T07:04:19.933163+00:00,11.16,5128,0,0,telegram
akharinkhabar,623783,1943342,general_news,2026-08-02T06:52:56+00:00,20,2026-08-02T07:13:28.744976+00:00,20.31,8210,0,0,telegram
akharinkhabar,623783,1943342,general_news,2026-08-02T06:52:56+00:00,30,2026-08-02T07:23:57.570717+00:00,30.79,10254,0,0,telegram
akharinkhabar,623784,1943342,general_news,2026-08-02T06:54:21+00:00,5,2026-08-02T07:00:24.594919+00:00,5.82,3069,0,0,telegram
akharinkhabar,623784,1943342,general_news,2026-08-02T06:54:21+00:00,10,2026-08-02T07:05:38.187584+00:00,11.05,5143,0,0,telegram
akharinkhabar,623784,1943342,general_news,2026-08-02T06:54:21+00:00,20,2026-08-02T07:14:47.096551+00:00,20.2,8218,0,0,telegram
akharinkhabar,623784,1943342,general_news,2026-08-02T06:54:21+00:00,30,2026-08-02T07:25:16.466823+00:00,30.68,11276,0,0,telegram
khabarfouri,555823,4823154,general_news,2026-08-02T06:55:37+00:00,5,2026-08-02T07:01:32.379209+00:00,5.86,1040,0,0,telegram
khabarfouri,555823,4823154,general_news,2026-08-02T06:55:37+00:00,10,2026-08-02T07:06:45.877424+00:00,11.09,4079,0,0,telegram
khabarfouri,555823,4823154,general_news,2026-08-02T06:55:37+00:00,20,2026-08-02T07:15:54.837807+00:00,20.24,8144,0,0,telegram
khabarfouri,555823,4823154,general_news,2026-08-02T06:55:37+00:00,30,2026-08-02T07:26:24.393404+00:00,30.73,10190,0,0,telegram
eghtesadonline,354106,75241,economy,2026-08-02T06:55:41+00:00,5,2026-08-02T07:01:36.923497+00:00,5.8,374,0,0,telegram
eghtesadonline,354106,75241,economy,2026-08-02T06:55:41+00:00,10,2026-08-02T07:06:50.394669+00:00,11.02,621,0,0,telegram
eghtesadonline,354106,75241,economy,2026-08-02T06:55:41+00:00,20,2026-08-02T07:15:59.438994+00:00,20.17,1190,1,0,telegram
eghtesadonline,354106,75241,economy,2026-08-02T06:55:41+00:00,30,2026-08-02T07:26:28.927234+00:00,30.66,1845,2,0,telegram
tweetychannel,409459,775496,social_entertainment,2026-08-02T06:56:02+00:00,5,2026-08-02T07:01:41.390804+00:00,5.45,2275,114,22,telegram
tweetychannel,409459,775496,social_entertainment,2026-08-02T06:56:02+00:00,10,2026-08-02T07:06:54.877381+00:00,10.67,3189,128,22,telegram
tweetychannel,409459,775496,social_entertainment,2026-08-02T06:56:02+00:00,20,2026-08-02T07:17:22.690598+00:00,21.13,5910,186,42,telegram
tweetychannel,409459,775496,social_entertainment,2026-08-02T06:56:02+00:00,30,2026-08-02T07:26:33.410356+00:00,30.31,7433,207,42,telegram
tweetychannel,409460,775496,social_entertainment,2026-08-02T07:00:05+00:00,5,2026-08-02T07:05:36.706334+00:00,5.32,1523,36,30,telegram
tweetychannel,409460,775496,social_entertainment,2026-08-02T07:00:05+00:00,10,2026-08-02T07:10:50.296646+00:00,10.54,3039,79,80,telegram
tweetychannel,409460,775496,social_entertainment,2026-08-02T07:00:05+00:00,20,2026-08-02T07:21:18.371696+00:00,21.01,5763,113,123,telegram
tweetychannel,409460,775496,social_entertainment,2026-08-02T07:00:05+00:00,30,2026-08-02T07:30:28.466052+00:00,30.18,7288,131,153,telegram
thezoomit,98216,129324,technology,2026-08-02T07:00:12+00:00,5,2026-08-02T07:05:24.551493+00:00,5.2,842,21,5,telegram
thezoomit,98216,129324,technology,2026-08-02T07:00:12+00:00,10,2026-08-02T07:10:38.038122+00:00,10.43,1337,31,8,telegram
thezoomit,98216,129324,technology,2026-08-02T07:00:12+00:00,20,2026-08-02T07:21:05.862515+00:00,20.89,2184,47,10,telegram
thezoomit,98216,129324,technology,2026-08-02T07:00:12+00:00,30,2026-08-02T07:30:16.325101+00:00,30.07,2744,56,10,telegram
akharinkhabar,623785,1943342,general_news,2026-08-02T07:00:53+00:00,5,2026-08-02T07:06:56.373020+00:00,5.82,3085,0,0,telegram
akharinkhabar,623785,1943342,general_news,2026-08-02T07:00:53+00:00,10,2026-08-02T07:12:10.366864+00:00,11.05,5147,0,0,telegram
akharinkhabar,623785,1943342,general_news,2026-08-02T07:00:53+00:00,20,2026-08-02T07:21:19.871071+00:00,20.21,8201,0,0,telegram
akharinkhabar,623785,1943342,general_news,2026-08-02T07:00:53+00:00,30,2026-08-02T07:31:48.566535+00:00,30.69,10942,0,0,telegram
footballiapp,493071,49780,sport,2026-08-02T07:04:32+00:00,5,2026-08-02T07:10:42.738645+00:00,6.09,88,0,0,telegram
footballiapp,493071,49780,sport,2026-08-02T07:04:32+00:00,10,2026-08-02T07:14:38.066241+00:00,10.02,135,1,0,telegram
footballiapp,493071,49780,sport,2026-08-02T07:04:32+00:00,20,2026-08-02T07:25:07.105525+00:00,20.5,267,2,0,telegram
footballiapp,493071,49780,sport,2026-08-02T07:04:32+00:00,30,2026-08-02T07:35:34.498095+00:00,30.96,340,3,0,telegram
digiato,110981,111087,technology,2026-08-02T07:04:58+00:00,5,2026-08-02T07:10:39.663489+00:00,5.66,713,9,4,telegram
digiato,110981,111087,technology,2026-08-02T07:04:58+00:00,10,2026-08-02T07:15:53.311136+00:00,10.89,1092,14,5,telegram
digiato,110981,111087,technology,2026-08-02T07:04:58+00:00,20,2026-08-02T07:25:04.107971+00:00,20.06,1495,19,7,telegram
digiato,110981,111087,technology,2026-08-02T07:04:58+00:00,30,2026-08-02T07:35:31.369458+00:00,30.52,1933,24,7,telegram
tweetychannel,409461,775496,social_entertainment,2026-08-02T07:07:31+00:00,5,2026-08-02T07:13:27.227136+00:00,5.73,2427,69,72,telegram
tweetychannel,409461,775496,social_entertainment,2026-08-02T07:07:31+00:00,10,2026-08-02T07:18:41.358046+00:00,10.96,3638,119,102,telegram
tweetychannel,409461,775496,social_entertainment,2026-08-02T07:07:31+00:00,20,2026-08-02T07:27:51.800527+00:00,20.14,5773,155,133,telegram
tweetychannel,409461,775496,social_entertainment,2026-08-02T07:07:31+00:00,30,2026-08-02T07:38:18.496708+00:00,30.59,7285,186,163,telegram
khabarfouri,555824,4823154,general_news,2026-08-02T07:08:27+00:00,5,2026-08-02T07:14:36.543752+00:00,6.1,3076,0,0,telegram
khabarfouri,555824,4823154,general_news,2026-08-02T07:08:27+00:00,10,2026-08-02T07:18:32.100927+00:00,10.03,5111,0,0,telegram
khabarfouri,555824,4823154,general_news,2026-08-02T07:08:27+00:00,20,2026-08-02T07:29:01.017342+00:00,20.51,8172,0,1,telegram
khabarfouri,555824,4823154,general_news,2026-08-02T07:08:27+00:00,30,2026-08-02T07:39:27.652277+00:00,30.95,10223,0,1,telegram
eghtesadonline,354107,75241,economy,2026-08-02T07:10:26+00:00,5,2026-08-02T07:15:59.438532+00:00,5.42,822,1,9,telegram
eghtesadonline,354107,75241,economy,2026-08-02T07:10:26+00:00,10,2026-08-02T07:21:13.753985+00:00,10.66,1449,3,11,telegram
eghtesadonline,354107,75241,economy,2026-08-02T07:10:26+00:00,20,2026-08-02T07:31:42.448249+00:00,21.14,2256,11,14,telegram
eghtesadonline,354107,75241,economy,2026-08-02T07:10:26+00:00,30,2026-08-02T07:40:50.724910+00:00,30.28,2903,12,15,telegram
tweetychannel,409462,775496,social_entertainment,2026-08-02T07:10:44+00:00,5,2026-08-02T07:16:03.993385+00:00,5.12,2127,68,41,telegram
tweetychannel,409462,775496,social_entertainment,2026-08-02T07:10:44+00:00,10,2026-08-02T07:21:18.371164+00:00,10.36,3638,108,71,telegram
tweetychannel,409462,775496,social_entertainment,2026-08-02T07:10:44+00:00,20,2026-08-02T07:31:47.054043+00:00,20.84,6078,147,91,telegram
tweetychannel,409462,775496,social_entertainment,2026-08-02T07:10:44+00:00,30,2026-08-02T07:42:13.467403+00:00,31.28,7593,179,111,telegram
khabarfouri,555825,4823154,general_news,2026-08-02T07:11:54+00:00,5,2026-08-02T07:17:13.485965+00:00,5.27,2049,0,0,telegram
khabarfouri,555825,4823154,general_news,2026-08-02T07:11:54+00:00,10,2026-08-02T07:22:27.867274+00:00,10.51,5104,0,0,telegram
khabarfouri,555825,4823154,general_news,2026-08-02T07:11:54+00:00,20,2026-08-02T07:32:56.229621+00:00,20.98,8154,0,0,telegram
khabarfouri,555825,4823154,general_news,2026-08-02T07:11:54+00:00,30,2026-08-02T07:42:04.352270+00:00,30.12,10203,0,0,telegram
thezoomit,98217,129324,technology,2026-08-02T07:13:04+00:00,5,2026-08-02T07:18:28.922221+00:00,5.41,809,18,4,telegram
thezoomit,98217,129324,technology,2026-08-02T07:13:04+00:00,10,2026-08-02T07:23:43.655703+00:00,10.65,1255,23,5,telegram
thezoomit,98217,129324,technology,2026-08-02T07:13:04+00:00,20,2026-08-02T07:34:11.284084+00:00,21.12,2120,30,8,telegram
thezoomit,98217,129324,technology,2026-08-02T07:13:04+00:00,30,2026-08-02T07:43:19.681082+00:00,30.26,2493,31,8,telegram
aa_persian,127792,7935,international_news,2026-08-02T07:14:51+00:00,5,2026-08-02T07:21:21.391900+00:00,6.24,48,0,0,telegram
aa_persian,127792,7935,international_news,2026-08-02T07:14:51+00:00,10,2026-08-02T07:25:18.024664+00:00,10.18,64,0,0,telegram
aa_persian,127792,7935,international_news,2026-08-02T07:14:51+00:00,20,2026-08-02T07:35:45.094974+00:00,20.64,81,0,0,telegram
aa_persian,127792,7935,international_news,2026-08-02T07:14:51+00:00,30,2026-08-02T07:46:11.252951+00:00,31.08,91,0,0,telegram
footballiapp,493072,49780,sport,2026-08-02T07:15:14+00:00,5,2026-08-02T07:21:10.603890+00:00,5.86,110,0,0,telegram
footballiapp,493072,49780,sport,2026-08-02T07:15:14+00:00,10,2026-08-02T07:26:25.892898+00:00,11.11,153,0,0,telegram
footballiapp,493072,49780,sport,2026-08-02T07:15:14+00:00,20,2026-08-02T07:35:34.497630+00:00,20.26,260,0,0,telegram
footballiapp,493072,49780,sport,2026-08-02T07:15:14+00:00,30,2026-08-02T07:46:00.566175+00:00,30.69,446,0,1,telegram
khabarfouri,555826,4823154,general_news,2026-08-02T07:19:03+00:00,5,2026-08-02T07:25:05.577834+00:00,5.98,3058,0,0,telegram
khabarfouri,555826,4823154,general_news,2026-08-02T07:19:03+00:00,10,2026-08-02T07:30:19.370471+00:00,11.22,5100,0,0,telegram
khabarfouri,555826,4823154,general_news,2026-08-02T07:19:03+00:00,20,2026-08-02T07:39:27.652244+00:00,20.35,7154,0,0,telegram
khabarfouri,555826,4823154,general_news,2026-08-02T07:19:03+00:00,30,2026-08-02T07:49:54.103820+00:00,30.79,9189,0,0,telegram
eghtesadonline,354108,75241,economy,2026-08-02T07:19:28+00:00,5,2026-08-02T07:25:10.176440+00:00,5.56,605,0,2,telegram
eghtesadonline,354108,75241,economy,2026-08-02T07:19:28+00:00,10,2026-08-02T07:30:23.930851+00:00,10.8,975,3,5,telegram
eghtesadonline,354108,75241,economy,2026-08-02T07:19:28+00:00,20,2026-08-02T07:40:50.724880+00:00,21.24,1653,5,5,telegram
eghtesadonline,354108,75241,economy,2026-08-02T07:19:28+00:00,30,2026-08-02T07:49:58.704019+00:00,30.38,2145,6,6,telegram
khabarfouri,555827,4823154,general_news,2026-08-02T07:20:09+00:00,5,2026-08-02T07:26:24.393104+00:00,6.2,3065,0,0,telegram
khabarfouri,555827,4823154,general_news,2026-08-02T07:20:09+00:00,10,2026-08-02T07:30:19.370021+00:00,10.12,5105,0,0,telegram
khabarfouri,555827,4823154,general_news,2026-08-02T07:20:09+00:00,20,2026-08-02T07:40:46.057387+00:00,20.56,7174,0,0,telegram
khabarfouri,555827,4823154,general_news,2026-08-02T07:20:09+00:00,30,2026-08-02T07:51:12.334820+00:00,31.0,10208,0,0,telegram
varzesh3,298691,1296635,sport,2026-08-02T07:20:27+00:00,5,2026-08-02T07:26:27.440639+00:00,5.9,11465,0,34,telegram
varzesh3,298691,1296635,sport,2026-08-02T07:20:27+00:00,10,2026-08-02T07:31:40.986373+00:00,11.12,19805,0,68,telegram
varzesh3,298691,1296635,sport,2026-08-02T07:20:27+00:00,20,2026-08-02T07:40:49.229092+00:00,20.26,29194,0,69,telegram
varzesh3,298691,1296635,sport,2026-08-02T07:20:27+00:00,30,2026-08-02T07:51:15.434134+00:00,30.7,37533,0,104,telegram
khabarfouri,555828,4823154,general_news,2026-08-02T07:22:02+00:00,5,2026-08-02T07:27:42.660486+00:00,5.62,3067,0,0,telegram
khabarfouri,555828,4823154,general_news,2026-08-02T07:22:02+00:00,10,2026-08-02T07:32:56.228981+00:00,10.85,5111,0,0,telegram
khabarfouri,555828,4823154,general_news,2026-08-02T07:22:02+00:00,20,2026-08-02T07:43:22.827077+00:00,21.29,8188,0,0,telegram
khabarfouri,555828,4823154,general_news,2026-08-02T07:22:02+00:00,30,2026-08-02T07:52:30.767264+00:00,30.42,10213,0,0,telegram
tweetychannel,409463,775496,social_entertainment,2026-08-02T07:22:06+00:00,5,2026-08-02T07:27:51.799950+00:00,5.55,2137,17,71,telegram
tweetychannel,409463,775496,social_entertainment,2026-08-02T07:22:06+00:00,10,2026-08-02T07:33:05.212835+00:00,10.78,3651,23,121,telegram
tweetychannel,409463,775496,social_entertainment,2026-08-02T07:22:06+00:00,20,2026-08-02T07:43:31.827530+00:00,21.22,5170,26,172,telegram
tweetychannel,409463,775496,social_entertainment,2026-08-02T07:22:06+00:00,30,2026-08-02T07:52:39.928995+00:00,30.35,6395,28,202,telegram
farsna,453999,1816267,general_news,2026-08-02T07:22:23+00:00,5,2026-08-02T07:27:56.404929+00:00,5.27,1084,0,5,telegram
farsna,453999,1816267,general_news,2026-08-02T07:22:23+00:00,10,2026-08-02T07:33:09.716931+00:00,10.5,1538,0,6,telegram
farsna,453999,1816267,general_news,2026-08-02T07:22:23+00:00,20,2026-08-02T07:43:36.269831+00:00,20.94,2477,0,7,telegram
farsna,453999,1816267,general_news,2026-08-02T07:22:23+00:00,30,2026-08-02T07:52:44.519855+00:00,30.07,3566,0,7,telegram
tweetychannel,409464,775496,social_entertainment,2026-08-02T07:24:29+00:00,5,2026-08-02T07:30:28.465813+00:00,5.78,2444,37,21,telegram
tweetychannel,409464,775496,social_entertainment,2026-08-02T07:24:29+00:00,10,2026-08-02T07:35:42.117476+00:00,11.01,3652,47,31,telegram
tweetychannel,409464,775496,social_entertainment,2026-08-02T07:24:29+00:00,20,2026-08-02T07:44:49.938726+00:00,20.14,5780,67,41,telegram
tweetychannel,409464,775496,social_entertainment,2026-08-02T07:24:29+00:00,30,2026-08-02T07:55:19.950892+00:00,30.59,6705,82,51,telegram
thezoomit,98218,129324,technology,2026-08-02T07:25:29+00:00,5,2026-08-02T07:31:34.787609+00:00,6.09,867,11,3,telegram
thezoomit,98218,129324,technology,2026-08-02T07:25:29+00:00,10,2026-08-02T07:35:29.751133+00:00,10.01,1235,12,4,telegram
thezoomit,98218,129324,technology,2026-08-02T07:25:29+00:00,20,2026-08-02T07:45:56.022235+00:00,20.44,1831,17,5,telegram
thezoomit,98218,129324,technology,2026-08-02T07:25:29+00:00,30,2026-08-02T07:56:26.337124+00:00,30.95,2231,18,5,telegram
tweetychannel,409465,775496,social_entertainment,2026-08-02T07:26:02+00:00,5,2026-08-02T07:31:47.053514+00:00,5.54,2441,88,41,telegram
tweetychannel,409465,775496,social_entertainment,2026-08-02T07:26:02+00:00,10,2026-08-02T07:37:00.323716+00:00,10.76,3346,119,61,telegram
tweetychannel,409465,775496,social_entertainment,2026-08-02T07:26:02+00:00,20,2026-08-02T07:47:26.646386+00:00,21.2,6384,174,71,telegram
tweetychannel,409465,775496,social_entertainment,2026-08-02T07:26:02+00:00,30,2026-08-02T07:56:38.920488+00:00,30.4,7712,215,72,telegram
akharinkhabar,623786,1943342,general_news,2026-08-02T07:26:37+00:00,5,2026-08-02T07:33:06.700314+00:00,6.26,3081,0,0,telegram
akharinkhabar,623786,1943342,general_news,2026-08-02T07:26:37+00:00,10,2026-08-02T07:37:01.914534+00:00,10.18,5113,0,0,telegram
akharinkhabar,623786,1943342,general_news,2026-08-02T07:26:37+00:00,20,2026-08-02T07:47:28.219966+00:00,20.62,8184,0,0,telegram
akharinkhabar,623786,1943342,general_news,2026-08-02T07:26:37+00:00,30,2026-08-02T07:57:59.269506+00:00,31.13,10239,0,0,telegram
footballiapp,493073,49780,sport,2026-08-02T07:28:26+00:00,5,2026-08-02T07:34:16.129678+00:00,5.75,94,0,1,telegram
footballiapp,493073,49780,sport,2026-08-02T07:28:26+00:00,10,2026-08-02T07:39:29.186725+00:00,10.97,213,0,1,telegram
footballiapp,493073,49780,sport,2026-08-02T07:28:26+00:00,20,2026-08-02T07:48:37.418499+00:00,20.11,336,0,1,telegram
footballiapp,493073,49780,sport,2026-08-02T07:28:26+00:00,30,2026-08-02T07:59:08.620700+00:00,30.63,456,0,1,telegram
footballiapp,493074,49780,sport,2026-08-02T07:28:27+00:00,5,2026-08-02T07:34:16.129573+00:00,5.73,90,0,1,telegram
footballiapp,493074,49780,sport,2026-08-02T07:28:27+00:00,10,2026-08-02T07:39:29.186699+00:00,10.95,249,0,1,telegram
footballiapp,493074,49780,sport,2026-08-02T07:28:27+00:00,20,2026-08-02T07:48:37.417826+00:00,20.09,402,0,1,telegram
footballiapp,493074,49780,sport,2026-08-02T07:28:27+00:00,30,2026-08-02T07:59:08.620165+00:00,30.61,492,0,2,telegram
varzesh3,298692,1296635,sport,2026-08-02T07:28:55+00:00,5,2026-08-02T07:34:17.667760+00:00,5.27,10443,0,0,telegram
varzesh3,298692,1296635,sport,2026-08-02T07:28:55+00:00,10,2026-08-02T07:39:30.726646+00:00,10.49,15642,0,0,telegram
varzesh3,298692,1296635,sport,2026-08-02T07:28:55+00:00,20,2026-08-02T07:49:57.205860+00:00,20.93,25062,0,34,telegram
varzesh3,298692,1296635,sport,2026-08-02T07:28:55+00:00,30,2026-08-02T07:59:10.230445+00:00,30.14,34404,0,34,telegram
tweetychannel,409466,775496,social_entertainment,2026-08-02T07:29:08+00:00,5,2026-08-02T07:34:23.621611+00:00,5.05,1519,44,41,telegram
tweetychannel,409466,775496,social_entertainment,2026-08-02T07:29:08+00:00,10,2026-08-02T07:39:36.818160+00:00,10.27,3041,62,51,telegram
tweetychannel,409466,775496,social_entertainment,2026-08-02T07:29:08+00:00,20,2026-08-02T07:50:03.212171+00:00,20.71,5783,82,62,telegram
tweetychannel,409466,775496,social_entertainment,2026-08-02T07:29:08+00:00,30,2026-08-02T08:00:35.231198+00:00,31.24,6808,93,62,telegram
persiantwix,9536,1049188,entertainment,2026-08-02T07:30:00+00:00,5,2026-08-02T07:35:40.521487+00:00,5.49,2184,269,50,telegram
persiantwix,9536,1049188,entertainment,2026-08-02T07:30:00+00:00,10,2026-08-02T07:40:53.711215+00:00,10.71,3220,434,71,telegram
persiantwix,9536,1049188,entertainment,2026-08-02T07:30:00+00:00,20,2026-08-02T07:51:20.080441+00:00,21.15,4754,648,123,telegram
persiantwix,9536,1049188,entertainment,2026-08-02T07:30:00+00:00,30,2026-08-02T08:00:33.681704+00:00,30.37,5973,788,153,telegram
eghtesadonline,354109,75241,economy,2026-08-02T07:30:01+00:00,5,2026-08-02T07:35:37.580787+00:00,5.47,497,2,0,telegram
eghtesadonline,354109,75241,economy,2026-08-02T07:30:01+00:00,10,2026-08-02T07:40:50.724382+00:00,10.69,926,3,1,telegram
eghtesadonline,354109,75241,economy,2026-08-02T07:30:01+00:00,20,2026-08-02T07:51:17.070552+00:00,21.13,1669,3,1,telegram
eghtesadonline,354109,75241,economy,2026-08-02T07:30:01+00:00,30,2026-08-02T08:00:30.661022+00:00,30.36,1920,3,1,telegram
thezoomit,98219,129324,technology,2026-08-02T07:30:11+00:00,5,2026-08-02T07:35:29.750797+00:00,5.31,711,57,3,telegram
thezoomit,98219,129324,technology,2026-08-02T07:30:11+00:00,10,2026-08-02T07:40:42.927376+00:00,10.53,1086,75,6,telegram
thezoomit,98219,129324,technology,2026-08-02T07:30:11+00:00,20,2026-08-02T07:51:09.202754+00:00,20.96,1681,103,8,telegram
thezoomit,98219,129324,technology,2026-08-02T07:30:11+00:00,30,2026-08-02T08:00:22.786705+00:00,30.19,2084,109,10,telegram
tweetfrsi,21576,664291,entertainment,2026-08-02T07:30:31+00:00,5,2026-08-02T07:36:57.334482+00:00,6.28,764,24,5,telegram
tweetfrsi,21576,664291,entertainment,2026-08-02T07:30:31+00:00,10,2026-08-02T07:40:52.258272+00:00,10.19,1074,37,10,telegram
tweetfrsi,21576,664291,entertainment,2026-08-02T07:30:31+00:00,20,2026-08-02T07:51:18.610069+00:00,20.63,1657,58,13,telegram
tweetfrsi,21576,664291,entertainment,2026-08-02T07:30:31+00:00,30,2026-08-02T08:01:50.913139+00:00,31.17,2177,79,14,telegram
khabarfouri,555829,4823154,general_news,2026-08-02T07:30:42+00:00,5,2026-08-02T07:36:51.281535+00:00,6.1,4096,0,0,telegram
khabarfouri,555829,4823154,general_news,2026-08-02T07:30:42+00:00,10,2026-08-02T07:40:46.057208+00:00,10.01,6148,0,0,telegram
khabarfouri,555829,4823154,general_news,2026-08-02T07:30:42+00:00,20,2026-08-02T07:51:12.334703+00:00,20.45,9194,0,0,telegram
khabarfouri,555829,4823154,general_news,2026-08-02T07:30:42+00:00,30,2026-08-02T08:01:44.525960+00:00,30.98,11206,0,0,telegram
akharinkhabar,623787,1943342,general_news,2026-08-02T07:33:17+00:00,5,2026-08-02T07:39:38.317137+00:00,6.12,2059,0,0,telegram
akharinkhabar,623787,1943342,general_news,2026-08-02T07:33:17+00:00,10,2026-08-02T07:43:33.299175+00:00,10.04,4089,0,0,telegram
akharinkhabar,623787,1943342,general_news,2026-08-02T07:33:17+00:00,20,2026-08-02T07:53:59.540681+00:00,20.48,8185,0,0,telegram
akharinkhabar,623787,1943342,general_news,2026-08-02T07:33:17+00:00,30,2026-08-02T08:04:32.774241+00:00,31.03,10222,0,0,telegram
digiato,110982,111087,technology,2026-08-02T07:33:50+00:00,5,2026-08-02T07:39:26.181929+00:00,5.57,531,9,2,telegram
digiato,110982,111087,technology,2026-08-02T07:33:50+00:00,10,2026-08-02T07:44:39.533529+00:00,10.79,817,10,6,telegram
digiato,110982,111087,technology,2026-08-02T07:33:50+00:00,20,2026-08-02T07:55:08.421420+00:00,21.24,1215,10,8,telegram
digiato,110982,111087,technology,2026-08-02T07:33:50+00:00,30,2026-08-02T08:04:20.669671+00:00,30.48,1711,12,10,telegram
footballiapp,493075,49780,sport,2026-08-02T07:33:57+00:00,5,2026-08-02T07:39:29.186188+00:00,5.45,203,6,0,telegram
footballiapp,493075,49780,sport,2026-08-02T07:33:57+00:00,10,2026-08-02T07:44:42.493685+00:00,10.67,296,6,0,telegram
footballiapp,493075,49780,sport,2026-08-02T07:33:57+00:00,20,2026-08-02T07:55:11.791044+00:00,21.12,417,8,0,telegram
footballiapp,493075,49780,sport,2026-08-02T07:33:57+00:00,30,2026-08-02T08:04:23.741816+00:00,30.36,539,10,0,telegram
khabarfouri,555830,4823154,general_news,2026-08-02T07:34:07+00:00,5,2026-08-02T07:39:27.651781+00:00,5.29,3099,0,0,telegram
khabarfouri,555830,4823154,general_news,2026-08-02T07:34:07+00:00,10,2026-08-02T07:44:41.009410+00:00,10.51,6153,0,0,telegram
khabarfouri,555830,4823154,general_news,2026-08-02T07:34:07+00:00,20,2026-08-02T07:55:10.093203+00:00,20.96,9186,0,0,telegram
khabarfouri,555830,4823154,general_news,2026-08-02T07:34:07+00:00,30,2026-08-02T08:04:22.180718+00:00,30.19,10191,0,0,telegram
khabarfouri,555831,4823154,general_news,2026-08-02T07:35:04+00:00,5,2026-08-02T07:40:46.056608+00:00,5.64,4097,0,1,telegram
khabarfouri,555831,4823154,general_news,2026-08-02T07:35:04+00:00,10,2026-08-02T07:45:59.089085+00:00,10.86,6141,0,1,telegram
khabarfouri,555831,4823154,general_news,2026-08-02T07:35:04+00:00,20,2026-08-02T07:55:10.093138+00:00,20.01,9174,0,1,telegram
khabarfouri,555831,4823154,general_news,2026-08-02T07:35:04+00:00,30,2026-08-02T08:05:40.637975+00:00,30.55,11180,0,1,telegram
eghtesadonline,354110,75241,economy,2026-08-02T07:36:56+00:00,5,2026-08-02T07:42:09.003088+00:00,5.08,613,2,5,telegram
eghtesadonline,354110,75241,economy,2026-08-02T07:36:56+00:00,10,2026-08-02T07:47:22.115047+00:00,10.3,1044,3,7,telegram
eghtesadonline,354110,75241,economy,2026-08-02T07:36:56+00:00,20,2026-08-02T07:57:53.164414+00:00,20.81,1662,3,7,telegram
eghtesadonline,354110,75241,economy,2026-08-02T07:36:56+00:00,30,2026-08-02T08:08:22.292928+00:00,31.3,1738,3,7,telegram
tweetychannel,409467,775496,social_entertainment,2026-08-02T07:37:08+00:00,5,2026-08-02T07:43:31.827322+00:00,6.19,2442,48,11,telegram
tweetychannel,409467,775496,social_entertainment,2026-08-02T07:37:08+00:00,10,2026-08-02T07:47:26.644971+00:00,10.1,3955,63,21,telegram
tweetychannel,409467,775496,social_entertainment,2026-08-02T07:37:08+00:00,20,2026-08-02T07:57:57.736501+00:00,20.61,5595,93,21,telegram
tweetychannel,409467,775496,social_entertainment,2026-08-02T07:37:08+00:00,30,2026-08-02T08:08:26.793950+00:00,31.1,7611,106,21,telegram
tweetychannel,409468,775496,social_entertainment,2026-08-02T07:38:07+00:00,5,2026-08-02T07:43:31.826762+00:00,5.21,2440,22,1,telegram
tweetychannel,409468,775496,social_entertainment,2026-08-02T07:38:07+00:00,10,2026-08-02T07:48:44.901220+00:00,10.42,3953,31,12,telegram
tweetychannel,409468,775496,social_entertainment,2026-08-02T07:38:07+00:00,20,2026-08-02T07:59:16.459266+00:00,20.94,6289,39,12,telegram
tweetychannel,409468,775496,social_entertainment,2026-08-02T07:38:07+00:00,30,2026-08-02T08:08:26.793927+00:00,30.12,7302,42,12,telegram
eghtesadonline,354111,75241,economy,2026-08-02T07:38:16+00:00,5,2026-08-02T07:43:27.401452+00:00,5.06,735,12,8,telegram
eghtesadonline,354111,75241,economy,2026-08-02T07:38:16+00:00,10,2026-08-02T07:48:40.422821+00:00,10.27,1045,15,9,telegram
eghtesadonline,354111,75241,economy,2026-08-02T07:38:16+00:00,20,2026-08-02T07:59:11.732097+00:00,20.79,1660,20,11,telegram
eghtesadonline,354111,75241,economy,2026-08-02T07:38:16+00:00,30,2026-08-02T08:09:40.918610+00:00,31.28,1975,22,11,telegram
akharinkhabar,623788,1943342,general_news,2026-08-02T07:42:45+00:00,5,2026-08-02T07:48:46.440312+00:00,5.79,3078,0,0,telegram
akharinkhabar,623788,1943342,general_news,2026-08-02T07:42:45+00:00,10,2026-08-02T07:53:59.540654+00:00,11.01,5123,0,0,telegram
akharinkhabar,623788,1943342,general_news,2026-08-02T07:42:45+00:00,20,2026-08-02T08:03:14.411244+00:00,20.25,7162,0,0,telegram
akharinkhabar,623788,1943342,general_news,2026-08-02T07:42:45+00:00,30,2026-08-02T08:13:42.609079+00:00,30.73,10231,0,0,telegram
akharinkhabar,623789,1943342,general_news,2026-08-02T07:43:49+00:00,5,2026-08-02T07:50:04.693776+00:00,6.03,3081,0,0,telegram
akharinkhabar,623789,1943342,general_news,2026-08-02T07:43:49+00:00,10,2026-08-02T07:55:21.533580+00:00,11.26,5127,0,0,telegram
akharinkhabar,623789,1943342,general_news,2026-08-02T07:43:49+00:00,20,2026-08-02T08:04:32.774109+00:00,20.49,8169,0,0,telegram
akharinkhabar,623789,1943342,general_news,2026-08-02T07:43:49+00:00,30,2026-08-02T08:15:00.947410+00:00,30.96,10231,0,0,telegram
farsna,454000,1816267,general_news,2026-08-02T07:44:04+00:00,5,2026-08-02T07:50:07.659345+00:00,5.78,1045,0,4,telegram
farsna,454000,1816267,general_news,2026-08-02T07:44:04+00:00,10,2026-08-02T07:55:24.674440+00:00,11.01,1740,0,5,telegram
farsna,454000,1816267,general_news,2026-08-02T07:44:04+00:00,20,2026-08-02T08:04:35.804101+00:00,20.24,3093,0,5,telegram
farsna,454000,1816267,general_news,2026-08-02T07:44:04+00:00,30,2026-08-02T08:15:04.058893+00:00,30.71,4092,0,5,telegram
tweetychannel,409469,775496,social_entertainment,2026-08-02T07:45:03+00:00,5,2026-08-02T07:51:21.560364+00:00,6.1,2149,36,11,telegram
tweetychannel,409469,775496,social_entertainment,2026-08-02T07:45:03+00:00,10,2026-08-02T07:55:19.950384+00:00,10.02,4170,58,11,telegram
tweetychannel,409469,775496,social_entertainment,2026-08-02T07:45:03+00:00,20,2026-08-02T08:05:49.754908+00:00,20.57,5184,85,11,telegram
tweetychannel,409469,775496,social_entertainment,2026-08-02T07:45:03+00:00,30,2026-08-02T08:16:17.715605+00:00,31.04,7205,98,11,telegram
thezoomit,98220,129324,technology,2026-08-02T07:45:10+00:00,5,2026-08-02T07:51:09.202386+00:00,5.98,621,4,3,telegram
thezoomit,98220,129324,technology,2026-08-02T07:45:10+00:00,10,2026-08-02T07:56:26.336739+00:00,11.26,960,5,4,telegram
thezoomit,98220,129324,technology,2026-08-02T07:45:10+00:00,20,2026-08-02T08:05:37.411364+00:00,20.45,1649,6,4,telegram
thezoomit,98220,129324,technology,2026-08-02T07:45:10+00:00,30,2026-08-02T08:16:05.575882+00:00,30.92,2265,8,7,telegram
tweetychannel,409470,775496,social_entertainment,2026-08-02T07:45:21+00:00,5,2026-08-02T07:51:21.560324+00:00,5.8,1843,33,21,telegram
tweetychannel,409470,775496,social_entertainment,2026-08-02T07:45:21+00:00,10,2026-08-02T07:56:38.920426+00:00,11.08,3873,49,21,telegram
tweetychannel,409470,775496,social_entertainment,2026-08-02T07:45:21+00:00,20,2026-08-02T08:05:49.754468+00:00,20.27,5891,61,55,telegram
tweetychannel,409470,775496,social_entertainment,2026-08-02T07:45:21+00:00,30,2026-08-02T08:16:17.715578+00:00,30.74,6916,78,55,telegram
tweetychannel,409471,775496,social_entertainment,2026-08-02T07:47:37+00:00,5,2026-08-02T07:53:58.009754+00:00,6.15,2961,28,1,telegram
tweetychannel,409471,775496,social_entertainment,2026-08-02T07:47:37+00:00,10,2026-08-02T07:57:57.736320+00:00,10.13,3978,30,1,telegram
tweetychannel,409471,775496,social_entertainment,2026-08-02T07:47:37+00:00,20,2026-08-02T08:08:26.793880+00:00,20.62,6002,41,1,telegram
tweetychannel,409471,775496,social_entertainment,2026-08-02T07:47:37+00:00,30,2026-08-02T08:18:58.118884+00:00,31.08,8035,48,1,telegram
akharinkhabar,623790,1943342,general_news,2026-08-02T07:47:45+00:00,5,2026-08-02T07:53:59.540115+00:00,6.01,3075,0,0,telegram
akharinkhabar,623790,1943342,general_news,2026-08-02T07:47:45+00:00,10,2026-08-02T07:59:18.017974+00:00,11.31,4106,0,0,telegram
akharinkhabar,623790,1943342,general_news,2026-08-02T07:47:45+00:00,20,2026-08-02T08:08:28.307241+00:00,20.49,8179,0,35,telegram
akharinkhabar,623790,1943342,general_news,2026-08-02T07:47:45+00:00,30,2026-08-02T08:18:59.731878+00:00,30.95,11237,0,35,telegram
eghtesadonline,354112,75241,economy,2026-08-02T07:47:58+00:00,5,2026-08-02T07:53:53.550158+00:00,5.8,649,3,13,telegram
eghtesadonline,354112,75241,economy,2026-08-02T07:47:58+00:00,10,2026-08-02T07:59:11.731586+00:00,11.09,927,7,14,telegram
eghtesadonline,354112,75241,economy,2026-08-02T07:47:58+00:00,20,2026-08-02T08:08:22.292891+00:00,20.27,1241,9,14,telegram
eghtesadonline,354112,75241,economy,2026-08-02T07:47:58+00:00,30,2026-08-02T08:18:53.288348+00:00,30.73,1551,10,14,telegram
tweetychannel,409472,775496,social_entertainment,2026-08-02T07:48:43+00:00,5,2026-08-02T07:53:58.009274+00:00,5.05,2349,64,0,telegram
tweetychannel,409472,775496,social_entertainment,2026-08-02T07:48:43+00:00,10,2026-08-02T07:59:16.459116+00:00,10.34,4378,90,1,telegram
tweetychannel,409472,775496,social_entertainment,2026-08-02T07:48:43+00:00,20,2026-08-02T08:09:45.458810+00:00,20.83,6402,113,1,telegram
tweetychannel,409472,775496,social_entertainment,2026-08-02T07:48:43+00:00,30,2026-08-02T08:20:19.658089+00:00,31.36,8444,123,1,telegram
khabarfouri,555832,4823154,general_news,2026-08-02T07:49:53+00:00,5,2026-08-02T07:55:10.092971+00:00,5.19,2026,0,0,telegram
khabarfouri,555832,4823154,general_news,2026-08-02T07:49:53+00:00,10,2026-08-02T08:00:25.992335+00:00,10.49,3032,0,0,telegram
khabarfouri,555832,4823154,general_news,2026-08-02T07:49:53+00:00,20,2026-08-02T08:10:54.843726+00:00,20.97,5068,0,0,telegram
khabarfouri,555832,4823154,general_news,2026-08-02T07:49:53+00:00,30,2026-08-02T08:20:09.004121+00:00,30.19,6099,0,0,telegram
eghtesadonline,354113,75241,economy,2026-08-02T07:49:59+00:00,5,2026-08-02T07:55:15.173487+00:00,5.09,429,1,0,telegram
eghtesadonline,354113,75241,economy,2026-08-02T07:49:59+00:00,10,2026-08-02T08:00:30.660455+00:00,10.39,678,1,0,telegram
eghtesadonline,354113,75241,economy,2026-08-02T07:49:59+00:00,20,2026-08-02T08:10:59.397897+00:00,20.87,991,3,0,telegram
eghtesadonline,354113,75241,economy,2026-08-02T07:49:59+00:00,30,2026-08-02T08:20:14.640327+00:00,30.09,1299,3,0,telegram
khabarfouri,555833,4823154,general_news,2026-08-02T07:51:04+00:00,5,2026-08-02T07:56:29.607912+00:00,5.36,2024,0,1,telegram
khabarfouri,555833,4823154,general_news,2026-08-02T07:51:04+00:00,10,2026-08-02T08:01:44.525484+00:00,10.62,5062,0,1,telegram
khabarfouri,555833,4823154,general_news,2026-08-02T07:51:04+00:00,20,2026-08-02T08:12:13.592234+00:00,21.1,7096,0,1,telegram
khabarfouri,555833,4823154,general_news,2026-08-02T07:51:04+00:00,30,2026-08-02T08:21:30.192358+00:00,30.37,8125,0,1,telegram
tweetychannel,409473,775496,social_entertainment,2026-08-02T07:51:08+00:00,5,2026-08-02T07:56:38.920295+00:00,5.3,2039,104,2,telegram
tweetychannel,409473,775496,social_entertainment,2026-08-02T07:51:08+00:00,10,2026-08-02T08:01:53.938865+00:00,10.55,4068,138,3,telegram
tweetychannel,409473,775496,social_entertainment,2026-08-02T07:51:08+00:00,20,2026-08-02T08:12:22.805862+00:00,21.03,6100,186,37,telegram
tweetychannel,409473,775496,social_entertainment,2026-08-02T07:51:08+00:00,30,2026-08-02T08:21:39.972460+00:00,30.3,8133,215,37,telegram
farsna,454001,1816267,general_news,2026-08-02T07:52:38+00:00,5,2026-08-02T07:58:02.382395+00:00,5.11,1065,0,10,telegram
farsna,454001,1816267,general_news,2026-08-02T07:52:38+00:00,10,2026-08-02T08:03:17.459782+00:00,10.36,2068,0,10,telegram
farsna,454001,1816267,general_news,2026-08-02T07:52:38+00:00,20,2026-08-02T08:13:45.684999+00:00,20.84,3391,0,10,telegram
farsna,454001,1816267,general_news,2026-08-02T07:52:38+00:00,30,2026-08-02T08:23:03.443497+00:00,30.13,4072,0,10,telegram
varzesh3,298693,1296635,sport,2026-08-02T07:52:52+00:00,5,2026-08-02T07:59:10.229936+00:00,6.19,10333,0,0,telegram
varzesh3,298693,1296635,sport,2026-08-02T07:52:52+00:00,10,2026-08-02T08:03:06.767251+00:00,10.13,15501,0,0,telegram
varzesh3,298693,1296635,sport,2026-08-02T07:52:52+00:00,20,2026-08-02T08:13:35.106134+00:00,20.61,25898,0,1,telegram
varzesh3,298693,1296635,sport,2026-08-02T07:52:52+00:00,30,2026-08-02T08:24:11.561041+00:00,31.21,37274,0,1,telegram
khabarfouri,555834,4823154,general_news,2026-08-02T07:52:57+00:00,5,2026-08-02T07:59:07.084229+00:00,6.11,3046,0,0,telegram
khabarfouri,555834,4823154,general_news,2026-08-02T07:52:57+00:00,10,2026-08-02T08:03:03.590363+00:00,10.05,5050,0,0,telegram
khabarfouri,555834,4823154,general_news,2026-08-02T07:52:57+00:00,20,2026-08-02T08:13:32.015716+00:00,20.53,7091,0,0,telegram
khabarfouri,555834,4823154,general_news,2026-08-02T07:52:57+00:00,30,2026-08-02T08:24:08.453671+00:00,31.13,8119,0,0,telegram
khabarfouri,555835,4823154,general_news,2026-08-02T07:54:32+00:00,5,2026-08-02T08:00:25.992275+00:00,5.84,2011,0,1,telegram
khabarfouri,555835,4823154,general_news,2026-08-02T07:54:32+00:00,10,2026-08-02T08:05:40.637917+00:00,11.08,5050,0,1,telegram
khabarfouri,555835,4823154,general_news,2026-08-02T07:54:32+00:00,20,2026-08-02T08:14:50.418020+00:00,20.25,7093,0,1,telegram
khabarfouri,555835,4823154,general_news,2026-08-02T07:54:32+00:00,30,2026-08-02T08:25:26.991020+00:00,30.85,8123,0,1,telegram
khabarfouri,555836,4823154,general_news,2026-08-02T07:55:16+00:00,5,2026-08-02T08:00:25.991631+00:00,5.11,2010,0,0,telegram
khabarfouri,555836,4823154,general_news,2026-08-02T07:55:16+00:00,10,2026-08-02T08:05:40.637814+00:00,10.35,4048,0,0,telegram
khabarfouri,555836,4823154,general_news,2026-08-02T07:55:16+00:00,20,2026-08-02T08:16:08.663042+00:00,20.82,7098,0,0,telegram
khabarfouri,555836,4823154,general_news,2026-08-02T07:55:16+00:00,30,2026-08-02T08:25:26.990989+00:00,30.12,8127,0,0,telegram
tweetychannel,409474,775496,social_entertainment,2026-08-02T07:56:02+00:00,5,2026-08-02T08:01:53.938371+00:00,5.65,2037,218,2,telegram
tweetychannel,409474,775496,social_entertainment,2026-08-02T07:56:02+00:00,10,2026-08-02T08:07:08.343232+00:00,10.89,3051,276,36,telegram
tweetychannel,409474,775496,social_entertainment,2026-08-02T07:56:02+00:00,20,2026-08-02T08:16:17.715061+00:00,20.05,6099,436,36,telegram
tweetychannel,409474,775496,social_entertainment,2026-08-02T07:56:02+00:00,30,2026-08-02T08:26:54.993105+00:00,30.67,7128,542,70,telegram
tweetychannel,409475,775496,social_entertainment,2026-08-02T07:57:14+00:00,5,2026-08-02T08:03:12.882502+00:00,5.76,2039,28,1,telegram
tweetychannel,409475,775496,social_entertainment,2026-08-02T07:57:14+00:00,10,2026-08-02T08:08:26.793814+00:00,11.0,4060,43,1,telegram
tweetychannel,409475,775496,social_entertainment,2026-08-02T07:57:14+00:00,20,2026-08-02T08:17:36.192313+00:00,20.16,6103,57,1,telegram
tweetychannel,409475,775496,social_entertainment,2026-08-02T07:57:14+00:00,30,2026-08-02T08:28:13.644162+00:00,30.78,8130,66,1,telegram
eghtesadonline,354114,75241,economy,2026-08-02T07:57:19+00:00,5,2026-08-02T08:03:08.279171+00:00,5.68,467,1,0,telegram
eghtesadonline,354114,75241,economy,2026-08-02T07:57:19+00:00,10,2026-08-02T08:08:22.292550+00:00,10.92,474,1,0,telegram
eghtesadonline,354114,75241,economy,2026-08-02T07:57:19+00:00,20,2026-08-02T08:17:31.633104+00:00,20.07,1084,1,0,telegram
eghtesadonline,354114,75241,economy,2026-08-02T07:57:19+00:00,30,2026-08-02T08:28:09.024263+00:00,30.7,1525,2,0,telegram
farsna,454002,1816267,general_news,2026-08-02T07:58:04+00:00,5,2026-08-02T08:04:35.803628+00:00,6.24,1068,0,1,telegram
farsna,454002,1816267,general_news,2026-08-02T07:58:04+00:00,10,2026-08-02T08:08:31.672955+00:00,10.17,1729,0,12,telegram
farsna,454002,1816267,general_news,2026-08-02T07:58:04+00:00,20,2026-08-02T08:19:03.202591+00:00,20.63,3045,0,12,telegram
farsna,454002,1816267,general_news,2026-08-02T07:58:04+00:00,30,2026-08-02T08:29:36.541811+00:00,31.26,3752,0,22,telegram
tweetychannel,409476,775496,social_entertainment,2026-08-02T07:58:10+00:00,5,2026-08-02T08:04:31.275224+00:00,6.14,2029,18,1,telegram
tweetychannel,409476,775496,social_entertainment,2026-08-02T07:58:10+00:00,10,2026-08-02T08:08:26.793409+00:00,10.07,3045,30,35,telegram
tweetychannel,409476,775496,social_entertainment,2026-08-02T07:58:10+00:00,20,2026-08-02T08:18:58.118391+00:00,20.53,6110,42,35,telegram
tweetychannel,409476,775496,social_entertainment,2026-08-02T07:58:10+00:00,30,2026-08-02T08:29:32.069725+00:00,31.16,8133,51,69,telegram
aa_persian,127793,7935,international_news,2026-08-02T07:58:31+00:00,5,2026-08-02T08:04:34.258627+00:00,5.79,20,0,0,telegram
aa_persian,127793,7935,international_news,2026-08-02T07:58:31+00:00,10,2026-08-02T08:09:48.559414+00:00,11.03,33,0,0,telegram
aa_persian,127793,7935,international_news,2026-08-02T07:58:31+00:00,20,2026-08-02T08:19:01.360239+00:00,20.18,43,0,0,telegram
aa_persian,127793,7935,international_news,2026-08-02T07:58:31+00:00,30,2026-08-02T08:29:35.007904+00:00,30.81,50,0,0,telegram
thezoomit,98221,129324,technology,2026-08-02T08:00:09+00:00,5,2026-08-02T08:05:37.410612+00:00,5.47,784,43,19,telegram
thezoomit,98221,129324,technology,2026-08-02T08:00:09+00:00,10,2026-08-02T08:10:51.699575+00:00,10.71,1152,62,25,telegram
thezoomit,98221,129324,technology,2026-08-02T08:00:09+00:00,20,2026-08-02T08:21:26.531446+00:00,21.28,2018,82,28,telegram
thezoomit,98221,129324,technology,2026-08-02T08:00:09+00:00,30,2026-08-02T08:30:38.178668+00:00,30.48,2353,90,31,telegram
digiato,110983,111087,technology,2026-08-02T08:00:37+00:00,5,2026-08-02T08:05:39.095933+00:00,5.0,774,1,4,telegram
digiato,110983,111087,technology,2026-08-02T08:00:37+00:00,10,2026-08-02T08:10:53.329901+00:00,10.24,1148,4,8,telegram
digiato,110983,111087,technology,2026-08-02T08:00:37+00:00,20,2026-08-02T08:21:28.647653+00:00,20.82,1680,8,11,telegram
digiato,110983,111087,technology,2026-08-02T08:00:37+00:00,30,2026-08-02T08:30:39.801520+00:00,30.01,2235,13,14,telegram
digiato,110984,111087,technology,2026-08-02T08:01:24+00:00,5,2026-08-02T08:06:57.622412+00:00,5.53,896,10,7,telegram
digiato,110984,111087,technology,2026-08-02T08:01:24+00:00,10,2026-08-02T08:12:12.012302+00:00,10.76,1243,19,11,telegram
digiato,110984,111087,technology,2026-08-02T08:01:24+00:00,20,2026-08-02T08:21:28.647162+00:00,20.03,1739,44,15,telegram
digiato,110984,111087,technology,2026-08-02T08:01:24+00:00,30,2026-08-02T08:32:03.494949+00:00,30.62,3068,53,15,telegram
akharinkhabar,623791,1943342,general_news,2026-08-02T08:03:06+00:00,5,2026-08-02T08:08:28.307141+00:00,5.14,2069,0,0,telegram
akharinkhabar,623791,1943342,general_news,2026-08-02T08:03:06+00:00,10,2026-08-02T08:13:42.608746+00:00,10.38,5119,0,0,telegram
akharinkhabar,623791,1943342,general_news,2026-08-02T08:03:06+00:00,20,2026-08-02T08:24:19.054943+00:00,20.98,8185,0,0,telegram
akharinkhabar,623791,1943342,general_news,2026-08-02T08:03:06+00:00,30,2026-08-02T08:33:35.349861+00:00,30.25,11244,0,0,telegram
footballiapp,493076,49780,sport,2026-08-02T08:03:07+00:00,5,2026-08-02T08:08:19.130130+00:00,5.12,154,3,0,telegram
footballiapp,493076,49780,sport,2026-08-02T08:03:07+00:00,10,2026-08-02T08:13:33.532788+00:00,10.36,249,4,0,telegram
footballiapp,493076,49780,sport,2026-08-02T08:03:07+00:00,20,2026-08-02T08:24:09.961116+00:00,20.96,402,7,0,telegram
footballiapp,493076,49780,sport,2026-08-02T08:03:07+00:00,30,2026-08-02T08:33:26.121656+00:00,30.23,494,9,0,telegram
khabarfouri,555837,4823154,general_news,2026-08-02T08:04:47+00:00,5,2026-08-02T08:10:54.843567+00:00,6.07,3011,0,0,telegram
khabarfouri,555837,4823154,general_news,2026-08-02T08:04:47+00:00,10,2026-08-02T08:16:08.663018+00:00,11.3,5070,0,0,telegram
khabarfouri,555837,4823154,general_news,2026-08-02T08:04:47+00:00,20,2026-08-02T08:25:26.990495+00:00,20.6,8109,0,0,telegram
khabarfouri,555837,4823154,general_news,2026-08-02T08:04:47+00:00,30,2026-08-02T08:36:01.988306+00:00,31.19,10137,0,0,telegram
tweetychannel,409477,775496,social_entertainment,2026-08-02T08:06:20+00:00,5,2026-08-02T08:12:22.805725+00:00,5.83,2043,163,1,telegram
tweetychannel,409477,775496,social_entertainment,2026-08-02T08:06:20+00:00,10,2026-08-02T08:17:36.192279+00:00,11.06,4076,215,1,telegram
tweetychannel,409477,775496,social_entertainment,2026-08-02T08:06:20+00:00,20,2026-08-02T08:26:54.993018+00:00,20.37,6107,272,35,telegram
tweetychannel,409477,775496,social_entertainment,2026-08-02T08:06:20+00:00,30,2026-08-02T08:37:30.055387+00:00,30.95,7119,295,35,telegram
akharinkhabar,623792,1943342,general_news,2026-08-02T08:06:57+00:00,5,2026-08-02T08:12:24.319525+00:00,5.21,3070,0,0,telegram
akharinkhabar,623792,1943342,general_news,2026-08-02T08:06:57+00:00,10,2026-08-02T08:17:37.765626+00:00,10.44,5123,0,0,telegram
akharinkhabar,623792,1943342,general_news,2026-08-02T08:06:57+00:00,20,2026-08-02T08:28:15.177105+00:00,21.06,9185,0,0,telegram
akharinkhabar,623792,1943342,general_news,2026-08-02T08:06:57+00:00,30,2026-08-02T08:37:31.564445+00:00,30.34,12251,0,0,telegram
khabarfouri,555838,4823154,general_news,2026-08-02T08:07:24+00:00,5,2026-08-02T08:13:32.015514+00:00,6.08,3048,0,0,telegram
khabarfouri,555838,4823154,general_news,2026-08-02T08:07:24+00:00,10,2026-08-02T08:18:48.102762+00:00,11.3,5081,0,0,telegram
khabarfouri,555838,4823154,general_news,2026-08-02T08:07:24+00:00,20,2026-08-02T08:28:04.354204+00:00,20.61,8112,0,0,telegram
khabarfouri,555838,4823154,general_news,2026-08-02T08:07:24+00:00,30,2026-08-02T08:38:39.658368+00:00,31.2,9136,0,0,telegram
khabarfouri,555839,4823154,general_news,2026-08-02T08:09:02+00:00,5,2026-08-02T08:14:50.417446+00:00,5.75,2020,0,0,telegram
khabarfouri,555839,4823154,general_news,2026-08-02T08:09:02+00:00,10,2026-08-02T08:20:09.003416+00:00,11.04,4052,0,0,telegram
khabarfouri,555839,4823154,general_news,2026-08-02T08:09:02+00:00,20,2026-08-02T08:29:23.077270+00:00,20.29,7092,0,2,telegram
khabarfouri,555839,4823154,general_news,2026-08-02T08:09:02+00:00,30,2026-08-02T08:39:58.441891+00:00,30.88,10140,0,2,telegram
thezoomit,98222,129324,technology,2026-08-02T08:10:01+00:00,5,2026-08-02T08:16:05.575363+00:00,6.07,863,9,3,telegram
thezoomit,98222,129324,technology,2026-08-02T08:10:01+00:00,10,2026-08-02T08:20:05.448468+00:00,10.06,1148,12,3,telegram
thezoomit,98222,129324,technology,2026-08-02T08:10:01+00:00,20,2026-08-02T08:30:38.178642+00:00,20.61,1701,12,4,telegram
thezoomit,98222,129324,technology,2026-08-02T08:10:01+00:00,30,2026-08-02T08:41:13.617938+00:00,31.2,2166,12,5,telegram
tweetfrsi,21577,664291,entertainment,2026-08-02T08:10:02+00:00,5,2026-08-02T08:16:14.820516+00:00,6.05,914,54,14,telegram
tweetfrsi,21577,664291,entertainment,2026-08-02T08:10:02+00:00,10,2026-08-02T08:20:16.318008+00:00,10.04,1369,72,20,telegram
tweetfrsi,21577,664291,entertainment,2026-08-02T08:10:02+00:00,20,2026-08-02T08:30:49.439012+00:00,20.6,2069,103,30,telegram
tweetfrsi,21577,664291,entertainment,2026-08-02T08:10:02+00:00,30,2026-08-02T08:41:22.958535+00:00,31.19,3051,133,36,telegram
khabarfouri,555840,4823154,general_news,2026-08-02T08:10:36+00:00,5,2026-08-02T08:16:08.662809+00:00,5.49,2029,0,1,telegram
khabarfouri,555840,4823154,general_news,2026-08-02T08:10:36+00:00,10,2026-08-02T08:21:30.192249+00:00,10.83,4068,0,2,telegram
khabarfouri,555840,4823154,general_news,2026-08-02T08:10:36+00:00,20,2026-08-02T08:30:41.315149+00:00,20.03,7105,0,2,telegram
khabarfouri,555840,4823154,general_news,2026-08-02T08:10:36+00:00,30,2026-08-02T08:41:16.800017+00:00,30.62,9140,0,2,telegram
tweetychannel,409478,775496,social_entertainment,2026-08-02T08:11:11+00:00,5,2026-08-02T08:17:36.192161+00:00,6.21,2046,15,2,telegram
tweetychannel,409478,775496,social_entertainment,2026-08-02T08:11:11+00:00,10,2026-08-02T08:21:39.971807+00:00,10.25,4073,19,2,telegram
tweetychannel,409478,775496,social_entertainment,2026-08-02T08:11:11+00:00,20,2026-08-02T08:32:14.548871+00:00,20.83,6095,26,2,telegram
tweetychannel,409478,775496,social_entertainment,2026-08-02T08:11:11+00:00,30,2026-08-02T08:41:25.900528+00:00,30.04,7110,28,2,telegram
khabarfouri,555841,4823154,general_news,2026-08-02T08:12:27+00:00,5,2026-08-02T08:18:48.102718+00:00,6.25,2051,0,0,telegram
khabarfouri,555841,4823154,general_news,2026-08-02T08:12:27+00:00,10,2026-08-02T08:22:49.583399+00:00,10.32,4082,0,0,telegram
khabarfouri,555841,4823154,general_news,2026-08-02T08:12:27+00:00,20,2026-08-02T08:33:24.539823+00:00,20.9,8135,0,0,telegram
khabarfouri,555841,4823154,general_news,2026-08-02T08:12:27+00:00,30,2026-08-02T08:42:35.296870+00:00,30.08,9159,0,0,telegram
khabarfouri,555842,4823154,general_news,2026-08-02T08:13:03+00:00,5,2026-08-02T08:18:48.102200+00:00,5.65,2054,0,0,telegram
khabarfouri,555842,4823154,general_news,2026-08-02T08:13:03+00:00,10,2026-08-02T08:24:08.453174+00:00,11.03,4089,0,0,telegram
khabarfouri,555842,4823154,general_news,2026-08-02T08:13:03+00:00,20,2026-08-02T08:33:24.537679+00:00,20.3,8141,0,0,telegram
khabarfouri,555842,4823154,general_news,2026-08-02T08:13:03+00:00,30,2026-08-02T08:43:53.663584+00:00,30.78,9162,0,0,telegram
eghtesadonline,354116,75241,economy,2026-08-02T08:13:55+00:00,5,2026-08-02T08:20:14.639736+00:00,6.16,313,2,0,telegram
eghtesadonline,354116,75241,economy,2026-08-02T08:13:55+00:00,10,2026-08-02T08:24:13.060726+00:00,10.16,382,3,0,telegram
eghtesadonline,354116,75241,economy,2026-08-02T08:13:55+00:00,20,2026-08-02T08:34:47.834999+00:00,20.74,1349,5,1,telegram
eghtesadonline,354116,75241,economy,2026-08-02T08:13:55+00:00,30,2026-08-02T08:45:17.409971+00:00,31.23,1937,7,4,telegram
tweetychannel,409479,775496,social_entertainment,2026-08-02T08:14:12+00:00,5,2026-08-02T08:20:19.657990+00:00,5.87,2045,30,35,telegram
tweetychannel,409479,775496,social_entertainment,2026-08-02T08:14:12+00:00,10,2026-08-02T08:25:36.369222+00:00,11.19,4066,37,35,telegram
tweetychannel,409479,775496,social_entertainment,2026-08-02T08:14:12+00:00,20,2026-08-02T08:34:52.356752+00:00,20.46,5086,46,69,telegram
tweetychannel,409479,775496,social_entertainment,2026-08-02T08:14:12+00:00,30,2026-08-02T08:45:22.173686+00:00,30.95,7104,52,69,telegram
footballiapp,493077,49780,sport,2026-08-02T08:14:15+00:00,5,2026-08-02T08:20:10.751711+00:00,5.82,143,1,1,telegram
footballiapp,493077,49780,sport,2026-08-02T08:14:15+00:00,10,2026-08-02T08:25:28.541868+00:00,11.14,235,4,1,telegram
footballiapp,493077,49780,sport,2026-08-02T08:14:15+00:00,20,2026-08-02T08:34:44.725034+00:00,20.41,327,4,1,telegram
footballiapp,493077,49780,sport,2026-08-02T08:14:15+00:00,30,2026-08-02T08:45:14.284612+00:00,30.9,454,4,1,telegram
khabarfouri,555843,4823154,general_news,2026-08-02T08:15:24+00:00,5,2026-08-02T08:21:30.191668+00:00,6.03,3071,0,0,telegram
khabarfouri,555843,4823154,general_news,2026-08-02T08:15:24+00:00,10,2026-08-02T08:26:45.795200+00:00,11.3,5105,0,0,telegram
khabarfouri,555843,4823154,general_news,2026-08-02T08:15:24+00:00,20,2026-08-02T08:36:01.988031+00:00,20.57,8162,0,0,telegram
khabarfouri,555843,4823154,general_news,2026-08-02T08:15:24+00:00,30,2026-08-02T08:46:34.307866+00:00,31.07,10190,0,0,telegram
varzesh3,298694,1296635,sport,2026-08-02T08:15:43+00:00,5,2026-08-02T08:21:33.426991+00:00,5.72,10367,0,1,telegram
varzesh3,298694,1296635,sport,2026-08-02T08:15:43+00:00,10,2026-08-02T08:26:48.888294+00:00,10.99,16591,0,35,telegram
varzesh3,298694,1296635,sport,2026-08-02T08:15:43+00:00,20,2026-08-02T08:36:05.144489+00:00,20.26,24899,0,36,telegram
varzesh3,298694,1296635,sport,2026-08-02T08:15:43+00:00,30,2026-08-02T08:46:44.559302+00:00,30.75,37317,0,70,telegram
khabarfouri,555844,4823154,general_news,2026-08-02T08:16:30+00:00,5,2026-08-02T08:22:49.582806+00:00,6.27,2052,0,0,telegram
khabarfouri,555844,4823154,general_news,2026-08-02T08:16:30+00:00,10,2026-08-02T08:26:45.794674+00:00,10.2,4082,0,0,telegram
khabarfouri,555844,4823154,general_news,2026-08-02T08:16:30+00:00,20,2026-08-02T08:37:20.789177+00:00,20.79,9174,0,0,telegram
khabarfouri,555844,4823154,general_news,2026-08-02T08:16:30+00:00,30,2026-08-02T08:48:06.601380+00:00,31.53,13232,0,0,telegram
tweetychannel,409480,775496,social_entertainment,2026-08-02T08:16:40+00:00,5,2026-08-02T08:22:58.737590+00:00,6.1,3047,26,1,telegram
tweetychannel,409480,775496,social_entertainment,2026-08-02T08:16:40+00:00,10,2026-08-02T08:26:54.992633+00:00,10.04,4058,27,1,telegram
tweetychannel,409480,775496,social_entertainment,2026-08-02T08:16:40+00:00,20,2026-08-02T08:37:30.055318+00:00,20.62,5080,30,1,telegram
tweetychannel,409480,775496,social_entertainment,2026-08-02T08:16:40+00:00,30,2026-08-02T08:48:19.087312+00:00,31.36,7099,33,1,telegram
tweetychannel,409481,775496,social_entertainment,2026-08-02T08:19:08+00:00,5,2026-08-02T08:25:36.369187+00:00,6.25,2041,95,36,telegram
tweetychannel,409481,775496,social_entertainment,2026-08-02T08:19:08+00:00,10,2026-08-02T08:29:32.069660+00:00,10.19,3055,129,36,telegram
tweetychannel,409481,775496,social_entertainment,2026-08-02T08:19:08+00:00,20,2026-08-02T08:40:07.483568+00:00,20.78,5082,174,71,telegram
tweetychannel,409481,775496,social_entertainment,2026-08-02T08:19:08+00:00,30,2026-08-02T08:49:48.751013+00:00,30.32,6096,221,71,telegram
tweetychannel,409482,775496,social_entertainment,2026-08-02T08:19:08+00:00,5,2026-08-02T08:25:36.369159+00:00,6.25,2044,80,1,telegram
tweetychannel,409482,775496,social_entertainment,2026-08-02T08:19:08+00:00,10,2026-08-02T08:29:32.069484+00:00,10.19,3058,100,1,telegram
tweetychannel,409482,775496,social_entertainment,2026-08-02T08:19:08+00:00,20,2026-08-02T08:40:07.483545+00:00,20.78,5085,129,1,telegram
tweetychannel,409482,775496,social_entertainment,2026-08-02T08:19:08+00:00,30,2026-08-02T08:49:48.750990+00:00,30.32,6100,154,1,telegram
tweetychannel,409483,775496,social_entertainment,2026-08-02T08:19:37+00:00,5,2026-08-02T08:25:36.368654+00:00,5.77,2044,144,0,telegram
tweetychannel,409483,775496,social_entertainment,2026-08-02T08:19:37+00:00,10,2026-08-02T08:30:54.045757+00:00,11.01,3064,198,0,telegram
tweetychannel,409483,775496,social_entertainment,2026-08-02T08:19:37+00:00,20,2026-08-02T08:40:07.483466+00:00,20.3,5090,257,0,telegram
tweetychannel,409483,775496,social_entertainment,2026-08-02T08:19:37+00:00,30,2026-08-02T08:58:25.161564+00:00,31.36,7115,331,0,telegram
thezoomit,98223,129324,technology,2026-08-02T08:20:02+00:00,5,2026-08-02T08:25:23.709822+00:00,5.35,528,6,7,telegram
thezoomit,98223,129324,technology,2026-08-02T08:20:02+00:00,10,2026-08-02T08:30:38.178495+00:00,10.6,899,7,12,telegram
thezoomit,98223,129324,technology,2026-08-02T08:20:02+00:00,20,2026-08-02T08:41:13.617922+00:00,21.19,1523,9,16,telegram
thezoomit,98223,129324,technology,2026-08-02T08:20:02+00:00,30,2026-08-02T08:52:46.534204+00:00,30.94,2118,10,19,telegram
digiato,110985,111087,technology,2026-08-02T08:21:42+00:00,5,2026-08-02T08:26:44.290541+00:00,5.0,803,11,6,telegram
digiato,110985,111087,technology,2026-08-02T08:21:42+00:00,10,2026-08-02T08:32:03.493813+00:00,10.32,1305,17,10,telegram
digiato,110985,111087,technology,2026-08-02T08:21:42+00:00,20,2026-08-02T08:42:33.785682+00:00,20.83,1931,31,10,telegram
tweetychannel,409484,775496,social_entertainment,2026-08-02T08:22:08+00:00,5,2026-08-02T08:28:13.643451+00:00,5.88,2036,53,1,telegram
tweetychannel,409484,775496,social_entertainment,2026-08-02T08:22:08+00:00,10,2026-08-02T08:33:33.780748+00:00,11.21,3059,66,1,telegram
tweetychannel,409484,775496,social_entertainment,2026-08-02T08:22:08+00:00,20,2026-08-02T08:42:44.363276+00:00,20.4,5084,78,35,telegram
akharinkhabar,623793,1943342,general_news,2026-08-02T08:26:33+00:00,5,2026-08-02T08:32:16.324315+00:00,5.47,3073,0,0,telegram
akharinkhabar,623793,1943342,general_news,2026-08-02T08:26:33+00:00,10,2026-08-02T08:37:31.564435+00:00,10.74,5120,0,35,telegram
akharinkhabar,623793,1943342,general_news,2026-08-02T08:26:33+00:00,20,2026-08-02T08:48:21.637324+00:00,21.48,9205,0,36,telegram
akharinkhabar,623793,1943342,general_news,2026-08-02T08:26:33+00:00,30,2026-08-02T08:59:44.609335+00:00,32.96,12266,0,70,telegram
eghtesadonline,354117,75241,economy,2026-08-02T08:27:43+00:00,5,2026-08-02T08:33:29.254812+00:00,5.63,592,10,3,telegram
eghtesadonline,354117,75241,economy,2026-08-02T08:27:43+00:00,10,2026-08-02T08:38:44.349104+00:00,10.88,1058,14,4,telegram
eghtesadonline,354117,75241,economy,2026-08-02T08:27:43+00:00,20,2026-08-02T08:48:12.410326+00:00,20.31,1518,19,5,telegram
eghtesadonline,354117,75241,economy,2026-08-02T08:27:43+00:00,30,2026-08-02T08:59:38.646451+00:00,31.8,2322,24,5,telegram
tweetychannel,409485,775496,social_entertainment,2026-08-02T08:29:01+00:00,5,2026-08-02T08:34:52.356242+00:00,5.64,1028,0,0,telegram
tweetychannel,409485,775496,social_entertainment,2026-08-02T08:29:01+00:00,10,2026-08-02T08:40:07.483433+00:00,10.9,3050,1,0,telegram
tweetychannel,409485,775496,social_entertainment,2026-08-02T08:29:01+00:00,20,2026-08-02T08:49:48.750951+00:00,20.44,4071,2,0,telegram
tweetychannel,409485,775496,social_entertainment,2026-08-02T08:29:01+00:00,30,2026-08-02T08:59:43.124209+00:00,30.5,6086,2,0,telegram
persiantwix,9537,1049188,entertainment,2026-08-02T08:30:00+00:00,5,2026-08-02T08:36:09.671374+00:00,5.97,2611,332,19,telegram
persiantwix,9537,1049188,entertainment,2026-08-02T08:30:00+00:00,10,2026-08-02T08:41:24.413485+00:00,11.22,3683,484,30,telegram
persiantwix,9537,1049188,entertainment,2026-08-02T08:30:00+00:00,20,2026-08-02T08:58:23.683837+00:00,20.98,6165,840,46,telegram
persiantwix,9537,1049188,entertainment,2026-08-02T08:30:00+00:00,30,2026-08-02T09:00:59.674030+00:00,30.81,6504,884,50,telegram
thezoomit,98224,129324,technology,2026-08-02T08:30:01+00:00,5,2026-08-02T08:35:58.821564+00:00,5.96,586,7,1,telegram
thezoomit,98224,129324,technology,2026-08-02T08:30:01+00:00,10,2026-08-02T08:41:13.617387+00:00,11.2,960,8,4,telegram
thezoomit,98224,129324,technology,2026-08-02T08:30:01+00:00,20,2026-08-02T08:52:46.534182+00:00,20.96,1712,16,7,telegram
thezoomit,98224,129324,technology,2026-08-02T08:30:01+00:00,30,2026-08-02T09:00:49.135887+00:00,30.8,2025,18,8,telegram
tweetychannel,409486,775496,social_entertainment,2026-08-02T08:30:21+00:00,5,2026-08-02T08:36:11.161385+00:00,5.62,2027,17,1,telegram
tweetychannel,409486,775496,social_entertainment,2026-08-02T08:30:21+00:00,10,2026-08-02T08:41:25.900040+00:00,10.87,3049,31,1,telegram
tweetychannel,409486,775496,social_entertainment,2026-08-02T08:30:21+00:00,20,2026-08-02T08:58:25.161099+00:00,20.63,6087,64,35,telegram
tweetychannel,409486,775496,social_entertainment,2026-08-02T08:30:21+00:00,30,2026-08-02T09:01:01.159591+00:00,30.46,6089,67,35,telegram
tweetfrsi,21578,664291,entertainment,2026-08-02T08:31:01+00:00,5,2026-08-02T08:37:27.047377+00:00,6.27,1011,23,2,telegram
tweetfrsi,21578,664291,entertainment,2026-08-02T08:31:01+00:00,10,2026-08-02T08:41:22.958142+00:00,10.2,1408,30,3,telegram
tweetfrsi,21578,664291,entertainment,2026-08-02T08:31:01+00:00,30,2026-08-02T09:02:16.300704+00:00,31.1,2571,59,6,telegram
tweetychannel,409487,775496,social_entertainment,2026-08-02T08:31:16+00:00,5,2026-08-02T08:37:30.055170+00:00,6.02,2034,59,71,telegram
tweetychannel,409487,775496,social_entertainment,2026-08-02T08:31:16+00:00,10,2026-08-02T08:42:44.363228+00:00,11.26,4066,86,105,telegram
tweetychannel,409487,775496,social_entertainment,2026-08-02T08:31:16+00:00,30,2026-08-02T09:02:19.258939+00:00,30.85,7103,141,139,telegram
khabarfouri,555845,4823154,general_news,2026-08-02T08:31:19+00:00,5,2026-08-02T08:37:20.788933+00:00,5.97,3076,0,0,telegram
khabarfouri,555845,4823154,general_news,2026-08-02T08:31:19+00:00,10,2026-08-02T08:42:35.296790+00:00,11.21,6110,0,0,telegram
khabarfouri,555845,4823154,general_news,2026-08-02T08:31:19+00:00,30,2026-08-02T09:02:10.323730+00:00,30.8,13226,0,0,telegram
akharinkhabar,623794,1943342,general_news,2026-08-02T08:32:01+00:00,5,2026-08-02T08:37:31.564182+00:00,5.27,2058,0,0,telegram
akharinkhabar,623794,1943342,general_news,2026-08-02T08:32:01+00:00,10,2026-08-02T08:42:45.881978+00:00,10.51,5122,0,1,telegram
akharinkhabar,623794,1943342,general_news,2026-08-02T08:32:01+00:00,30,2026-08-02T09:02:20.753359+00:00,30.1,11252,0,1,telegram
eghtesadonline,354118,75241,economy,2026-08-02T08:33:52+00:00,5,2026-08-02T08:40:03.067363+00:00,6.05,655,8,3,telegram
eghtesadonline,354118,75241,economy,2026-08-02T08:33:52+00:00,10,2026-08-02T08:45:17.409901+00:00,11.28,994,8,4,telegram
eghtesadonline,354118,75241,economy,2026-08-02T08:33:52+00:00,30,2026-08-02T09:04:51.639303+00:00,30.86,2228,16,7,telegram
khabarfouri,555846,4823154,general_news,2026-08-02T08:33:59+00:00,5,2026-08-02T08:39:58.441323+00:00,5.93,3060,0,0,telegram
khabarfouri,555846,4823154,general_news,2026-08-02T08:33:59+00:00,10,2026-08-02T08:45:12.710172+00:00,11.17,5097,0,0,telegram
khabarfouri,555846,4823154,general_news,2026-08-02T08:33:59+00:00,30,2026-08-02T09:04:47.003638+00:00,30.74,13222,0,0,telegram
tweetychannel,409488,775496,social_entertainment,2026-08-02T08:34:50+00:00,5,2026-08-02T08:40:07.483316+00:00,5.08,2042,30,173,telegram
tweetychannel,409488,775496,social_entertainment,2026-08-02T08:34:50+00:00,10,2026-08-02T08:45:22.173598+00:00,10.32,3061,36,208,telegram
tweetychannel,409488,775496,social_entertainment,2026-08-02T08:34:50+00:00,30,2026-08-02T09:06:14.285795+00:00,31.2,6098,66,310,telegram
footballiapp,493078,49780,sport,2026-08-02T08:35:39+00:00,5,2026-08-02T08:41:18.345711+00:00,5.57,157,0,0,telegram
footballiapp,493078,49780,sport,2026-08-02T08:35:39+00:00,10,2026-08-02T08:46:36.530616+00:00,10.82,220,0,0,telegram
footballiapp,493078,49780,sport,2026-08-02T08:35:39+00:00,30,2026-08-02T09:06:06.716729+00:00,30.38,365,0,0,telegram
khabarfouri,555847,4823154,general_news,2026-08-02T08:36:25+00:00,5,2026-08-02T08:42:35.296202+00:00,6.11,3042,0,0,telegram
khabarfouri,555847,4823154,general_news,2026-08-02T08:36:25+00:00,10,2026-08-02T08:46:34.307094+00:00,10.05,4067,0,0,telegram
khabarfouri,555847,4823154,general_news,2026-08-02T08:36:25+00:00,30,2026-08-02T09:07:23.401106+00:00,30.92,13217,0,0,telegram
tweetychannel,409489,775496,social_entertainment,2026-08-02T08:37:09+00:00,5,2026-08-02T08:42:44.362767+00:00,5.38,2050,32,36,telegram
tweetychannel,409489,775496,social_entertainment,2026-08-02T08:37:09+00:00,10,2026-08-02T08:48:19.087124+00:00,10.88,3059,42,36,telegram
tweetychannel,409489,775496,social_entertainment,2026-08-02T08:37:09+00:00,20,2026-08-02T08:59:43.124158+00:00,22.36,5095,66,70,telegram
tweetychannel,409489,775496,social_entertainment,2026-08-02T08:37:09+00:00,30,2026-08-02T09:07:32.454799+00:00,30.19,6107,74,104,telegram
footballiapp,493079,49780,sport,2026-08-02T08:37:48+00:00,5,2026-08-02T08:43:55.262023+00:00,6.03,159,0,0,telegram
footballiapp,493079,49780,sport,2026-08-02T08:37:48+00:00,10,2026-08-02T08:48:08.632031+00:00,10.23,190,0,0,telegram
footballiapp,493079,49780,sport,2026-08-02T08:37:48+00:00,20,2026-08-02T08:59:35.640585+00:00,21.71,292,0,0,telegram
footballiapp,493079,49780,sport,2026-08-02T08:37:48+00:00,30,2026-08-02T09:08:43.076834+00:00,30.84,356,0,0,telegram
tweetychannel,409490,775496,social_entertainment,2026-08-02T08:39:11+00:00,5,2026-08-02T08:45:22.173231+00:00,5.97,2032,38,2,telegram
tweetychannel,409490,775496,social_entertainment,2026-08-02T08:39:11+00:00,10,2026-08-02T08:49:48.750783+00:00,10.27,3049,52,36,telegram
tweetychannel,409490,775496,social_entertainment,2026-08-02T08:39:11+00:00,20,2026-08-02T08:59:43.124134+00:00,20.33,5086,71,36,telegram
tweetychannel,409490,775496,social_entertainment,2026-08-02T08:39:11+00:00,30,2026-08-02T09:10:08.575012+00:00,30.76,6099,88,70,telegram
akharinkhabar,623795,1943342,general_news,2026-08-02T08:39:19+00:00,5,2026-08-02T08:45:23.723536+00:00,5.83,3075,0,0,telegram
akharinkhabar,623795,1943342,general_news,2026-08-02T08:39:19+00:00,10,2026-08-02T08:49:51.173132+00:00,10.14,5112,0,0,telegram
akharinkhabar,623795,1943342,general_news,2026-08-02T08:39:19+00:00,20,2026-08-02T08:59:44.609301+00:00,20.2,8184,0,0,telegram
akharinkhabar,623795,1943342,general_news,2026-08-02T08:39:19+00:00,30,2026-08-02T09:10:10.036359+00:00,30.62,11247,0,0,telegram
footballiapp,493080,49780,sport,2026-08-02T08:39:21+00:00,5,2026-08-02T08:45:14.284564+00:00,5.8,127,0,0,telegram
footballiapp,493080,49780,sport,2026-08-02T08:39:21+00:00,10,2026-08-02T08:49:35.392312+00:00,10.11,177,0,0,telegram
footballiapp,493080,49780,sport,2026-08-02T08:39:21+00:00,20,2026-08-02T08:59:35.640440+00:00,20.16,265,0,0,telegram
footballiapp,493080,49780,sport,2026-08-02T08:39:21+00:00,30,2026-08-02T09:10:01.242702+00:00,30.59,326,0,0,telegram
eghtesadonline,354119,75241,economy,2026-08-02T08:39:50+00:00,5,2026-08-02T08:45:17.408732+00:00,5.32,402,4,2,telegram
eghtesadonline,354119,75241,economy,2026-08-02T08:39:50+00:00,10,2026-08-02T08:58:20.775884+00:00,11.14,1579,5,4,telegram
eghtesadonline,354119,75241,economy,2026-08-02T08:39:50+00:00,20,2026-08-02T09:00:56.700080+00:00,20.98,1798,6,4,telegram
eghtesadonline,354119,75241,economy,2026-08-02T08:39:50+00:00,30,2026-08-02T09:10:04.207360+00:00,30.11,2133,7,4,telegram
footballiapp,493081,49780,sport,2026-08-02T08:40:02+00:00,5,2026-08-02T08:45:14.284140+00:00,5.12,127,0,0,telegram
footballiapp,493081,49780,sport,2026-08-02T08:40:02+00:00,10,2026-08-02T08:58:17.784750+00:00,10.94,270,0,0,telegram
footballiapp,493081,49780,sport,2026-08-02T08:40:02+00:00,20,2026-08-02T09:00:53.697103+00:00,20.78,278,0,0,telegram
footballiapp,493081,49780,sport,2026-08-02T08:40:02+00:00,30,2026-08-02T09:11:19.058408+00:00,31.2,364,0,0,telegram
digiato,110987,111087,technology,2026-08-02T08:40:10+00:00,5,2026-08-02T08:46:31.124300+00:00,6.3,757,8,8,telegram
digiato,110987,111087,technology,2026-08-02T08:40:10+00:00,10,2026-08-02T08:52:50.261816+00:00,10.81,1130,10,8,telegram
digiato,110987,111087,technology,2026-08-02T08:40:10+00:00,20,2026-08-02T09:00:50.724024+00:00,20.65,1445,12,10,telegram
digiato,110987,111087,technology,2026-08-02T08:40:10+00:00,30,2026-08-02T09:11:16.065731+00:00,31.07,2033,14,11,telegram
footballiapp,493082,49780,sport,2026-08-02T08:41:09+00:00,5,2026-08-02T08:46:36.530066+00:00,5.32,126,1,0,telegram
footballiapp,493082,49780,sport,2026-08-02T08:41:09+00:00,20,2026-08-02T09:02:11.876682+00:00,20.96,302,1,0,telegram
footballiapp,493082,49780,sport,2026-08-02T08:41:09+00:00,30,2026-08-02T09:11:19.058113+00:00,30.09,352,1,0,telegram
varzesh3,298696,1296635,sport,2026-08-02T08:42:14+00:00,5,2026-08-02T08:48:10.575497+00:00,5.79,9375,0,0,telegram
varzesh3,298696,1296635,sport,2026-08-02T08:42:14+00:00,20,2026-08-02T09:03:31.605231+00:00,21.18,25000,0,0,telegram
varzesh3,298696,1296635,sport,2026-08-02T08:42:14+00:00,30,2026-08-02T09:12:38.722259+00:00,30.3,33342,0,0,telegram
aa_persian,127794,7935,international_news,2026-08-02T08:43:16+00:00,5,2026-08-02T08:49:55.048912+00:00,6.19,33,0,0,telegram
aa_persian,127794,7935,international_news,2026-08-02T08:43:16+00:00,20,2026-08-02T09:03:40.719041+00:00,20.15,52,0,0,telegram
aa_persian,127794,7935,international_news,2026-08-02T08:43:16+00:00,30,2026-08-02T09:14:05.943495+00:00,30.57,88,0,0,telegram
footballiapp,493083,49780,sport,2026-08-02T08:43:32+00:00,5,2026-08-02T08:49:35.392144+00:00,5.92,123,0,0,telegram
footballiapp,493083,49780,sport,2026-08-02T08:43:32+00:00,20,2026-08-02T09:04:48.513976+00:00,21.19,286,0,0,telegram
footballiapp,493083,49780,sport,2026-08-02T08:43:32+00:00,30,2026-08-02T09:13:55.446434+00:00,30.31,389,0,0,telegram
varzesh3,298697,1296635,sport,2026-08-02T08:43:38+00:00,5,2026-08-02T08:49:37.814627+00:00,5.82,9381,0,0,telegram
varzesh3,298697,1296635,sport,2026-08-02T08:43:38+00:00,20,2026-08-02T09:04:50.075066+00:00,21.09,23979,0,1,telegram
varzesh3,298697,1296635,sport,2026-08-02T08:43:38+00:00,30,2026-08-02T09:13:57.027899+00:00,30.21,34378,0,1,telegram
thezoomit,98225,129324,technology,2026-08-02T08:45:12+00:00,5,2026-08-02T08:52:46.534133+00:00,5.78,967,21,6,telegram
thezoomit,98225,129324,technology,2026-08-02T08:45:12+00:00,20,2026-08-02T09:06:02.122177+00:00,20.83,1657,27,11,telegram
thezoomit,98225,129324,technology,2026-08-02T08:45:12+00:00,30,2026-08-02T09:16:27.024347+00:00,31.25,2092,32,12,telegram
thezoomit,98226,129324,technology,2026-08-02T08:45:12+00:00,5,2026-08-02T08:52:46.533636+00:00,5.78,937,0,6,telegram
thezoomit,98226,129324,technology,2026-08-02T08:45:12+00:00,20,2026-08-02T09:06:02.121810+00:00,20.83,1657,0,11,telegram
thezoomit,98226,129324,technology,2026-08-02T08:45:12+00:00,30,2026-08-02T09:16:27.023732+00:00,31.25,2123,0,12,telegram
khabarfouri,555848,4823154,general_news,2026-08-02T08:46:37+00:00,10,2026-08-02T08:59:34.150811+00:00,12.9,6119,0,0,telegram
khabarfouri,555848,4823154,general_news,2026-08-02T08:46:37+00:00,20,2026-08-02T09:07:23.400290+00:00,20.72,9164,0,1,telegram
khabarfouri,555848,4823154,general_news,2026-08-02T08:46:37+00:00,30,2026-08-02T09:17:47.842503+00:00,31.12,11196,0,1,telegram
tweetychannel,409491,775496,social_entertainment,2026-08-02T08:47:29+00:00,10,2026-08-02T08:59:43.124114+00:00,12.03,4061,42,35,telegram
tweetychannel,409491,775496,social_entertainment,2026-08-02T08:47:29+00:00,20,2026-08-02T09:08:50.451527+00:00,21.15,5073,54,69,telegram
tweetychannel,409491,775496,social_entertainment,2026-08-02T08:47:29+00:00,30,2026-08-02T09:17:56.880707+00:00,30.26,6085,69,69,telegram
akharinkhabar,623796,1943342,general_news,2026-08-02T08:47:40+00:00,10,2026-08-02T08:59:44.609190+00:00,11.85,5125,0,0,telegram
akharinkhabar,623796,1943342,general_news,2026-08-02T08:47:40+00:00,20,2026-08-02T09:08:51.972561+00:00,20.97,9208,0,0,telegram
akharinkhabar,623796,1943342,general_news,2026-08-02T08:47:40+00:00,30,2026-08-02T09:17:58.446609+00:00,30.07,11248,0,0,telegram
eghtesadonline,354120,75241,economy,2026-08-02T08:48:26+00:00,10,2026-08-02T08:59:38.646306+00:00,11.08,1391,18,23,telegram
eghtesadonline,354120,75241,economy,2026-08-02T08:48:26+00:00,20,2026-08-02T09:08:46.080548+00:00,20.2,1885,24,26,telegram
eghtesadonline,354120,75241,economy,2026-08-02T08:48:26+00:00,30,2026-08-02T09:19:10.593669+00:00,30.61,2400,26,26,telegram
footballiapp,493085,49780,sport,2026-08-02T08:49:03+00:00,10,2026-08-02T08:59:35.639958+00:00,10.46,184,0,0,telegram
footballiapp,493085,49780,sport,2026-08-02T08:49:03+00:00,20,2026-08-02T09:10:01.242684+00:00,20.89,293,0,0,telegram
footballiapp,493085,49780,sport,2026-08-02T08:49:03+00:00,30,2026-08-02T09:20:25.541845+00:00,31.29,417,0,0,telegram
tweetychannel,409492,775496,social_entertainment,2026-08-02T08:49:09+00:00,10,2026-08-02T08:59:43.124088+00:00,10.36,4059,38,70,telegram
tweetychannel,409492,775496,social_entertainment,2026-08-02T08:49:09+00:00,20,2026-08-02T09:10:08.574977+00:00,20.79,5071,51,70,telegram
tweetychannel,409492,775496,social_entertainment,2026-08-02T08:49:09+00:00,30,2026-08-02T09:20:33.081702+00:00,31.19,7087,61,105,telegram
footballiapp,493086,49780,sport,2026-08-02T08:49:54+00:00,10,2026-08-02T09:00:53.696677+00:00,10.91,176,0,0,telegram
footballiapp,493086,49780,sport,2026-08-02T08:49:54+00:00,20,2026-08-02T09:10:01.242434+00:00,20.04,330,0,0,telegram
footballiapp,493086,49780,sport,2026-08-02T08:49:54+00:00,30,2026-08-02T09:20:25.541292+00:00,30.44,454,0,0,telegram
tweetychannel,409493,775496,social_entertainment,2026-08-02T08:52:11+00:00,5,2026-08-02T08:59:43.124060+00:00,7.33,3054,57,1,telegram
tweetychannel,409493,775496,social_entertainment,2026-08-02T08:52:11+00:00,10,2026-08-02T09:03:37.618858+00:00,11.23,4064,66,1,telegram
tweetychannel,409493,775496,social_entertainment,2026-08-02T08:52:11+00:00,20,2026-08-02T09:12:44.650338+00:00,20.35,6079,85,1,telegram
tweetychannel,409493,775496,social_entertainment,2026-08-02T08:52:11+00:00,30,2026-08-02T09:23:09.229903+00:00,30.77,7092,106,1,telegram
tweetychannel,409494,775496,social_entertainment,2026-08-02T08:53:14+00:00,5,2026-08-02T08:59:43.124033+00:00,6.28,3046,77,36,telegram
tweetychannel,409494,775496,social_entertainment,2026-08-02T08:53:14+00:00,10,2026-08-02T09:03:37.618728+00:00,10.18,4060,92,36,telegram
tweetychannel,409494,775496,social_entertainment,2026-08-02T08:53:14+00:00,20,2026-08-02T09:14:03.045211+00:00,20.61,6082,121,36,telegram
tweetychannel,409494,775496,social_entertainment,2026-08-02T08:53:14+00:00,30,2026-08-02T09:24:27.553309+00:00,31.02,7099,150,37,telegram
farsna,454003,1816267,general_news,2026-08-02T08:54:18+00:00,5,2026-08-02T08:59:47.623783+00:00,5.21,1056,0,4,telegram
farsna,454003,1816267,general_news,2026-08-02T08:54:18+00:00,10,2026-08-02T09:05:00.624536+00:00,10.42,1787,0,6,telegram
farsna,454003,1816267,general_news,2026-08-02T08:54:18+00:00,20,2026-08-02T09:15:25.506349+00:00,20.84,2945,0,8,telegram
farsna,454003,1816267,general_news,2026-08-02T08:54:18+00:00,30,2026-08-02T09:25:50.007046+00:00,31.26,3992,0,9,telegram
tweetychannel,409495,775496,social_entertainment,2026-08-02T08:54:20+00:00,5,2026-08-02T08:59:43.123915+00:00,5.18,2039,118,2,telegram
tweetychannel,409495,775496,social_entertainment,2026-08-02T08:54:20+00:00,10,2026-08-02T09:04:56.118037+00:00,10.39,4060,135,36,telegram
tweetychannel,409495,775496,social_entertainment,2026-08-02T08:54:20+00:00,20,2026-08-02T09:15:20.997400+00:00,20.81,6080,161,36,telegram
tweetychannel,409495,775496,social_entertainment,2026-08-02T08:54:20+00:00,30,2026-08-02T09:25:45.544308+00:00,31.22,7104,178,36,telegram
akharinkhabar,623797,1943342,general_news,2026-08-02T08:57:50+00:00,5,2026-08-02T09:03:39.102929+00:00,5.58,3072,0,0,telegram
akharinkhabar,623797,1943342,general_news,2026-08-02T08:57:50+00:00,10,2026-08-02T09:08:51.972538+00:00,10.8,5119,0,0,telegram
akharinkhabar,623797,1943342,general_news,2026-08-02T08:57:50+00:00,20,2026-08-02T09:19:16.508358+00:00,21.21,8187,0,0,telegram
akharinkhabar,623797,1943342,general_news,2026-08-02T08:57:50+00:00,30,2026-08-02T09:28:45.155444+00:00,30.33,10227,0,0,telegram
eghtesadonline,354121,75241,economy,2026-08-02T08:58:35+00:00,5,2026-08-02T09:04:51.638780+00:00,6.14,556,11,2,telegram
eghtesadonline,354121,75241,economy,2026-08-02T08:58:35+00:00,10,2026-08-02T09:08:46.080070+00:00,10.05,769,15,3,telegram
eghtesadonline,354121,75241,economy,2026-08-02T08:58:35+00:00,20,2026-08-02T09:19:10.593636+00:00,20.46,1352,18,3,telegram
eghtesadonline,354121,75241,economy,2026-08-02T08:58:35+00:00,30,2026-08-02T09:30:20.638768+00:00,31.63,1878,20,3,telegram
akharinkhabar,623798,1943342,general_news,2026-08-02T08:58:42+00:00,5,2026-08-02T09:04:57.609747+00:00,6.02,3079,0,0,telegram
akharinkhabar,623798,1943342,general_news,2026-08-02T08:58:42+00:00,10,2026-08-02T09:10:10.036326+00:00,11.24,6135,0,0,telegram
akharinkhabar,623798,1943342,general_news,2026-08-02T08:58:42+00:00,20,2026-08-02T09:19:16.508333+00:00,20.34,8183,0,0,telegram
akharinkhabar,623798,1943342,general_news,2026-08-02T08:58:42+00:00,30,2026-08-02T09:30:26.626468+00:00,31.51,10226,0,0,telegram
tweetychannel,409496,775496,social_entertainment,2026-08-02T08:59:01+00:00,5,2026-08-02T09:04:56.117925+00:00,5.71,2031,9,0,telegram
tweetychannel,409496,775496,social_entertainment,2026-08-02T08:59:01+00:00,10,2026-08-02T09:10:08.574930+00:00,10.92,3051,18,0,telegram
tweetychannel,409496,775496,social_entertainment,2026-08-02T08:59:01+00:00,20,2026-08-02T09:19:15.035032+00:00,20.03,5078,22,0,telegram
tweetychannel,409496,775496,social_entertainment,2026-08-02T08:59:01+00:00,30,2026-08-02T09:30:25.116520+00:00,31.19,6100,25,0,telegram
khabarfouri,555850,4823154,general_news,2026-08-02T08:59:03+00:00,5,2026-08-02T09:04:47.002955+00:00,5.67,2051,0,0,telegram
khabarfouri,555850,4823154,general_news,2026-08-02T08:59:03+00:00,10,2026-08-02T09:09:59.726361+00:00,10.89,3077,0,0,telegram
khabarfouri,555850,4823154,general_news,2026-08-02T08:59:03+00:00,20,2026-08-02T09:20:24.063402+00:00,21.29,6124,0,0,telegram
khabarfouri,555850,4823154,general_news,2026-08-02T08:59:03+00:00,30,2026-08-02T09:30:15.998537+00:00,31.16,8187,0,0,telegram
tweetychannel,409497,775496,social_entertainment,2026-08-02T09:01:01+00:00,5,2026-08-02T09:06:14.285532+00:00,5.01,1026,3,0,telegram
tweetychannel,409497,775496,social_entertainment,2026-08-02T09:01:01+00:00,10,2026-08-02T09:11:26.507340+00:00,10.22,3052,3,0,telegram
tweetychannel,409497,775496,social_entertainment,2026-08-02T09:01:01+00:00,20,2026-08-02T09:21:51.156917+00:00,20.63,5078,3,0,telegram
tweetychannel,409497,775496,social_entertainment,2026-08-02T09:01:01+00:00,30,2026-08-02T09:34:47.604878+00:00,30.5,7104,3,0,telegram
digiato,110988,111087,technology,2026-08-02T09:01:41+00:00,5,2026-08-02T09:07:21.965456+00:00,5.65,630,3,0,telegram
digiato,110988,111087,technology,2026-08-02T09:01:41+00:00,10,2026-08-02T09:12:34.162311+00:00,10.85,998,9,3,telegram
digiato,110988,111087,technology,2026-08-02T09:01:41+00:00,20,2026-08-02T09:22:58.799840+00:00,21.27,1650,14,6,telegram
aa_persian,127795,7935,international_news,2026-08-02T09:02:41+00:00,5,2026-08-02T09:08:53.594407+00:00,5.95,29,0,0,telegram
aa_persian,127795,7935,international_news,2026-08-02T09:02:41+00:00,10,2026-08-02T09:14:05.943003+00:00,11.16,49,0,0,telegram
aa_persian,127795,7935,international_news,2026-08-02T09:02:41+00:00,20,2026-08-02T09:23:12.337787+00:00,20.27,69,0,0,telegram
akharinkhabar,623799,1943342,general_news,2026-08-02T09:02:50+00:00,5,2026-08-02T09:08:51.972423+00:00,5.8,3078,0,0,telegram
akharinkhabar,623799,1943342,general_news,2026-08-02T09:02:50+00:00,10,2026-08-02T09:14:04.503351+00:00,11.01,5124,0,34,telegram
akharinkhabar,623799,1943342,general_news,2026-08-02T09:02:50+00:00,20,2026-08-02T09:23:10.750696+00:00,20.12,7170,0,34,telegram
footballiapp,493087,49780,sport,2026-08-02T09:03:11+00:00,5,2026-08-02T09:08:43.076260+00:00,5.45,139,1,1,telegram
footballiapp,493087,49780,sport,2026-08-02T09:03:11+00:00,10,2026-08-02T09:13:55.445659+00:00,10.66,231,1,1,telegram
footballiapp,493087,49780,sport,2026-08-02T09:03:11+00:00,20,2026-08-02T09:24:20.107744+00:00,21.07,388,1,1,telegram
footballiapp,493087,49780,sport,2026-08-02T09:03:11+00:00,30,2026-08-02T09:35:58.395817+00:00,32.7,487,1,1,telegram
tweetychannel,409498,775496,social_entertainment,2026-08-02T09:03:12+00:00,5,2026-08-02T09:08:50.450998+00:00,5.44,2037,10,1,telegram
tweetychannel,409498,775496,social_entertainment,2026-08-02T09:03:12+00:00,10,2026-08-02T09:14:03.044638+00:00,10.64,4059,14,1,telegram
tweetychannel,409498,775496,social_entertainment,2026-08-02T09:03:12+00:00,20,2026-08-02T09:24:27.553266+00:00,21.05,5083,18,1,telegram
tweetychannel,409498,775496,social_entertainment,2026-08-02T09:03:12+00:00,30,2026-08-02T09:36:05.939924+00:00,32.69,7105,26,1,telegram
farsna,454004,1816267,general_news,2026-08-02T09:03:14+00:00,5,2026-08-02T09:08:55.124398+00:00,5.4,1263,0,8,telegram
farsna,454004,1816267,general_news,2026-08-02T09:03:14+00:00,10,2026-08-02T09:14:07.453396+00:00,10.61,2018,0,9,telegram
farsna,454004,1816267,general_news,2026-08-02T09:03:14+00:00,20,2026-08-02T09:24:32.125814+00:00,21.02,3598,0,9,telegram
farsna,454004,1816267,general_news,2026-08-02T09:03:14+00:00,30,2026-08-02T09:36:10.403191+00:00,32.65,4946,0,9,telegram
tweetychannel,409499,775496,social_entertainment,2026-08-02T09:04:36+00:00,5,2026-08-02T09:10:08.574877+00:00,5.34,2034,49,1,telegram
tweetychannel,409499,775496,social_entertainment,2026-08-02T09:04:36+00:00,10,2026-08-02T09:15:20.997232+00:00,10.54,4056,87,1,telegram
tweetychannel,409499,775496,social_entertainment,2026-08-02T09:04:36+00:00,20,2026-08-02T09:25:45.544267+00:00,20.96,5086,121,1,telegram
tweetychannel,409499,775496,social_entertainment,2026-08-02T09:04:36+00:00,30,2026-08-02T09:36:05.939908+00:00,31.29,7106,156,35,telegram
tweetychannel,409500,775496,social_entertainment,2026-08-02T09:04:37+00:00,5,2026-08-02T09:10:08.574417+00:00,5.32,2035,59,1,telegram
tweetychannel,409500,775496,social_entertainment,2026-08-02T09:04:37+00:00,10,2026-08-02T09:15:20.996371+00:00,10.53,4061,103,1,telegram
tweetychannel,409500,775496,social_entertainment,2026-08-02T09:04:37+00:00,20,2026-08-02T09:25:45.538313+00:00,20.94,6094,149,35,telegram
tweetychannel,409500,775496,social_entertainment,2026-08-02T09:04:37+00:00,30,2026-08-02T09:36:05.939895+00:00,31.27,7113,189,35,telegram
akharinkhabar,623800,1943342,general_news,2026-08-02T09:04:54+00:00,5,2026-08-02T09:10:10.036233+00:00,5.04,2075,0,0,telegram
akharinkhabar,623800,1943342,general_news,2026-08-02T09:04:54+00:00,10,2026-08-02T09:15:22.464997+00:00,10.24,4109,0,0,telegram
akharinkhabar,623800,1943342,general_news,2026-08-02T09:04:54+00:00,20,2026-08-02T09:25:47.040976+00:00,20.66,7168,0,0,telegram
akharinkhabar,623800,1943342,general_news,2026-08-02T09:04:54+00:00,30,2026-08-02T09:36:07.403107+00:00,30.99,9213,0,0,telegram
tweetychannel,409501,775496,social_entertainment,2026-08-02T09:05:35+00:00,5,2026-08-02T09:11:26.507154+00:00,5.65,2038,22,1,telegram
tweetychannel,409501,775496,social_entertainment,2026-08-02T09:05:35+00:00,10,2026-08-02T09:16:38.898270+00:00,10.86,4059,26,1,telegram
tweetychannel,409501,775496,social_entertainment,2026-08-02T09:05:35+00:00,20,2026-08-02T09:27:03.869788+00:00,21.27,6095,38,1,telegram
tweetychannel,409501,775496,social_entertainment,2026-08-02T09:05:35+00:00,30,2026-08-02T09:36:05.939873+00:00,30.3,8116,43,1,telegram
farsna,454005,1816267,general_news,2026-08-02T09:06:48+00:00,5,2026-08-02T09:12:49.155698+00:00,5.74,1020,0,5,telegram
farsna,454005,1816267,general_news,2026-08-02T09:06:48+00:00,10,2026-08-02T09:18:01.356353+00:00,10.94,1606,0,7,telegram
farsna,454005,1816267,general_news,2026-08-02T09:06:48+00:00,20,2026-08-02T09:27:08.299204+00:00,20.05,3578,0,8,telegram
farsna,454005,1816267,general_news,2026-08-02T09:06:48+00:00,30,2026-08-02T09:37:39.705035+00:00,30.39,5225,0,8,telegram
akharinkhabar,623801,1943342,general_news,2026-08-02T09:08:08+00:00,5,2026-08-02T09:14:04.503033+00:00,5.71,3075,0,0,telegram
akharinkhabar,623801,1943342,general_news,2026-08-02T09:08:08+00:00,10,2026-08-02T09:19:16.508208+00:00,10.91,5120,0,0,telegram
akharinkhabar,623801,1943342,general_news,2026-08-02T09:08:08+00:00,20,2026-08-02T09:28:45.155398+00:00,20.03,8179,0,0,telegram
akharinkhabar,623801,1943342,general_news,2026-08-02T09:08:08+00:00,30,2026-08-02T09:38:56.107886+00:00,30.55,10225,0,0,telegram
varzesh3,298698,1296635,sport,2026-08-02T09:09:04+00:00,5,2026-08-02T09:15:15.074913+00:00,6.08,11440,0,0,telegram
varzesh3,298698,1296635,sport,2026-08-02T09:09:04+00:00,10,2026-08-02T09:20:27.084559+00:00,11.28,19738,0,0,telegram
varzesh3,298698,1296635,sport,2026-08-02T09:09:04+00:00,20,2026-08-02T09:30:19.192152+00:00,21.14,31124,0,0,telegram
varzesh3,298698,1296635,sport,2026-08-02T09:09:04+00:00,30,2026-08-02T09:40:06.529951+00:00,30.94,41367,0,0,telegram
akharinkhabar,623802,1943342,general_news,2026-08-02T09:09:27+00:00,5,2026-08-02T09:15:22.464588+00:00,5.69,2066,0,0,telegram
akharinkhabar,623802,1943342,general_news,2026-08-02T09:09:27+00:00,10,2026-08-02T09:20:34.570886+00:00,10.89,5119,0,0,telegram
akharinkhabar,623802,1943342,general_news,2026-08-02T09:09:27+00:00,20,2026-08-02T09:30:26.626438+00:00,20.76,8182,0,0,telegram
akharinkhabar,623802,1943342,general_news,2026-08-02T09:09:27+00:00,30,2026-08-02T09:41:05.077883+00:00,30.55,10232,0,0,telegram
eghtesadonline,354122,75241,economy,2026-08-02T09:09:44+00:00,5,2026-08-02T09:15:16.556844+00:00,5.41,587,3,3,telegram
eghtesadonline,354122,75241,economy,2026-08-02T09:09:44+00:00,10,2026-08-02T09:20:28.553205+00:00,10.61,926,4,3,telegram
eghtesadonline,354122,75241,economy,2026-08-02T09:09:44+00:00,20,2026-08-02T09:30:20.638758+00:00,20.48,1448,6,5,telegram
eghtesadonline,354122,75241,economy,2026-08-02T09:09:44+00:00,30,2026-08-02T09:40:07.973571+00:00,30.27,1729,10,5,telegram
tweetychannel,409502,775496,social_entertainment,2026-08-02T09:11:06+00:00,5,2026-08-02T09:16:38.898103+00:00,5.35,2033,27,1,telegram
tweetychannel,409502,775496,social_entertainment,2026-08-02T09:11:06+00:00,10,2026-08-02T09:21:51.156890+00:00,10.55,4057,48,1,telegram
tweetychannel,409502,775496,social_entertainment,2026-08-02T09:11:06+00:00,20,2026-08-02T09:34:47.603642+00:00,20.42,7106,73,35,telegram
tweetychannel,409502,775496,social_entertainment,2026-08-02T09:11:06+00:00,30,2026-08-02T09:42:47.583835+00:00,31.05,8124,81,35,telegram
tweetychannel,409503,775496,social_entertainment,2026-08-02T09:12:10+00:00,5,2026-08-02T09:17:56.880187+00:00,5.57,2035,110,0,telegram
tweetychannel,409503,775496,social_entertainment,2026-08-02T09:12:10+00:00,10,2026-08-02T09:23:09.229257+00:00,10.78,4065,142,34,telegram
tweetychannel,409503,775496,social_entertainment,2026-08-02T09:12:10+00:00,30,2026-08-02T09:44:05.379658+00:00,31.72,8130,239,34,telegram
eghtesadonline,354123,75241,economy,2026-08-02T09:12:57+00:00,5,2026-08-02T09:19:10.593542+00:00,6.09,462,0,1,telegram
eghtesadonline,354123,75241,economy,2026-08-02T09:12:57+00:00,10,2026-08-02T09:24:23.071827+00:00,11.3,927,0,2,telegram
eghtesadonline,354123,75241,economy,2026-08-02T09:12:57+00:00,20,2026-08-02T09:36:01.457595+00:00,22.94,1418,1,3,telegram
eghtesadonline,354123,75241,economy,2026-08-02T09:12:57+00:00,30,2026-08-02T09:44:00.941111+00:00,30.94,1638,1,3,telegram
eghtesadonline,354124,75241,economy,2026-08-02T09:15:01+00:00,5,2026-08-02T09:20:28.552769+00:00,5.33,432,0,0,telegram
eghtesadonline,354124,75241,economy,2026-08-02T09:15:01+00:00,10,2026-08-02T09:25:41.153001+00:00,10.54,864,0,0,telegram
eghtesadonline,354124,75241,economy,2026-08-02T09:15:01+00:00,20,2026-08-02T09:36:01.457200+00:00,20.87,1325,1,0,telegram
eghtesadonline,354124,75241,economy,2026-08-02T09:15:01+00:00,30,2026-08-02T09:45:19.600737+00:00,30.17,1635,1,0,telegram
thezoomit,98227,129324,technology,2026-08-02T09:15:04+00:00,5,2026-08-02T09:20:21.014112+00:00,5.28,781,12,8,telegram
thezoomit,98227,129324,technology,2026-08-02T09:15:04+00:00,10,2026-08-02T09:25:33.676144+00:00,10.49,1153,16,8,telegram
thezoomit,98227,129324,technology,2026-08-02T09:15:04+00:00,20,2026-08-02T09:35:53.645737+00:00,20.82,1803,21,10,telegram
thezoomit,98227,129324,technology,2026-08-02T09:15:04+00:00,30,2026-08-02T09:45:11.385010+00:00,30.12,2239,26,12,telegram
thezoomit,98228,129324,technology,2026-08-02T09:15:04+00:00,5,2026-08-02T09:20:21.013603+00:00,5.28,689,0,8,telegram
thezoomit,98228,129324,technology,2026-08-02T09:15:04+00:00,10,2026-08-02T09:25:33.675276+00:00,10.49,1153,0,8,telegram
thezoomit,98228,129324,technology,2026-08-02T09:15:04+00:00,20,2026-08-02T09:35:53.645717+00:00,20.82,1896,0,10,telegram
thezoomit,98228,129324,technology,2026-08-02T09:15:04+00:00,30,2026-08-02T09:45:11.384826+00:00,30.12,2394,0,12,telegram
akharinkhabar,623803,1943342,general_news,2026-08-02T09:15:42+00:00,5,2026-08-02T09:21:52.763471+00:00,5.95,3076,0,0,telegram
akharinkhabar,623803,1943342,general_news,2026-08-02T09:15:42+00:00,10,2026-08-02T09:27:05.358161+00:00,11.15,5108,0,1,telegram
akharinkhabar,623803,1943342,general_news,2026-08-02T09:15:42+00:00,20,2026-08-02T09:36:07.402995+00:00,20.19,8167,0,1,telegram
akharinkhabar,623803,1943342,general_news,2026-08-02T09:15:42+00:00,30,2026-08-02T09:46:48.087703+00:00,30.81,10214,0,1,telegram
tweetychannel,409504,775496,social_entertainment,2026-08-02T09:16:21+00:00,5,2026-08-02T09:21:51.156162+00:00,5.3,2039,43,1,telegram
tweetychannel,409504,775496,social_entertainment,2026-08-02T09:16:21+00:00,10,2026-08-02T09:27:03.869235+00:00,10.5,3061,53,1,telegram
tweetychannel,409504,775496,social_entertainment,2026-08-02T09:16:21+00:00,20,2026-08-02T09:37:31.504743+00:00,20.84,6104,79,1,telegram
tweetychannel,409504,775496,social_entertainment,2026-08-02T09:16:21+00:00,30,2026-08-02T09:46:45.966877+00:00,30.16,8120,81,1,telegram
farsna,454006,1816267,general_news,2026-08-02T09:16:44+00:00,5,2026-08-02T09:23:13.860271+00:00,6.22,2031,0,87,telegram
farsna,454006,1816267,general_news,2026-08-02T09:16:44+00:00,10,2026-08-02T09:27:08.298704+00:00,10.12,2696,0,109,telegram
farsna,454006,1816267,general_news,2026-08-02T09:16:44+00:00,20,2026-08-02T09:37:39.704620+00:00,20.46,4671,0,151,telegram
farsna,454006,1816267,general_news,2026-08-02T09:16:44+00:00,30,2026-08-02T09:48:19.398306+00:00,31.14,6008,0,164,telegram
akharinkhabar,623804,1943342,general_news,2026-08-02T09:17:25+00:00,5,2026-08-02T09:23:10.750224+00:00,5.53,3073,0,0,telegram
akharinkhabar,623804,1943342,general_news,2026-08-02T09:17:25+00:00,10,2026-08-02T09:28:45.154880+00:00,10.74,5125,0,0,telegram
akharinkhabar,623804,1943342,general_news,2026-08-02T09:17:25+00:00,20,2026-08-02T09:38:56.107817+00:00,21.27,8189,0,0,telegram
akharinkhabar,623804,1943342,general_news,2026-08-02T09:17:25+00:00,30,2026-08-02T09:48:16.080063+00:00,30.46,11228,0,0,telegram
eghtesadonline,354125,75241,economy,2026-08-02T09:18:16+00:00,5,2026-08-02T09:24:23.071299+00:00,5.98,620,12,9,telegram
eghtesadonline,354125,75241,economy,2026-08-02T09:18:16+00:00,10,2026-08-02T09:30:20.638557+00:00,11.94,989,14,12,telegram
eghtesadonline,354125,75241,economy,2026-08-02T09:18:16+00:00,20,2026-08-02T09:38:50.061356+00:00,20.42,1361,20,15,telegram
eghtesadonline,354125,75241,economy,2026-08-02T09:18:16+00:00,30,2026-08-02T09:49:28.127758+00:00,31.08,1666,22,17,telegram
akharinkhabar,623805,1943342,general_news,2026-08-02T09:18:43+00:00,5,2026-08-02T09:24:29.073017+00:00,5.53,3065,0,0,telegram
akharinkhabar,623805,1943342,general_news,2026-08-02T09:18:43+00:00,10,2026-08-02T09:30:26.626112+00:00,11.49,5114,0,0,telegram
akharinkhabar,623805,1943342,general_news,2026-08-02T09:18:43+00:00,20,2026-08-02T09:41:05.077500+00:00,21.29,8180,0,0,telegram
akharinkhabar,623805,1943342,general_news,2026-08-02T09:18:43+00:00,30,2026-08-02T09:49:33.938712+00:00,30.63,11224,0,0,telegram
tweetychannel,409505,775496,social_entertainment,2026-08-02T09:19:15+00:00,5,2026-08-02T09:24:27.552751+00:00,5.0,1028,38,37,telegram
tweetychannel,409505,775496,social_entertainment,2026-08-02T09:19:15+00:00,10,2026-08-02T09:30:25.116422+00:00,10.96,3065,55,105,telegram
tweetychannel,409505,775496,social_entertainment,2026-08-02T09:19:15+00:00,20,2026-08-02T09:41:03.471449+00:00,20.75,6107,68,140,telegram
tweetychannel,409505,775496,social_entertainment,2026-08-02T09:19:15+00:00,30,2026-08-02T09:49:32.505813+00:00,30.09,8128,78,175,telegram
digiato,110989,111087,technology,2026-08-02T09:20:18+00:00,5,2026-08-02T09:25:35.220408+00:00,5.26,692,11,60,telegram
digiato,110989,111087,technology,2026-08-02T09:20:18+00:00,10,2026-08-02T09:34:35.413498+00:00,11.22,1343,28,108,telegram
digiato,110989,111087,technology,2026-08-02T09:20:18+00:00,20,2026-08-02T09:42:12.192444+00:00,21.85,1777,38,127,telegram
digiato,110989,111087,technology,2026-08-02T09:20:18+00:00,30,2026-08-02T09:50:39.879615+00:00,30.33,2397,44,147,telegram
varzesh3,298699,1296635,sport,2026-08-02T09:24:01+00:00,5,2026-08-02T09:30:19.191921+00:00,6.19,11353,0,0,telegram
varzesh3,298699,1296635,sport,2026-08-02T09:24:01+00:00,10,2026-08-02T09:35:59.992143+00:00,11.87,18532,0,0,telegram
varzesh3,298699,1296635,sport,2026-08-02T09:24:01+00:00,20,2026-08-02T09:45:17.981247+00:00,21.17,27805,0,34,telegram
varzesh3,298699,1296635,sport,2026-08-02T09:24:01+00:00,30,2026-08-02T09:55:45.172279+00:00,31.63,39172,0,34,telegram
khabarfouri,555851,4823154,general_news,2026-08-02T09:24:26+00:00,5,2026-08-02T09:30:15.997956+00:00,5.78,3087,0,1,telegram
khabarfouri,555851,4823154,general_news,2026-08-02T09:24:26+00:00,10,2026-08-02T09:35:56.764924+00:00,11.45,6142,0,1,telegram
khabarfouri,555851,4823154,general_news,2026-08-02T09:24:26+00:00,20,2026-08-02T09:45:14.588771+00:00,20.75,8176,0,1,telegram
khabarfouri,555851,4823154,general_news,2026-08-02T09:24:26+00:00,30,2026-08-02T09:55:42.204875+00:00,31.22,10217,0,1,telegram
eghtesadonline,354126,75241,economy,2026-08-02T09:27:01+00:00,10,2026-08-02T09:37:24.856668+00:00,10.18,713,1,3,telegram
eghtesadonline,354126,75241,economy,2026-08-02T09:27:01+00:00,20,2026-08-02T09:48:09.838713+00:00,20.86,1082,2,3,telegram
eghtesadonline,354126,75241,economy,2026-08-02T09:27:01+00:00,30,2026-08-02T09:58:36.227254+00:00,31.26,1455,3,3,telegram
footballiapp,493088,49780,sport,2026-08-02T09:27:59+00:00,5,2026-08-02T09:35:58.395491+00:00,7.9,132,0,0,telegram
footballiapp,493088,49780,sport,2026-08-02T09:27:59+00:00,10,2026-08-02T09:38:46.104390+00:00,10.7,153,0,0,telegram
footballiapp,493088,49780,sport,2026-08-02T09:27:59+00:00,20,2026-08-02T09:49:25.245499+00:00,21.36,270,1,0,telegram
footballiapp,493088,49780,sport,2026-08-02T09:27:59+00:00,30,2026-08-02T09:58:31.043530+00:00,30.29,388,1,0,telegram
khabarfouri,555852,4823154,general_news,2026-08-02T09:27:59+00:00,5,2026-08-02T09:35:56.764906+00:00,7.9,3077,0,0,telegram
khabarfouri,555852,4823154,general_news,2026-08-02T09:27:59+00:00,10,2026-08-02T09:38:44.636516+00:00,10.7,4091,0,0,telegram
khabarfouri,555852,4823154,general_news,2026-08-02T09:27:59+00:00,20,2026-08-02T09:49:23.806761+00:00,21.36,8141,0,0,telegram
khabarfouri,555852,4823154,general_news,2026-08-02T09:27:59+00:00,30,2026-08-02T09:58:28.479530+00:00,30.29,10179,0,0,telegram
tweetychannel,409506,775496,social_entertainment,2026-08-02T09:28:01+00:00,5,2026-08-02T09:36:05.939827+00:00,7.87,3051,10,0,telegram
tweetychannel,409506,775496,social_entertainment,2026-08-02T09:28:01+00:00,10,2026-08-02T09:38:54.549764+00:00,10.67,4063,10,0,telegram
tweetychannel,409506,775496,social_entertainment,2026-08-02T09:28:01+00:00,20,2026-08-02T09:49:32.505801+00:00,21.33,7100,12,0,telegram
tweetychannel,409506,775496,social_entertainment,2026-08-02T09:28:01+00:00,30,2026-08-02T09:58:44.404830+00:00,30.26,8119,14,0,telegram
tweetychannel,409507,775496,social_entertainment,2026-08-02T09:29:05+00:00,5,2026-08-02T09:36:05.939750+00:00,6.8,3047,33,1,telegram
tweetychannel,409507,775496,social_entertainment,2026-08-02T09:29:05+00:00,10,2026-08-02T09:41:03.471047+00:00,10.92,4071,48,1,telegram
tweetychannel,409507,775496,social_entertainment,2026-08-02T09:29:05+00:00,20,2026-08-02T09:49:32.505786+00:00,20.26,7100,60,1,telegram
tweetychannel,409507,775496,social_entertainment,2026-08-02T09:29:05+00:00,30,2026-08-02T10:00:10.333330+00:00,30.88,8121,67,1,telegram
persiantwix,9538,1049188,entertainment,2026-08-02T09:30:00+00:00,5,2026-08-02T09:36:04.472320+00:00,5.89,2154,202,28,telegram
persiantwix,9538,1049188,entertainment,2026-08-02T09:30:00+00:00,10,2026-08-02T09:40:10.871713+00:00,10.0,3077,275,39,telegram
persiantwix,9538,1049188,entertainment,2026-08-02T09:30:00+00:00,20,2026-08-02T09:50:51.381486+00:00,20.63,4593,416,49,telegram
persiantwix,9538,1049188,entertainment,2026-08-02T09:30:00+00:00,30,2026-08-02T10:01:31.410958+00:00,31.27,5819,517,59,telegram
thezoomit,98229,129324,technology,2026-08-02T09:30:03+00:00,5,2026-08-02T09:35:53.644742+00:00,5.84,739,5,6,telegram
thezoomit,98229,129324,technology,2026-08-02T09:30:03+00:00,10,2026-08-02T09:42:10.343009+00:00,12.1,1330,13,12,telegram
thezoomit,98229,129324,technology,2026-08-02T09:30:03+00:00,20,2026-08-02T09:50:38.329900+00:00,20.58,1832,17,12,telegram
thezoomit,98229,129324,technology,2026-08-02T09:30:03+00:00,30,2026-08-02T10:01:17.140120+00:00,31.22,2384,24,12,telegram
khabarfouri,555853,4823154,general_news,2026-08-02T09:30:10+00:00,5,2026-08-02T09:35:56.764820+00:00,5.72,3061,0,0,telegram
khabarfouri,555853,4823154,general_news,2026-08-02T09:30:10+00:00,10,2026-08-02T09:42:13.929860+00:00,11.99,6103,0,0,telegram
khabarfouri,555853,4823154,general_news,2026-08-02T09:30:10+00:00,20,2026-08-02T09:50:41.283423+00:00,20.47,8138,0,0,telegram
khabarfouri,555853,4823154,general_news,2026-08-02T09:30:10+00:00,30,2026-08-02T10:01:21.751766+00:00,31.1,10190,0,0,telegram
tweetychannel,409508,775496,social_entertainment,2026-08-02T09:31:07+00:00,5,2026-08-02T09:37:31.504099+00:00,6.08,2037,55,1,telegram
tweetychannel,409508,775496,social_entertainment,2026-08-02T09:31:07+00:00,10,2026-08-02T09:42:47.583790+00:00,11.04,4065,75,1,telegram
tweetychannel,409508,775496,social_entertainment,2026-08-02T09:31:07+00:00,20,2026-08-02T09:52:10.547714+00:00,20.86,7096,95,36,telegram
tweetychannel,409508,775496,social_entertainment,2026-08-02T09:31:07+00:00,30,2026-08-02T10:01:33.599776+00:00,30.15,8114,103,36,telegram
khabarfouri,555854,4823154,general_news,2026-08-02T09:31:44+00:00,5,2026-08-02T09:37:18.170254+00:00,5.46,3058,0,0,telegram
khabarfouri,555854,4823154,general_news,2026-08-02T09:31:44+00:00,10,2026-08-02T09:42:13.929538+00:00,10.42,5090,0,0,telegram
khabarfouri,555854,4823154,general_news,2026-08-02T09:31:44+00:00,20,2026-08-02T09:52:01.945295+00:00,20.24,8132,0,0,telegram
khabarfouri,555854,4823154,general_news,2026-08-02T09:31:44+00:00,30,2026-08-02T10:02:45.478552+00:00,30.93,10183,0,0,telegram
akharinkhabar,623806,1943342,general_news,2026-08-02T09:32:37+00:00,5,2026-08-02T09:38:56.107505+00:00,6.07,3064,0,0,telegram
akharinkhabar,623806,1943342,general_news,2026-08-02T09:32:37+00:00,10,2026-08-02T09:44:06.806746+00:00,11.27,5099,0,0,telegram
akharinkhabar,623806,1943342,general_news,2026-08-02T09:32:37+00:00,20,2026-08-02T09:54:34.822345+00:00,20.65,8162,0,0,telegram
akharinkhabar,623806,1943342,general_news,2026-08-02T09:32:37+00:00,30,2026-08-02T10:03:10.118798+00:00,30.05,11200,0,0,telegram
farsna,454007,1816267,general_news,2026-08-02T09:32:49+00:00,5,2026-08-02T09:38:59.014959+00:00,5.87,1331,0,10,telegram
farsna,454007,1816267,general_news,2026-08-02T09:32:49+00:00,10,2026-08-02T09:44:09.800804+00:00,11.07,2350,0,10,telegram
farsna,454007,1816267,general_news,2026-08-02T09:32:49+00:00,20,2026-08-02T09:54:37.743797+00:00,20.45,4011,0,10,telegram
farsna,454007,1816267,general_news,2026-08-02T09:32:49+00:00,30,2026-08-02T10:04:34.878188+00:00,31.44,5008,0,10,telegram
tweetychannel,409510,775496,social_entertainment,2026-08-02T09:35:01+00:00,5,2026-08-02T09:42:47.583431+00:00,7.14,3042,4,0,telegram
tweetychannel,409510,775496,social_entertainment,2026-08-02T09:35:01+00:00,10,2026-08-02T09:45:24.449113+00:00,10.17,3048,4,0,telegram
tweetychannel,409510,775496,social_entertainment,2026-08-02T09:35:01+00:00,20,2026-08-02T09:55:50.977821+00:00,20.63,6090,6,0,telegram
tweetychannel,409510,775496,social_entertainment,2026-08-02T09:35:01+00:00,30,2026-08-02T10:05:48.707251+00:00,30.58,8114,7,0,telegram
aa_persian,127796,7935,international_news,2026-08-02T09:35:04+00:00,5,2026-08-02T09:42:50.535076+00:00,7.09,34,0,0,telegram
aa_persian,127796,7935,international_news,2026-08-02T09:35:04+00:00,10,2026-08-02T09:45:27.484651+00:00,10.12,39,0,0,telegram
aa_persian,127796,7935,international_news,2026-08-02T09:35:04+00:00,20,2026-08-02T09:55:53.884487+00:00,20.58,56,0,0,telegram
aa_persian,127796,7935,international_news,2026-08-02T09:35:04+00:00,30,2026-08-02T10:05:51.554379+00:00,30.53,77,0,0,telegram
akharinkhabar,623807,1943342,general_news,2026-08-02T09:36:17+00:00,5,2026-08-02T09:42:49.086792+00:00,5.87,3060,0,0,telegram
akharinkhabar,623807,1943342,general_news,2026-08-02T09:36:17+00:00,10,2026-08-02T09:46:48.087591+00:00,10.22,4100,0,0,telegram
akharinkhabar,623807,1943342,general_news,2026-08-02T09:36:17+00:00,20,2026-08-02T09:57:12.359524+00:00,20.66,9176,0,1,telegram
akharinkhabar,623807,1943342,general_news,2026-08-02T09:36:17+00:00,30,2026-08-02T10:07:20.851138+00:00,30.62,12232,0,1,telegram
farsna,454008,1816267,general_news,2026-08-02T09:37:59+00:00,5,2026-08-02T09:44:09.800531+00:00,5.9,1350,0,0,telegram
farsna,454008,1816267,general_news,2026-08-02T09:37:59+00:00,10,2026-08-02T09:49:36.860589+00:00,11.36,2367,0,10,telegram
farsna,454008,1816267,general_news,2026-08-02T09:37:59+00:00,20,2026-08-02T09:58:56.439957+00:00,20.29,3693,0,10,telegram
farsna,454008,1816267,general_news,2026-08-02T09:37:59+00:00,30,2026-08-02T10:08:41.815452+00:00,30.43,4685,0,10,telegram
tweetychannel,409511,775496,social_entertainment,2026-08-02T09:38:12+00:00,5,2026-08-02T09:44:05.379212+00:00,5.69,2041,63,2,telegram
tweetychannel,409511,775496,social_entertainment,2026-08-02T09:38:12+00:00,10,2026-08-02T09:49:32.505461+00:00,11.14,4069,82,36,telegram
tweetychannel,409511,775496,social_entertainment,2026-08-02T09:38:12+00:00,20,2026-08-02T09:58:44.404799+00:00,20.08,7099,121,36,telegram
tweetychannel,409511,775496,social_entertainment,2026-08-02T09:38:12+00:00,30,2026-08-02T10:08:37.372474+00:00,30.22,8121,144,70,telegram
thezoomit,98230,129324,technology,2026-08-02T09:39:26+00:00,5,2026-08-02T09:45:11.383977+00:00,5.75,783,16,2,telegram
thezoomit,98230,129324,technology,2026-08-02T09:39:26+00:00,10,2026-08-02T09:50:38.328888+00:00,11.2,1156,25,2,telegram
thezoomit,98230,129324,technology,2026-08-02T09:39:26+00:00,20,2026-08-02T09:59:58.001538+00:00,20.53,1830,36,4,telegram
thezoomit,98230,129324,technology,2026-08-02T09:39:26+00:00,30,2026-08-02T10:09:43.332317+00:00,30.28,2272,39,4,telegram
digiato,110990,111087,technology,2026-08-02T09:40:12+00:00,5,2026-08-02T09:46:32.478257+00:00,6.31,898,35,8,telegram
digiato,110990,111087,technology,2026-08-02T09:40:12+00:00,10,2026-08-02T09:50:39.879182+00:00,10.43,1187,42,8,telegram
digiato,110990,111087,technology,2026-08-02T09:40:12+00:00,20,2026-08-02T10:01:19.561588+00:00,21.07,1744,62,11,telegram
digiato,110990,111087,technology,2026-08-02T09:40:12+00:00,30,2026-08-02T10:11:02.614385+00:00,30.81,2248,79,12,telegram
varzesh3,298700,1296635,sport,2026-08-02T09:45:15+00:00,5,2026-08-02T09:50:47.015014+00:00,5.38,10355,0,69,telegram
varzesh3,298700,1296635,sport,2026-08-02T09:45:15+00:00,10,2026-08-02T09:55:45.172253+00:00,10.4,15519,0,103,telegram
varzesh3,298700,1296635,sport,2026-08-02T09:45:15+00:00,20,2026-08-02T10:05:42.497474+00:00,20.35,29971,0,205,telegram
varzesh3,298700,1296635,sport,2026-08-02T09:45:15+00:00,30,2026-08-02T10:16:23.436645+00:00,31.04,41330,0,273,telegram
varzesh3,298701,1296635,sport,2026-08-02T09:45:15+00:00,5,2026-08-02T09:50:47.014717+00:00,5.38,9310,0,69,telegram
varzesh3,298701,1296635,sport,2026-08-02T09:45:15+00:00,10,2026-08-02T09:55:45.171821+00:00,10.4,15527,0,103,telegram
varzesh3,298701,1296635,sport,2026-08-02T09:45:15+00:00,20,2026-08-02T10:05:42.497050+00:00,20.35,31009,0,205,telegram
varzesh3,298701,1296635,sport,2026-08-02T09:45:15+00:00,30,2026-08-02T10:16:23.436351+00:00,31.04,43384,0,273,telegram
akharinkhabar,623808,1943342,general_news,2026-08-02T09:45:52+00:00,5,2026-08-02T09:52:11.949162+00:00,6.11,3055,0,0,telegram
akharinkhabar,623808,1943342,general_news,2026-08-02T09:45:52+00:00,10,2026-08-02T09:57:12.358588+00:00,11.08,5099,0,0,telegram
akharinkhabar,623808,1943342,general_news,2026-08-02T09:45:52+00:00,20,2026-08-02T10:07:20.851089+00:00,21.04,9164,0,0,telegram
akharinkhabar,623808,1943342,general_news,2026-08-02T09:45:52+00:00,30,2026-08-02T10:16:30.843693+00:00,30.42,11206,0,0,telegram
tweetychannel,409512,775496,social_entertainment,2026-08-02T09:46:19+00:00,5,2026-08-02T09:52:10.547663+00:00,5.66,3056,35,1,telegram
tweetychannel,409512,775496,social_entertainment,2026-08-02T09:46:19+00:00,10,2026-08-02T09:57:10.386801+00:00,10.63,5075,49,1,telegram
tweetychannel,409512,775496,social_entertainment,2026-08-02T09:46:19+00:00,20,2026-08-02T10:07:18.870666+00:00,20.59,7105,61,1,telegram
tweetychannel,409512,775496,social_entertainment,2026-08-02T09:46:19+00:00,30,2026-08-02T10:17:50.912169+00:00,31.27,8113,76,1,telegram
tweetychannel,409513,775496,social_entertainment,2026-08-02T09:46:39+00:00,5,2026-08-02T09:52:10.547117+00:00,5.33,3054,88,1,telegram
tweetychannel,409513,775496,social_entertainment,2026-08-02T09:46:39+00:00,10,2026-08-02T09:57:10.385084+00:00,10.29,5076,124,1,telegram
tweetychannel,409513,775496,social_entertainment,2026-08-02T09:46:39+00:00,20,2026-08-02T10:07:18.870391+00:00,20.26,7111,155,1,telegram
tweetychannel,409513,775496,social_entertainment,2026-08-02T09:46:39+00:00,30,2026-08-02T10:17:50.912134+00:00,30.93,9126,195,1,telegram
farsna,454009,1816267,general_news,2026-08-02T09:47:01+00:00,5,2026-08-02T09:54:37.743765+00:00,6.25,1693,0,0,telegram
farsna,454009,1816267,general_news,2026-08-02T09:47:01+00:00,10,2026-08-02T09:58:56.439948+00:00,11.26,2355,0,0,telegram
farsna,454009,1816267,general_news,2026-08-02T09:47:01+00:00,20,2026-08-02T10:08:41.815387+00:00,21.4,3364,0,0,telegram
farsna,454009,1816267,general_news,2026-08-02T09:47:01+00:00,30,2026-08-02T10:17:55.379269+00:00,30.57,4053,0,0,telegram
tweetychannel,409514,775496,social_entertainment,2026-08-02T09:47:08+00:00,5,2026-08-02T09:54:33.316363+00:00,6.13,3055,102,36,telegram
tweetychannel,409514,775496,social_entertainment,2026-08-02T09:47:08+00:00,10,2026-08-02T09:58:44.404750+00:00,11.14,5074,126,36,telegram
tweetychannel,409514,775496,social_entertainment,2026-08-02T09:47:08+00:00,20,2026-08-02T10:08:37.372161+00:00,21.28,7116,148,70,telegram
tweetychannel,409514,775496,social_entertainment,2026-08-02T09:47:08+00:00,30,2026-08-02T10:17:50.911758+00:00,30.45,9126,172,70,telegram
farsna,454010,1816267,general_news,2026-08-02T09:48:01+00:00,5,2026-08-02T09:54:37.743663+00:00,5.25,1669,0,0,telegram
farsna,454010,1816267,general_news,2026-08-02T09:48:01+00:00,10,2026-08-02T09:58:56.439935+00:00,10.26,2345,0,0,telegram
farsna,454010,1816267,general_news,2026-08-02T09:48:01+00:00,20,2026-08-02T10:08:41.815196+00:00,20.4,3665,0,0,telegram
farsna,454010,1816267,general_news,2026-08-02T09:48:01+00:00,30,2026-08-02T10:19:12.770602+00:00,30.93,4372,0,0,telegram
farsna,454011,1816267,general_news,2026-08-02T09:49:01+00:00,5,2026-08-02T09:55:55.452708+00:00,6.63,1679,0,0,telegram
farsna,454011,1816267,general_news,2026-08-02T09:49:01+00:00,10,2026-08-02T10:00:14.952470+00:00,10.94,2653,0,0,telegram
farsna,454011,1816267,general_news,2026-08-02T09:49:01+00:00,20,2026-08-02T10:09:59.649794+00:00,20.7,3679,0,0,telegram
farsna,454011,1816267,general_news,2026-08-02T09:49:01+00:00,30,2026-08-02T10:20:30.400182+00:00,31.22,4696,0,0,telegram
aa_persian,127797,7935,international_news,2026-08-02T09:49:36+00:00,5,2026-08-02T09:55:53.883656+00:00,6.05,25,0,0,telegram
aa_persian,127797,7935,international_news,2026-08-02T09:49:36+00:00,10,2026-08-02T10:00:13.245435+00:00,10.36,34,0,0,telegram
aa_persian,127797,7935,international_news,2026-08-02T09:49:36+00:00,20,2026-08-02T10:09:57.975818+00:00,20.12,62,0,0,telegram
aa_persian,127797,7935,international_news,2026-08-02T09:49:36+00:00,30,2026-08-02T10:20:28.955850+00:00,30.63,81,0,0,telegram
khabarfouri,555855,4823154,general_news,2026-08-02T09:49:42+00:00,5,2026-08-02T09:55:42.204582+00:00,5.95,2055,0,0,telegram
khabarfouri,555855,4823154,general_news,2026-08-02T09:49:42+00:00,10,2026-08-02T10:00:00.983226+00:00,10.26,5098,0,0,telegram
khabarfouri,555855,4823154,general_news,2026-08-02T09:49:42+00:00,20,2026-08-02T10:09:46.365777+00:00,20.02,7138,0,0,telegram
khabarfouri,555855,4823154,general_news,2026-08-02T09:49:42+00:00,30,2026-08-02T10:20:17.187387+00:00,30.53,10184,0,0,telegram
footballiapp,493089,49780,sport,2026-08-02T09:50:58+00:00,5,2026-08-02T09:57:02.074722+00:00,5.98,135,0,2,telegram
footballiapp,493089,49780,sport,2026-08-02T09:50:58+00:00,10,2026-08-02T10:01:24.476670+00:00,10.3,196,0,2,telegram
footballiapp,493089,49780,sport,2026-08-02T09:50:58+00:00,20,2026-08-02T10:11:05.590286+00:00,20.05,287,0,3,telegram
footballiapp,493089,49780,sport,2026-08-02T09:50:58+00:00,30,2026-08-02T10:21:36.962893+00:00,30.56,505,0,3,telegram
footballiapp,493090,49780,sport,2026-08-02T09:50:59+00:00,5,2026-08-02T09:57:02.074236+00:00,5.96,135,0,2,telegram
footballiapp,493090,49780,sport,2026-08-02T09:50:59+00:00,10,2026-08-02T10:01:24.476541+00:00,10.29,196,0,2,telegram
footballiapp,493090,49780,sport,2026-08-02T09:50:59+00:00,20,2026-08-02T10:11:05.589846+00:00,20.03,287,0,3,telegram
footballiapp,493090,49780,sport,2026-08-02T09:50:59+00:00,30,2026-08-02T10:21:36.961266+00:00,30.54,505,0,3,telegram
thezoomit,98231,129324,technology,2026-08-02T09:51:17+00:00,5,2026-08-02T09:56:57.005319+00:00,5.66,740,6,1,telegram
thezoomit,98231,129324,technology,2026-08-02T09:51:17+00:00,10,2026-08-02T10:02:40.649586+00:00,11.38,1298,8,1,telegram
thezoomit,98231,129324,technology,2026-08-02T09:51:17+00:00,20,2026-08-02T10:12:18.967389+00:00,21.03,1863,8,4,telegram
thezoomit,98231,129324,technology,2026-08-02T09:51:17+00:00,30,2026-08-02T10:21:32.208743+00:00,30.24,2202,10,7,telegram
thezoomit,98232,129324,technology,2026-08-02T09:51:20+00:00,5,2026-08-02T09:56:57.004286+00:00,5.61,990,22,8,telegram
thezoomit,98232,129324,technology,2026-08-02T09:51:20+00:00,10,2026-08-02T10:02:40.648017+00:00,11.33,1579,34,17,telegram
thezoomit,98232,129324,technology,2026-08-02T09:51:20+00:00,20,2026-08-02T10:12:18.966529+00:00,20.98,2299,44,17,telegram
thezoomit,98232,129324,technology,2026-08-02T09:51:20+00:00,30,2026-08-02T10:21:32.207935+00:00,30.19,2697,48,17,telegram
farsna,454012,1816267,general_news,2026-08-02T09:52:01+00:00,5,2026-08-02T09:58:56.439693+00:00,6.26,2007,0,10,telegram
farsna,454012,1816267,general_news,2026-08-02T09:52:01+00:00,10,2026-08-02T10:03:14.191521+00:00,10.65,2991,0,20,telegram
farsna,454012,1816267,general_news,2026-08-02T09:52:01+00:00,20,2026-08-02T10:12:34.989655+00:00,20.29,4022,0,20,telegram
farsna,454012,1816267,general_news,2026-08-02T09:52:01+00:00,30,2026-08-02T10:23:09.903729+00:00,30.83,5366,0,30,telegram
tweetychannel,409515,775496,social_entertainment,2026-08-02T09:53:11+00:00,5,2026-08-02T09:58:44.404395+00:00,5.09,2035,104,1,telegram
tweetychannel,409515,775496,social_entertainment,2026-08-02T09:53:11+00:00,10,2026-08-02T10:04:28.651851+00:00,11.07,4064,148,1,telegram
tweetychannel,409515,775496,social_entertainment,2026-08-02T09:53:11+00:00,20,2026-08-02T10:13:49.199244+00:00,20.42,7094,207,1,telegram
tweetychannel,409515,775496,social_entertainment,2026-08-02T09:53:11+00:00,30,2026-08-02T10:24:23.976615+00:00,31.0,8103,242,35,telegram
khabarfouri,555856,4823154,general_news,2026-08-02T09:54:38+00:00,5,2026-08-02T10:00:00.982899+00:00,5.33,3053,0,0,telegram
khabarfouri,555856,4823154,general_news,2026-08-02T09:54:38+00:00,10,2026-08-02T10:05:39.365802+00:00,10.97,4088,0,0,telegram
khabarfouri,555856,4823154,general_news,2026-08-02T09:54:38+00:00,20,2026-08-02T10:14:59.482458+00:00,20.28,7140,0,0,telegram
khabarfouri,555856,4823154,general_news,2026-08-02T09:54:38+00:00,30,2026-08-02T10:25:33.933125+00:00,30.86,9186,0,0,telegram
tweetychannel,409516,775496,social_entertainment,2026-08-02T09:55:23+00:00,5,2026-08-02T10:01:33.599608+00:00,5.89,3040,155,35,telegram
tweetychannel,409516,775496,social_entertainment,2026-08-02T09:55:23+00:00,10,2026-08-02T10:05:48.707052+00:00,10.22,4061,187,35,telegram
tweetychannel,409516,775496,social_entertainment,2026-08-02T09:55:23+00:00,20,2026-08-02T10:16:29.366605+00:00,20.9,6084,266,36,telegram
tweetychannel,409516,775496,social_entertainment,2026-08-02T09:55:23+00:00,30,2026-08-02T10:25:43.457887+00:00,30.11,8092,288,36,telegram
akharinkhabar,623809,1943342,general_news,2026-08-02T09:56:09+00:00,5,2026-08-02T10:01:35.378836+00:00,5.12,2052,0,0,telegram
akharinkhabar,623809,1943342,general_news,2026-08-02T09:56:09+00:00,10,2026-08-02T10:07:20.851079+00:00,10.76,4098,0,0,telegram
akharinkhabar,623809,1943342,general_news,2026-08-02T09:56:09+00:00,20,2026-08-02T10:16:30.843558+00:00,20.14,8154,0,0,telegram
akharinkhabar,623809,1943342,general_news,2026-08-02T09:56:09+00:00,30,2026-08-02T10:27:02.702061+00:00,30.67,11203,0,0,telegram
varzesh3,298702,1296635,sport,2026-08-02T09:58:38+00:00,5,2026-08-02T10:04:22.017580+00:00,5.62,14439,0,0,telegram
varzesh3,298702,1296635,sport,2026-08-02T09:58:38+00:00,10,2026-08-02T10:09:49.285109+00:00,11.08,21632,0,34,telegram
varzesh3,298702,1296635,sport,2026-08-02T09:58:38+00:00,20,2026-08-02T10:19:02.715661+00:00,20.31,31990,0,34,telegram
varzesh3,298702,1296635,sport,2026-08-02T09:58:38+00:00,30,2026-08-02T10:29:30.636425+00:00,30.77,42317,0,68,telegram
farsna,454013,1816267,general_news,2026-08-02T09:59:53+00:00,5,2026-08-02T10:05:53.005819+00:00,5.72,1367,0,29,telegram
farsna,454013,1816267,general_news,2026-08-02T09:59:53+00:00,10,2026-08-02T10:11:17.416012+00:00,11.13,2365,0,42,telegram
farsna,454013,1816267,general_news,2026-08-02T09:59:53+00:00,20,2026-08-02T10:20:30.399944+00:00,20.35,3406,0,54,telegram
farsna,454013,1816267,general_news,2026-08-02T09:59:53+00:00,30,2026-08-02T10:30:59.246308+00:00,30.82,4705,0,58,telegram
thezoomit,98233,129324,technology,2026-08-02T10:00:06+00:00,5,2026-08-02T10:05:36.338560+00:00,5.5,875,13,6,telegram
thezoomit,98233,129324,technology,2026-08-02T10:00:06+00:00,10,2026-08-02T10:11:01.142913+00:00,10.91,1374,21,8,telegram
thezoomit,98233,129324,technology,2026-08-02T10:00:06+00:00,20,2026-08-02T10:20:14.263719+00:00,20.13,1990,26,9,telegram
thezoomit,98233,129324,technology,2026-08-02T10:00:06+00:00,30,2026-08-02T10:30:43.199989+00:00,30.61,2517,35,9,telegram
tweetychannel,409517,775496,social_entertainment,2026-08-02T10:00:35+00:00,5,2026-08-02T10:05:48.706572+00:00,5.02,2040,126,2,telegram
tweetychannel,409517,775496,social_entertainment,2026-08-02T10:00:35+00:00,10,2026-08-02T10:11:12.924546+00:00,10.43,4067,216,36,telegram
tweetychannel,409517,775496,social_entertainment,2026-08-02T10:00:35+00:00,20,2026-08-02T10:21:44.863174+00:00,20.94,7122,343,37,telegram
tweetychannel,409517,775496,social_entertainment,2026-08-02T10:00:35+00:00,30,2026-08-02T10:30:54.967183+00:00,30.12,9132,401,71,telegram
tweetychannel,409518,775496,social_entertainment,2026-08-02T10:01:01+00:00,5,2026-08-02T10:07:18.869127+00:00,5.89,1024,1,0,telegram
tweetychannel,409518,775496,social_entertainment,2026-08-02T10:01:01+00:00,10,2026-08-02T10:12:30.605211+00:00,11.29,2032,4,0,telegram
tweetychannel,409518,775496,social_entertainment,2026-08-02T10:01:01+00:00,20,2026-08-02T10:21:44.862961+00:00,20.51,4044,4,0,telegram
tweetychannel,409518,775496,social_entertainment,2026-08-02T10:01:01+00:00,30,2026-08-02T10:32:18.159005+00:00,30.99,5052,5,0,telegram
akharinkhabar,623810,1943342,general_news,2026-08-02T10:01:44+00:00,5,2026-08-02T10:07:20.850884+00:00,5.17,2059,0,0,telegram
akharinkhabar,623810,1943342,general_news,2026-08-02T10:01:44+00:00,10,2026-08-02T10:12:32.027921+00:00,10.58,4093,0,0,telegram
akharinkhabar,623810,1943342,general_news,2026-08-02T10:01:44+00:00,20,2026-08-02T10:23:05.367404+00:00,21.11,9157,0,0,telegram
akharinkhabar,623810,1943342,general_news,2026-08-02T10:01:44+00:00,30,2026-08-02T10:32:19.600004+00:00,30.27,11188,0,0,telegram
tweetychannel,409519,775496,social_entertainment,2026-08-02T10:03:08+00:00,5,2026-08-02T10:08:37.370364+00:00,5.28,2039,174,2,telegram
tweetychannel,409519,775496,social_entertainment,2026-08-02T10:03:08+00:00,10,2026-08-02T10:13:49.199214+00:00,10.47,4063,317,36,telegram
tweetychannel,409519,775496,social_entertainment,2026-08-02T10:03:08+00:00,20,2026-08-02T10:24:23.976283+00:00,21.05,7118,440,71,telegram
tweetychannel,409519,775496,social_entertainment,2026-08-02T10:03:08+00:00,30,2026-08-02T10:33:39.460122+00:00,30.26,9131,502,71,telegram
digiato,110991,111087,technology,2026-08-02T10:04:16+00:00,5,2026-08-02T10:09:44.857696+00:00,5.45,566,4,3,telegram
digiato,110991,111087,technology,2026-08-02T10:04:16+00:00,10,2026-08-02T10:14:57.557799+00:00,10.65,915,4,7,telegram
digiato,110991,111087,technology,2026-08-02T10:04:16+00:00,20,2026-08-02T10:25:32.374029+00:00,21.23,1651,10,11,telegram
digiato,110991,111087,technology,2026-08-02T10:04:16+00:00,30,2026-08-02T10:34:48.326273+00:00,30.51,2082,14,11,telegram
digiato,110992,111087,technology,2026-08-02T10:04:16+00:00,5,2026-08-02T10:09:44.857682+00:00,5.45,562,0,2,telegram
digiato,110992,111087,technology,2026-08-02T10:04:16+00:00,10,2026-08-02T10:14:57.557791+00:00,10.65,911,0,7,telegram
digiato,110992,111087,technology,2026-08-02T10:04:16+00:00,20,2026-08-02T10:25:32.374013+00:00,21.23,1682,0,11,telegram
digiato,110992,111087,technology,2026-08-02T10:04:16+00:00,30,2026-08-02T10:34:48.326257+00:00,30.51,2113,0,11,telegram
digiato,110993,111087,technology,2026-08-02T10:04:16+00:00,5,2026-08-02T10:09:44.857653+00:00,5.45,628,0,2,telegram
digiato,110993,111087,technology,2026-08-02T10:04:16+00:00,10,2026-08-02T10:14:57.557784+00:00,10.65,943,0,8,telegram
digiato,110993,111087,technology,2026-08-02T10:04:16+00:00,20,2026-08-02T10:25:32.373996+00:00,21.23,1713,0,11,telegram
digiato,110993,111087,technology,2026-08-02T10:04:16+00:00,30,2026-08-02T10:34:48.326241+00:00,30.51,2144,0,11,telegram
digiato,110994,111087,technology,2026-08-02T10:04:16+00:00,5,2026-08-02T10:09:44.857637+00:00,5.45,592,0,3,telegram
digiato,110994,111087,technology,2026-08-02T10:04:16+00:00,10,2026-08-02T10:14:57.557775+00:00,10.65,941,0,7,telegram
digiato,110994,111087,technology,2026-08-02T10:04:16+00:00,20,2026-08-02T10:25:32.373936+00:00,21.23,1682,0,11,telegram
digiato,110994,111087,technology,2026-08-02T10:04:16+00:00,30,2026-08-02T10:34:48.326226+00:00,30.51,2174,0,11,telegram
digiato,110995,111087,technology,2026-08-02T10:04:16+00:00,5,2026-08-02T10:09:44.857621+00:00,5.45,625,0,3,telegram
digiato,110995,111087,technology,2026-08-02T10:04:16+00:00,10,2026-08-02T10:14:57.557767+00:00,10.65,941,0,7,telegram
digiato,110995,111087,technology,2026-08-02T10:04:16+00:00,20,2026-08-02T10:25:32.373916+00:00,21.23,1741,0,11,telegram
digiato,110995,111087,technology,2026-08-02T10:04:16+00:00,30,2026-08-02T10:34:48.326211+00:00,30.51,2204,0,11,telegram
digiato,110996,111087,technology,2026-08-02T10:04:16+00:00,5,2026-08-02T10:09:44.857605+00:00,5.45,658,0,2,telegram
digiato,110996,111087,technology,2026-08-02T10:04:16+00:00,10,2026-08-02T10:14:57.557754+00:00,10.65,973,0,7,telegram
digiato,110996,111087,technology,2026-08-02T10:04:16+00:00,20,2026-08-02T10:25:32.373898+00:00,21.23,1773,0,11,telegram
digiato,110996,111087,technology,2026-08-02T10:04:16+00:00,30,2026-08-02T10:34:48.326193+00:00,30.51,2206,0,11,telegram
digiato,110997,111087,technology,2026-08-02T10:04:16+00:00,5,2026-08-02T10:09:44.857587+00:00,5.45,595,0,3,telegram
digiato,110997,111087,technology,2026-08-02T10:04:16+00:00,10,2026-08-02T10:14:57.557704+00:00,10.65,941,0,7,telegram
digiato,110997,111087,technology,2026-08-02T10:04:16+00:00,20,2026-08-02T10:25:32.373875+00:00,21.23,1806,0,11,telegram
digiato,110997,111087,technology,2026-08-02T10:04:16+00:00,30,2026-08-02T10:34:48.326176+00:00,30.51,2300,0,11,telegram
digiato,110998,111087,technology,2026-08-02T10:04:16+00:00,5,2026-08-02T10:09:44.857556+00:00,5.45,624,0,3,telegram
digiato,110998,111087,technology,2026-08-02T10:04:16+00:00,10,2026-08-02T10:14:57.557688+00:00,10.65,941,0,7,telegram
digiato,110998,111087,technology,2026-08-02T10:04:16+00:00,20,2026-08-02T10:25:32.373632+00:00,21.23,1716,0,11,telegram
digiato,110998,111087,technology,2026-08-02T10:04:16+00:00,30,2026-08-02T10:34:48.326154+00:00,30.51,2332,0,11,telegram
digiato,110999,111087,technology,2026-08-02T10:04:16+00:00,5,2026-08-02T10:09:44.857076+00:00,5.45,625,0,2,telegram
digiato,110999,111087,technology,2026-08-02T10:04:16+00:00,10,2026-08-02T10:14:57.555620+00:00,10.65,942,0,7,telegram
digiato,110999,111087,technology,2026-08-02T10:04:16+00:00,20,2026-08-02T10:25:32.373546+00:00,21.23,1807,0,11,telegram
digiato,110999,111087,technology,2026-08-02T10:04:16+00:00,30,2026-08-02T10:34:48.324625+00:00,30.51,2331,0,11,telegram
akharinkhabar,623811,1943342,general_news,2026-08-02T10:04:31+00:00,5,2026-08-02T10:09:56.532083+00:00,5.2,2051,0,0,telegram
akharinkhabar,623811,1943342,general_news,2026-08-02T10:04:31+00:00,10,2026-08-02T10:15:12.394372+00:00,10.4,5088,0,0,telegram
akharinkhabar,623811,1943342,general_news,2026-08-02T10:04:31+00:00,20,2026-08-02T10:25:44.939725+00:00,20.98,9152,0,0,telegram
akharinkhabar,623811,1943342,general_news,2026-08-02T10:04:31+00:00,30,2026-08-02T10:35:00.152315+00:00,30.26,12217,0,0,telegram
eghtesadonline,354127,75241,economy,2026-08-02T10:07:48+00:00,5,2026-08-02T10:13:44.331869+00:00,5.8,582,0,1,telegram
eghtesadonline,354127,75241,economy,2026-08-02T10:07:48+00:00,10,2026-08-02T10:19:04.146223+00:00,11.14,952,0,2,telegram
eghtesadonline,354127,75241,economy,2026-08-02T10:07:48+00:00,20,2026-08-02T10:28:14.297638+00:00,20.31,1445,0,3,telegram
eghtesadonline,354127,75241,economy,2026-08-02T10:07:48+00:00,30,2026-08-02T10:38:52.768854+00:00,30.86,1720,1,3,telegram
tweetychannel,409520,775496,social_entertainment,2026-08-02T10:07:52+00:00,5,2026-08-02T10:13:49.198911+00:00,5.74,3034,109,35,telegram
tweetychannel,409520,775496,social_entertainment,2026-08-02T10:07:52+00:00,10,2026-08-02T10:19:08.402579+00:00,11.08,4046,135,35,telegram
tweetychannel,409520,775496,social_entertainment,2026-08-02T10:07:52+00:00,20,2026-08-02T10:28:18.739679+00:00,20.25,7101,165,35,telegram
tweetychannel,409520,775496,social_entertainment,2026-08-02T10:07:52+00:00,30,2026-08-02T10:39:06.534726+00:00,30.79,9139,181,35,telegram
khabarfouri,555857,4823154,general_news,2026-08-02T10:09:10+00:00,5,2026-08-02T10:14:59.482243+00:00,5.75,3065,0,0,telegram
khabarfouri,555857,4823154,general_news,2026-08-02T10:09:10+00:00,10,2026-08-02T10:20:17.186887+00:00,11.07,5100,0,0,telegram
khabarfouri,555857,4823154,general_news,2026-08-02T10:09:10+00:00,20,2026-08-02T10:29:27.651011+00:00,20.24,7147,0,0,telegram
khabarfouri,555857,4823154,general_news,2026-08-02T10:09:10+00:00,30,2026-08-02T10:40:16.609295+00:00,31.05,9191,0,0,telegram
eghtesadonline,354128,75241,economy,2026-08-02T10:10:01+00:00,5,2026-08-02T10:16:24.902596+00:00,6.27,738,1,0,telegram
eghtesadonline,354128,75241,economy,2026-08-02T10:10:01+00:00,10,2026-08-02T10:20:21.607393+00:00,10.22,1042,1,0,telegram
eghtesadonline,354128,75241,economy,2026-08-02T10:10:01+00:00,20,2026-08-02T10:30:50.733423+00:00,20.69,1596,1,2,telegram
eghtesadonline,354128,75241,economy,2026-08-02T10:10:01+00:00,30,2026-08-02T10:40:21.137790+00:00,30.2,1842,3,2,telegram
eghtesadonline,354129,75241,economy,2026-08-02T10:10:01+00:00,5,2026-08-02T10:16:24.902575+00:00,6.27,737,0,0,telegram
eghtesadonline,354129,75241,economy,2026-08-02T10:10:01+00:00,10,2026-08-02T10:20:21.607237+00:00,10.22,1014,0,0,telegram
eghtesadonline,354129,75241,economy,2026-08-02T10:10:01+00:00,20,2026-08-02T10:30:50.733397+00:00,20.69,1628,0,2,telegram
eghtesadonline,354129,75241,economy,2026-08-02T10:10:01+00:00,30,2026-08-02T10:40:21.137767+00:00,30.2,1876,0,2,telegram
eghtesadonline,354130,75241,economy,2026-08-02T10:10:01+00:00,5,2026-08-02T10:16:24.902550+00:00,6.27,737,0,0,telegram
eghtesadonline,354130,75241,economy,2026-08-02T10:10:01+00:00,10,2026-08-02T10:20:21.607206+00:00,10.22,1044,0,0,telegram
eghtesadonline,354130,75241,economy,2026-08-02T10:10:01+00:00,20,2026-08-02T10:30:50.733351+00:00,20.69,1597,0,2,telegram
eghtesadonline,354130,75241,economy,2026-08-02T10:10:01+00:00,30,2026-08-02T10:40:21.137742+00:00,30.2,1872,0,2,telegram
eghtesadonline,354131,75241,economy,2026-08-02T10:10:01+00:00,5,2026-08-02T10:16:24.902051+00:00,6.27,769,0,0,telegram
eghtesadonline,354131,75241,economy,2026-08-02T10:10:01+00:00,10,2026-08-02T10:20:21.606757+00:00,10.22,1074,0,0,telegram
eghtesadonline,354131,75241,economy,2026-08-02T10:10:01+00:00,20,2026-08-02T10:30:50.732719+00:00,20.69,1627,0,2,telegram
eghtesadonline,354131,75241,economy,2026-08-02T10:10:01+00:00,30,2026-08-02T10:40:21.137305+00:00,30.2,1873,0,2,telegram
thezoomit,98234,129324,technology,2026-08-02T10:10:11+00:00,5,2026-08-02T10:16:17.487751+00:00,6.1,811,9,17,telegram
thezoomit,98234,129324,technology,2026-08-02T10:10:11+00:00,10,2026-08-02T10:20:14.262684+00:00,10.05,1089,13,21,telegram
thezoomit,98234,129324,technology,2026-08-02T10:10:11+00:00,20,2026-08-02T10:30:43.199878+00:00,20.52,1834,24,34,telegram
thezoomit,98234,129324,technology,2026-08-02T10:10:11+00:00,30,2026-08-02T10:40:13.567468+00:00,30.03,2199,27,36,telegram
akharinkhabar,623812,1943342,general_news,2026-08-02T10:10:52+00:00,5,2026-08-02T10:16:30.843073+00:00,5.42,3046,0,0,telegram
akharinkhabar,623812,1943342,general_news,2026-08-02T10:10:52+00:00,10,2026-08-02T10:21:46.554477+00:00,10.66,5084,0,0,telegram
akharinkhabar,623812,1943342,general_news,2026-08-02T10:10:52+00:00,20,2026-08-02T10:32:19.599822+00:00,21.14,9137,0,0,telegram
akharinkhabar,623812,1943342,general_news,2026-08-02T10:10:52+00:00,30,2026-08-02T10:41:54.367186+00:00,30.67,13232,0,0,telegram
eghtesadonline,354132,75241,economy,2026-08-02T10:11:25+00:00,5,2026-08-02T10:17:44.264156+00:00,6.17,770,0,0,telegram
eghtesadonline,354132,75241,economy,2026-08-02T10:11:25+00:00,10,2026-08-02T10:21:40.279865+00:00,10.11,1075,0,0,telegram
eghtesadonline,354132,75241,economy,2026-08-02T10:11:25+00:00,20,2026-08-02T10:32:08.814647+00:00,20.59,1690,0,0,telegram
eghtesadonline,354132,75241,economy,2026-08-02T10:11:25+00:00,30,2026-08-02T10:41:39.357202+00:00,30.12,1968,0,0,telegram
eghtesadonline,354133,75241,economy,2026-08-02T10:11:49+00:00,5,2026-08-02T10:17:44.263616+00:00,5.77,742,8,4,telegram
eghtesadonline,354133,75241,economy,2026-08-02T10:11:49+00:00,10,2026-08-02T10:22:58.756866+00:00,11.03,1139,13,4,telegram
eghtesadonline,354133,75241,economy,2026-08-02T10:11:49+00:00,20,2026-08-02T10:32:08.814601+00:00,20.19,1694,15,4,telegram
eghtesadonline,354133,75241,economy,2026-08-02T10:11:49+00:00,30,2026-08-02T10:43:06.202405+00:00,31.16,2032,15,4,telegram
tweetychannel,409521,775496,social_entertainment,2026-08-02T10:11:56+00:00,5,2026-08-02T10:17:50.911013+00:00,5.65,3019,203,36,telegram
tweetychannel,409521,775496,social_entertainment,2026-08-02T10:11:56+00:00,10,2026-08-02T10:23:03.624059+00:00,10.91,5064,256,36,telegram
tweetychannel,409521,775496,social_entertainment,2026-08-02T10:11:56+00:00,20,2026-08-02T10:32:18.158978+00:00,20.07,7110,328,36,telegram
tweetychannel,409521,775496,social_entertainment,2026-08-02T10:11:56+00:00,30,2026-08-02T10:43:10.619117+00:00,31.04,9123,377,70,telegram
footballiapp,493091,49780,sport,2026-08-02T10:12:02+00:00,5,2026-08-02T10:17:39.863068+00:00,5.55,188,4,1,telegram
footballiapp,493091,49780,sport,2026-08-02T10:12:02+00:00,10,2026-08-02T10:22:55.705599+00:00,10.81,280,5,1,telegram
footballiapp,493091,49780,sport,2026-08-02T10:12:02+00:00,20,2026-08-02T10:33:28.504725+00:00,21.36,439,8,3,telegram
footballiapp,493091,49780,sport,2026-08-02T10:12:02+00:00,30,2026-08-02T10:43:03.308667+00:00,30.94,520,10,3,telegram
tweetychannel,409522,775496,social_entertainment,2026-08-02T10:17:41+00:00,5,2026-08-02T10:23:03.623144+00:00,5.16,2022,94,35,telegram
tweetychannel,409522,775496,social_entertainment,2026-08-02T10:17:41+00:00,10,2026-08-02T10:28:18.739529+00:00,10.43,5070,132,35,telegram
tweetychannel,409522,775496,social_entertainment,2026-08-02T10:17:41+00:00,20,2026-08-02T10:39:06.534308+00:00,20.98,7107,176,69,telegram
tweetychannel,409522,775496,social_entertainment,2026-08-02T10:17:41+00:00,30,2026-08-02T10:48:21.353138+00:00,30.47,8121,197,69,telegram
tweetychannel,409523,775496,social_entertainment,2026-08-02T10:19:08+00:00,5,2026-08-02T10:24:23.973964+00:00,5.05,2023,33,36,telegram
tweetychannel,409523,775496,social_entertainment,2026-08-02T10:19:08+00:00,10,2026-08-02T10:29:36.580064+00:00,10.27,4068,46,36,telegram
tweetychannel,409523,775496,social_entertainment,2026-08-02T10:19:08+00:00,20,2026-08-02T10:40:25.524694+00:00,21.08,7077,54,36,telegram
tweetychannel,409523,775496,social_entertainment,2026-08-02T10:19:08+00:00,30,2026-08-02T10:49:39.747426+00:00,30.32,8093,62,70,telegram
digiato,111000,111087,technology,2026-08-02T10:20:11+00:00,5,2026-08-02T10:25:32.371990+00:00,5.31,933,26,12,telegram
digiato,111000,111087,technology,2026-08-02T10:20:11+00:00,10,2026-08-02T10:30:44.708003+00:00,10.52,1333,37,17,telegram
digiato,111000,111087,technology,2026-08-02T10:20:11+00:00,20,2026-08-02T10:40:15.198350+00:00,20.03,1834,50,17,telegram
digiato,111000,111087,technology,2026-08-02T10:20:11+00:00,30,2026-08-02T10:50:47.902635+00:00,30.59,2487,57,19,telegram
tweetychannel,409524,775496,social_entertainment,2026-08-02T10:21:07+00:00,5,2026-08-02T10:27:01.272533+00:00,5.71,3061,83,2,telegram
tweetychannel,409524,775496,social_entertainment,2026-08-02T10:21:07+00:00,10,2026-08-02T10:32:18.158344+00:00,10.89,4067,100,3,telegram
tweetychannel,409524,775496,social_entertainment,2026-08-02T10:21:07+00:00,20,2026-08-02T10:41:48.422906+00:00,20.42,7079,124,3,telegram
tweetychannel,409524,775496,social_entertainment,2026-08-02T10:21:07+00:00,30,2026-08-02T10:52:15.488402+00:00,30.95,8099,141,3,telegram
khabarfouri,555858,4823154,general_news,2026-08-02T10:21:12+00:00,5,2026-08-02T10:26:52.563459+00:00,5.62,2055,0,0,telegram
khabarfouri,555858,4823154,general_news,2026-08-02T10:21:12+00:00,10,2026-08-02T10:32:03.609257+00:00,10.81,5108,0,0,telegram
khabarfouri,555858,4823154,general_news,2026-08-02T10:21:12+00:00,20,2026-08-02T10:41:35.121443+00:00,20.33,7152,0,0,telegram
khabarfouri,555858,4823154,general_news,2026-08-02T10:21:12+00:00,30,2026-08-02T10:52:06.960352+00:00,30.86,9170,0,0,telegram
khabarfouri,555859,4823154,general_news,2026-08-02T10:22:08+00:00,5,2026-08-02T10:28:09.915900+00:00,5.98,2050,0,0,telegram
khabarfouri,555859,4823154,general_news,2026-08-02T10:22:08+00:00,10,2026-08-02T10:33:26.992763+00:00,11.26,5112,0,0,telegram
khabarfouri,555859,4823154,general_news,2026-08-02T10:22:08+00:00,20,2026-08-02T10:43:01.881759+00:00,20.84,8162,0,0,telegram
khabarfouri,555859,4823154,general_news,2026-08-02T10:22:08+00:00,30,2026-08-02T10:53:24.324334+00:00,31.22,10177,0,0,telegram
thezoomit,98235,129324,technology,2026-08-02T10:23:21+00:00,5,2026-08-02T10:29:24.604966+00:00,6.06,812,6,3,telegram
thezoomit,98235,129324,technology,2026-08-02T10:23:21+00:00,10,2026-08-02T10:33:23.947550+00:00,10.04,1089,11,7,telegram
thezoomit,98235,129324,technology,2026-08-02T10:23:21+00:00,20,2026-08-02T10:44:16.450085+00:00,20.92,1611,12,7,telegram
thezoomit,98235,129324,technology,2026-08-02T10:23:21+00:00,30,2026-08-02T10:53:21.355136+00:00,30.0,2043,15,12,telegram
tweetychannel,409525,775496,social_entertainment,2026-08-02T10:24:59+00:00,5,2026-08-02T10:30:54.966518+00:00,5.72,3058,158,1,telegram
tweetychannel,409525,775496,social_entertainment,2026-08-02T10:24:59+00:00,10,2026-08-02T10:36:16.290999+00:00,11.09,4062,204,1,telegram
tweetychannel,409525,775496,social_entertainment,2026-08-02T10:24:59+00:00,20,2026-08-02T10:45:46.450634+00:00,20.58,7088,252,1,telegram
tweetychannel,409525,775496,social_entertainment,2026-08-02T10:24:59+00:00,30,2026-08-02T10:56:16.566245+00:00,31.09,8099,303,36,telegram
khabarfouri,555860,4823154,general_news,2026-08-02T10:26:12+00:00,5,2026-08-02T10:32:03.607198+00:00,5.81,3069,0,0,telegram
khabarfouri,555860,4823154,general_news,2026-08-02T10:26:12+00:00,10,2026-08-02T10:37:25.023645+00:00,11.16,5125,0,0,telegram
khabarfouri,555860,4823154,general_news,2026-08-02T10:26:12+00:00,20,2026-08-02T10:46:55.043435+00:00,20.67,8156,0,0,telegram
khabarfouri,555860,4823154,general_news,2026-08-02T10:26:12+00:00,30,2026-08-02T10:57:25.309475+00:00,31.17,10175,0,0,telegram
eghtesadonline,354134,75241,economy,2026-08-02T10:26:32+00:00,5,2026-08-02T10:32:08.814069+00:00,5.47,401,0,0,telegram
eghtesadonline,354134,75241,economy,2026-08-02T10:26:32+00:00,10,2026-08-02T10:37:29.572062+00:00,10.83,616,0,0,telegram
eghtesadonline,354134,75241,economy,2026-08-02T10:26:32+00:00,20,2026-08-02T10:46:59.612447+00:00,20.33,924,0,1,telegram
eghtesadonline,354134,75241,economy,2026-08-02T10:26:32+00:00,30,2026-08-02T10:57:29.730917+00:00,30.83,1204,1,2,telegram
tweetychannel,409526,775496,social_entertainment,2026-08-02T10:27:08+00:00,5,2026-08-02T10:33:39.459663+00:00,6.26,2024,57,37,telegram
tweetychannel,409526,775496,social_entertainment,2026-08-02T10:27:08+00:00,10,2026-08-02T10:37:33.975429+00:00,10.23,3059,71,71,telegram
tweetychannel,409526,775496,social_entertainment,2026-08-02T10:27:08+00:00,20,2026-08-02T10:48:21.352568+00:00,21.02,6098,87,73,telegram
tweetychannel,409526,775496,social_entertainment,2026-08-02T10:27:08+00:00,30,2026-08-02T10:57:34.101079+00:00,30.23,8112,101,107,telegram
khabarfouri,555861,4823154,general_news,2026-08-02T10:28:22+00:00,5,2026-08-02T10:33:26.992250+00:00,5.03,2058,0,2,telegram
khabarfouri,555861,4823154,general_news,2026-08-02T10:28:22+00:00,10,2026-08-02T10:38:44.898170+00:00,10.29,5114,0,3,telegram
khabarfouri,555861,4823154,general_news,2026-08-02T10:28:22+00:00,20,2026-08-02T10:49:30.188180+00:00,21.08,9175,0,4,telegram
khabarfouri,555861,4823154,general_news,2026-08-02T10:28:22+00:00,30,2026-08-02T10:58:43.249340+00:00,30.29,11194,0,4,telegram
footballiapp,493092,49780,sport,2026-08-02T10:29:02+00:00,5,2026-08-02T10:34:51.358768+00:00,5.74,125,0,2,telegram
footballiapp,493092,49780,sport,2026-08-02T10:29:02+00:00,10,2026-08-02T10:40:18.123738+00:00,11.18,171,0,2,telegram
footballiapp,493092,49780,sport,2026-08-02T10:29:02+00:00,20,2026-08-02T10:49:31.669799+00:00,20.42,258,0,3,telegram
footballiapp,493092,49780,sport,2026-08-02T10:29:02+00:00,30,2026-08-02T11:00:02.828907+00:00,30.92,370,0,3,telegram
persiantwix,9539,1049188,entertainment,2026-08-02T10:30:00+00:00,5,2026-08-02T10:36:14.895590+00:00,6.07,2581,262,5,telegram
persiantwix,9539,1049188,entertainment,2026-08-02T10:30:00+00:00,10,2026-08-02T10:40:24.054188+00:00,10.22,3499,402,15,telegram
persiantwix,9539,1049188,entertainment,2026-08-02T10:30:00+00:00,20,2026-08-02T10:50:56.712632+00:00,20.77,5329,610,15,telegram
persiantwix,9539,1049188,entertainment,2026-08-02T10:30:00+00:00,30,2026-08-02T11:01:27.402845+00:00,31.28,6548,728,25,telegram
thezoomit,98236,129324,technology,2026-08-02T10:30:08+00:00,5,2026-08-02T10:36:04.603418+00:00,5.94,621,8,1,telegram
thezoomit,98236,129324,technology,2026-08-02T10:30:08+00:00,10,2026-08-02T10:40:13.565945+00:00,10.08,837,9,1,telegram
thezoomit,98236,129324,technology,2026-08-02T10:30:08+00:00,20,2026-08-02T10:50:46.439137+00:00,20.64,1571,13,3,telegram
thezoomit,98236,129324,technology,2026-08-02T10:30:08+00:00,30,2026-08-02T11:01:17.148414+00:00,31.15,2091,16,4,telegram
aa_persian,127798,7935,international_news,2026-08-02T10:30:40+00:00,5,2026-08-02T10:36:19.171640+00:00,5.4,24,0,0,telegram
aa_persian,127798,7935,international_news,2026-08-02T10:30:40+00:00,10,2026-08-02T10:41:55.880330+00:00,10.87,39,0,0,telegram
aa_persian,127798,7935,international_news,2026-08-02T10:30:40+00:00,20,2026-08-02T10:51:01.067908+00:00,20.1,72,0,0,telegram
aa_persian,127798,7935,international_news,2026-08-02T10:30:40+00:00,30,2026-08-02T11:01:31.919731+00:00,30.61,100,0,0,telegram
tweetychannel,409527,775496,social_entertainment,2026-08-02T10:31:01+00:00,5,2026-08-02T10:36:16.290896+00:00,5.05,1010,4,0,telegram
tweetychannel,409527,775496,social_entertainment,2026-08-02T10:31:01+00:00,10,2026-08-02T10:41:48.422858+00:00,10.52,3030,6,0,telegram
tweetychannel,409527,775496,social_entertainment,2026-08-02T10:31:01+00:00,20,2026-08-02T10:52:15.488233+00:00,21.05,6065,6,0,telegram
tweetychannel,409527,775496,social_entertainment,2026-08-02T10:31:01+00:00,30,2026-08-02T11:01:28.943434+00:00,30.26,7080,6,0,telegram
varzesh3,298703,1296635,sport,2026-08-02T10:32:20+00:00,5,2026-08-02T10:37:28.074845+00:00,5.03,13398,0,139,telegram
varzesh3,298703,1296635,sport,2026-08-02T10:32:20+00:00,10,2026-08-02T10:43:04.787505+00:00,10.64,21694,0,207,telegram
varzesh3,298703,1296635,sport,2026-08-02T10:32:20+00:00,20,2026-08-02T10:53:27.306152+00:00,21.02,35123,0,281,telegram
varzesh3,298703,1296635,sport,2026-08-02T10:32:20+00:00,30,2026-08-02T11:02:40.562627+00:00,30.24,46512,0,315,telegram
farsna,454014,1816267,general_news,2026-08-02T10:32:27+00:00,5,2026-08-02T10:39:11.752439+00:00,6.21,1676,0,22,telegram
farsna,454014,1816267,general_news,2026-08-02T10:32:27+00:00,10,2026-08-02T10:43:14.935747+00:00,10.53,2071,0,23,telegram
farsna,454014,1816267,general_news,2026-08-02T10:32:27+00:00,20,2026-08-02T10:53:45.823926+00:00,20.9,3383,0,34,telegram
farsna,454014,1816267,general_news,2026-08-02T10:32:27+00:00,30,2026-08-02T11:02:50.609471+00:00,30.13,4086,0,35,telegram
akharinkhabar,623813,1943342,general_news,2026-08-02T10:32:37+00:00,5,2026-08-02T10:39:08.590669+00:00,6.04,4091,0,1,telegram
akharinkhabar,623813,1943342,general_news,2026-08-02T10:32:37+00:00,10,2026-08-02T10:43:12.029578+00:00,10.36,6143,0,1,telegram
akharinkhabar,623813,1943342,general_news,2026-08-02T10:32:37+00:00,20,2026-08-02T10:53:42.732190+00:00,20.74,9185,0,1,telegram
akharinkhabar,623813,1943342,general_news,2026-08-02T10:32:37+00:00,30,2026-08-02T11:04:05.415438+00:00,31.25,12261,0,1,telegram
farsna,454015,1816267,general_news,2026-08-02T10:34:01+00:00,5,2026-08-02T10:40:30.741742+00:00,6.2,1562,0,16,telegram
farsna,454015,1816267,general_news,2026-08-02T10:34:01+00:00,10,2026-08-02T10:44:32.492696+00:00,10.25,2226,0,16,telegram
farsna,454015,1816267,general_news,2026-08-02T10:34:01+00:00,20,2026-08-02T10:55:03.417823+00:00,20.77,3561,0,37,telegram
akharinkhabar,623814,1943342,general_news,2026-08-02T10:34:56+00:00,5,2026-08-02T10:40:27.688000+00:00,5.28,3043,0,2,telegram
akharinkhabar,623814,1943342,general_news,2026-08-02T10:34:56+00:00,10,2026-08-02T10:45:47.878995+00:00,10.63,5106,0,2,telegram
akharinkhabar,623814,1943342,general_news,2026-08-02T10:34:56+00:00,20,2026-08-02T10:56:17.983047+00:00,21.14,9203,0,37,telegram
akharinkhabar,623814,1943342,general_news,2026-08-02T10:34:56+00:00,30,2026-08-02T11:05:22.575500+00:00,30.23,12265,0,37,telegram
tweetychannel,409528,775496,social_entertainment,2026-08-02T10:35:21+00:00,5,2026-08-02T10:41:48.422310+00:00,6.18,3026,8,103,telegram
tweetychannel,409528,775496,social_entertainment,2026-08-02T10:35:21+00:00,10,2026-08-02T10:45:46.448483+00:00,10.22,4043,10,137,telegram
tweetychannel,409528,775496,social_entertainment,2026-08-02T10:35:21+00:00,20,2026-08-02T10:56:16.566198+00:00,20.73,6074,16,206,telegram
tweetychannel,409528,775496,social_entertainment,2026-08-02T10:35:21+00:00,30,2026-08-02T11:06:38.169665+00:00,31.09,7089,17,240,telegram
khabarfouri,555862,4823154,general_news,2026-08-02T10:36:21+00:00,5,2026-08-02T10:41:35.119406+00:00,5.18,2044,0,1,telegram
khabarfouri,555862,4823154,general_news,2026-08-02T10:36:21+00:00,10,2026-08-02T10:46:55.042492+00:00,10.52,5098,0,1,telegram
khabarfouri,555862,4823154,general_news,2026-08-02T10:36:21+00:00,20,2026-08-02T10:57:25.309442+00:00,21.02,9161,0,3,telegram
khabarfouri,555862,4823154,general_news,2026-08-02T10:36:21+00:00,30,2026-08-02T11:06:29.732308+00:00,30.09,11195,0,3,telegram
khabarfouri,555863,4823154,general_news,2026-08-02T10:37:06+00:00,5,2026-08-02T10:43:01.881676+00:00,5.88,3056,0,0,telegram
khabarfouri,555863,4823154,general_news,2026-08-02T10:37:06+00:00,10,2026-08-02T10:48:12.577034+00:00,11.06,5111,0,0,telegram
khabarfouri,555863,4823154,general_news,2026-08-02T10:37:06+00:00,20,2026-08-02T10:57:25.308825+00:00,20.27,9167,0,0,telegram
khabarfouri,555863,4823154,general_news,2026-08-02T10:37:06+00:00,30,2026-08-02T11:07:46.981008+00:00,30.63,12207,0,0,telegram
tweetychannel,409529,775496,social_entertainment,2026-08-02T10:37:08+00:00,5,2026-08-02T10:43:10.617922+00:00,5.84,2025,63,105,telegram
tweetychannel,409529,775496,social_entertainment,2026-08-02T10:37:08+00:00,10,2026-08-02T10:48:21.352260+00:00,11.02,4052,86,140,telegram
tweetychannel,409529,775496,social_entertainment,2026-08-02T10:37:08+00:00,20,2026-08-02T10:57:34.101044+00:00,20.23,6083,120,209,telegram
tweetychannel,409529,775496,social_entertainment,2026-08-02T10:37:08+00:00,30,2026-08-02T11:07:55.911983+00:00,30.59,8098,157,243,telegram
khabarfouri,555864,4823154,general_news,2026-08-02T10:37:21+00:00,5,2026-08-02T10:43:01.879928+00:00,5.63,3055,0,0,telegram
khabarfouri,555864,4823154,general_news,2026-08-02T10:37:21+00:00,10,2026-08-02T10:48:12.575412+00:00,10.81,5112,0,0,telegram
khabarfouri,555864,4823154,general_news,2026-08-02T10:37:21+00:00,20,2026-08-02T10:57:25.307010+00:00,20.02,9172,0,0,telegram
khabarfouri,555864,4823154,general_news,2026-08-02T10:37:21+00:00,30,2026-08-02T11:07:46.980216+00:00,30.38,12210,0,0,telegram
digiato,111001,111087,technology,2026-08-02T10:40:15+00:00,5,2026-08-02T10:45:35.639526+00:00,5.32,1268,10,13,telegram
digiato,111001,111087,technology,2026-08-02T10:40:15+00:00,10,2026-08-02T10:50:47.902272+00:00,10.52,2003,20,19,telegram
digiato,111001,111087,technology,2026-08-02T10:40:15+00:00,20,2026-08-02T11:01:18.747558+00:00,21.03,3076,27,33,telegram
digiato,111001,111087,technology,2026-08-02T10:40:15+00:00,30,2026-08-02T11:10:20.304082+00:00,30.06,3949,35,45,telegram
tweetychannel,409530,775496,social_entertainment,2026-08-02T10:44:08+00:00,5,2026-08-02T10:49:39.747025+00:00,5.32,2031,57,2,telegram
tweetychannel,409530,775496,social_entertainment,2026-08-02T10:44:08+00:00,10,2026-08-02T10:54:58.974090+00:00,10.65,4056,84,36,telegram
tweetychannel,409530,775496,social_entertainment,2026-08-02T10:44:08+00:00,20,2026-08-02T11:05:21.121401+00:00,21.03,6087,112,36,telegram
tweetychannel,409530,775496,social_entertainment,2026-08-02T10:44:08+00:00,30,2026-08-02T11:14:23.889546+00:00,30.05,8105,129,36,telegram
thezoomit,98237,129324,technology,2026-08-02T10:45:09+00:00,5,2026-08-02T10:50:46.435897+00:00,5.62,647,7,8,telegram
thezoomit,98237,129324,technology,2026-08-02T10:45:09+00:00,10,2026-08-02T10:56:04.885807+00:00,10.93,987,13,14,telegram
thezoomit,98237,129324,technology,2026-08-02T10:45:09+00:00,20,2026-08-02T11:05:09.779434+00:00,20.01,1693,18,19,telegram
thezoomit,98237,129324,technology,2026-08-02T10:45:09+00:00,30,2026-08-02T11:15:29.783662+00:00,30.34,2499,24,24,telegram
varzesh3,298704,1296635,sport,2026-08-02T10:45:22+00:00,5,2026-08-02T10:50:52.323444+00:00,5.4,11334,0,0,telegram
varzesh3,298704,1296635,sport,2026-08-02T10:45:22+00:00,10,2026-08-02T10:56:10.702669+00:00,10.71,19646,0,0,telegram
varzesh3,298704,1296635,sport,2026-08-02T10:45:22+00:00,20,2026-08-02T11:06:32.547734+00:00,21.08,34124,0,1,telegram
varzesh3,298704,1296635,sport,2026-08-02T10:45:22+00:00,30,2026-08-02T11:15:41.818274+00:00,30.13,44464,0,1,telegram
aa_persian,127799,7935,international_news,2026-08-02T10:45:45+00:00,5,2026-08-02T10:51:01.067477+00:00,5.02,35,0,0,telegram
aa_persian,127799,7935,international_news,2026-08-02T10:45:45+00:00,10,2026-08-02T10:56:19.371319+00:00,10.33,58,0,0,telegram
aa_persian,127799,7935,international_news,2026-08-02T10:45:45+00:00,20,2026-08-02T11:06:40.983317+00:00,20.69,87,0,0,telegram
aa_persian,127799,7935,international_news,2026-08-02T10:45:45+00:00,30,2026-08-02T11:17:13.699767+00:00,31.21,103,0,0,telegram
akharinkhabar,623815,1943342,general_news,2026-08-02T10:46:12+00:00,5,2026-08-02T10:52:16.945668+00:00,5.86,3036,0,0,telegram
akharinkhabar,623815,1943342,general_news,2026-08-02T10:46:12+00:00,10,2026-08-02T10:57:35.509984+00:00,11.17,5099,0,0,telegram
akharinkhabar,623815,1943342,general_news,2026-08-02T10:46:12+00:00,20,2026-08-02T11:06:39.584826+00:00,20.24,8179,0,0,telegram
akharinkhabar,623815,1943342,general_news,2026-08-02T10:46:12+00:00,30,2026-08-02T11:17:12.125019+00:00,30.76,12258,0,0,telegram
tweetychannel,409531,775496,social_entertainment,2026-08-02T10:49:51+00:00,5,2026-08-02T10:56:16.565642+00:00,6.23,2042,33,1,telegram
tweetychannel,409531,775496,social_entertainment,2026-08-02T10:49:51+00:00,10,2026-08-02T11:00:10.781505+00:00,10.11,4062,40,1,telegram
tweetychannel,409531,775496,social_entertainment,2026-08-02T10:49:51+00:00,20,2026-08-02T11:10:30.442891+00:00,20.46,6097,58,1,telegram
tweetychannel,409531,775496,social_entertainment,2026-08-02T10:49:51+00:00,30,2026-08-02T11:21:07.239915+00:00,31.05,8116,70,1,telegram
footballiapp,493093,49780,sport,2026-08-02T10:50:43+00:00,5,2026-08-02T10:56:09.227211+00:00,5.36,106,0,1,telegram
footballiapp,493093,49780,sport,2026-08-02T10:50:43+00:00,10,2026-08-02T11:01:21.605119+00:00,10.56,169,0,1,telegram
footballiapp,493093,49780,sport,2026-08-02T10:50:43+00:00,20,2026-08-02T11:11:40.700842+00:00,20.88,291,0,1,telegram
footballiapp,493093,49780,sport,2026-08-02T10:50:43+00:00,30,2026-08-02T11:20:59.582437+00:00,30.19,384,0,1,telegram
footballiapp,493094,49780,sport,2026-08-02T10:50:43+00:00,5,2026-08-02T10:56:09.227205+00:00,5.36,108,0,1,telegram
footballiapp,493094,49780,sport,2026-08-02T10:50:43+00:00,10,2026-08-02T11:01:21.605102+00:00,10.56,201,0,1,telegram
footballiapp,493094,49780,sport,2026-08-02T10:50:43+00:00,20,2026-08-02T11:11:40.700824+00:00,20.88,293,0,1,telegram
footballiapp,493094,49780,sport,2026-08-02T10:50:43+00:00,30,2026-08-02T11:20:59.582416+00:00,30.19,386,0,1,telegram
footballiapp,493095,49780,sport,2026-08-02T10:50:43+00:00,5,2026-08-02T10:56:09.227196+00:00,5.36,108,0,1,telegram
footballiapp,493095,49780,sport,2026-08-02T10:50:43+00:00,10,2026-08-02T11:01:21.605086+00:00,10.56,171,0,1,telegram
footballiapp,493095,49780,sport,2026-08-02T10:50:43+00:00,20,2026-08-02T11:11:40.700805+00:00,20.88,293,0,1,telegram
footballiapp,493095,49780,sport,2026-08-02T10:50:43+00:00,30,2026-08-02T11:20:59.582263+00:00,30.19,387,0,1,telegram
footballiapp,493096,49780,sport,2026-08-02T10:50:43+00:00,5,2026-08-02T10:56:09.227189+00:00,5.36,108,0,1,telegram
footballiapp,493096,49780,sport,2026-08-02T10:50:43+00:00,10,2026-08-02T11:01:21.605071+00:00,10.56,201,0,1,telegram
footballiapp,493096,49780,sport,2026-08-02T10:50:43+00:00,20,2026-08-02T11:11:40.700786+00:00,20.88,293,0,1,telegram
footballiapp,493096,49780,sport,2026-08-02T10:50:43+00:00,30,2026-08-02T11:20:59.582241+00:00,30.19,387,0,1,telegram
footballiapp,493097,49780,sport,2026-08-02T10:50:43+00:00,5,2026-08-02T10:56:09.227182+00:00,5.36,107,0,1,telegram
footballiapp,493097,49780,sport,2026-08-02T10:50:43+00:00,10,2026-08-02T11:01:21.605041+00:00,10.56,200,0,1,telegram
footballiapp,493097,49780,sport,2026-08-02T10:50:43+00:00,20,2026-08-02T11:11:40.700767+00:00,20.88,292,0,1,telegram
footballiapp,493097,49780,sport,2026-08-02T10:50:43+00:00,30,2026-08-02T11:20:59.582221+00:00,30.19,386,0,1,telegram
footballiapp,493098,49780,sport,2026-08-02T10:50:43+00:00,5,2026-08-02T10:56:09.227175+00:00,5.36,107,0,2,telegram
footballiapp,493098,49780,sport,2026-08-02T10:50:43+00:00,10,2026-08-02T11:01:21.605019+00:00,10.56,170,0,2,telegram
footballiapp,493098,49780,sport,2026-08-02T10:50:43+00:00,20,2026-08-02T11:11:40.700745+00:00,20.88,322,0,2,telegram
footballiapp,493098,49780,sport,2026-08-02T10:50:43+00:00,30,2026-08-02T11:20:59.582202+00:00,30.19,386,0,2,telegram
footballiapp,493099,49780,sport,2026-08-02T10:50:43+00:00,5,2026-08-02T10:56:09.227167+00:00,5.36,107,0,1,telegram
footballiapp,493099,49780,sport,2026-08-02T10:50:43+00:00,10,2026-08-02T11:01:21.604999+00:00,10.56,200,0,1,telegram
footballiapp,493099,49780,sport,2026-08-02T10:50:43+00:00,20,2026-08-02T11:11:40.700723+00:00,20.88,322,0,1,telegram
footballiapp,493099,49780,sport,2026-08-02T10:50:43+00:00,30,2026-08-02T11:20:59.582183+00:00,30.19,386,0,1,telegram
footballiapp,493100,49780,sport,2026-08-02T10:50:43+00:00,5,2026-08-02T10:56:09.227159+00:00,5.36,105,0,1,telegram
footballiapp,493100,49780,sport,2026-08-02T10:50:43+00:00,10,2026-08-02T11:01:21.604979+00:00,10.56,198,0,1,telegram
footballiapp,493100,49780,sport,2026-08-02T10:50:43+00:00,20,2026-08-02T11:11:40.700028+00:00,20.88,320,0,1,telegram
footballiapp,493100,49780,sport,2026-08-02T10:50:43+00:00,30,2026-08-02T11:20:59.582162+00:00,30.19,413,0,1,telegram
footballiapp,493101,49780,sport,2026-08-02T10:50:43+00:00,5,2026-08-02T10:56:09.226545+00:00,5.36,108,0,1,telegram
footballiapp,493101,49780,sport,2026-08-02T10:50:43+00:00,10,2026-08-02T11:01:21.604941+00:00,10.56,171,0,1,telegram
footballiapp,493101,49780,sport,2026-08-02T10:50:43+00:00,20,2026-08-02T11:11:40.700005+00:00,20.88,323,0,1,telegram
footballiapp,493101,49780,sport,2026-08-02T10:50:43+00:00,30,2026-08-02T11:20:59.582138+00:00,30.19,417,0,1,telegram
footballiapp,493102,49780,sport,2026-08-02T10:50:43+00:00,5,2026-08-02T10:56:09.226308+00:00,5.36,107,0,1,telegram
footballiapp,493102,49780,sport,2026-08-02T10:50:43+00:00,10,2026-08-02T11:01:21.604180+00:00,10.56,170,0,1,telegram
footballiapp,493102,49780,sport,2026-08-02T10:50:43+00:00,20,2026-08-02T11:11:40.699899+00:00,20.88,322,0,1,telegram
footballiapp,493102,49780,sport,2026-08-02T10:50:43+00:00,30,2026-08-02T11:20:59.582003+00:00,30.19,416,0,1,telegram
tweetychannel,409532,775496,social_entertainment,2026-08-02T10:51:07+00:00,5,2026-08-02T10:57:34.100991+00:00,6.25,2046,38,36,telegram
tweetychannel,409532,775496,social_entertainment,2026-08-02T10:51:07+00:00,10,2026-08-02T11:01:28.943294+00:00,10.16,4072,53,36,telegram
tweetychannel,409532,775496,social_entertainment,2026-08-02T10:51:07+00:00,20,2026-08-02T11:11:48.074855+00:00,20.48,6106,91,36,telegram
tweetychannel,409532,775496,social_entertainment,2026-08-02T10:51:07+00:00,30,2026-08-02T11:22:25.551188+00:00,31.1,8115,118,70,telegram
tweetychannel,409533,775496,social_entertainment,2026-08-02T10:51:17+00:00,5,2026-08-02T10:57:34.100969+00:00,6.08,2045,37,2,telegram
tweetychannel,409533,775496,social_entertainment,2026-08-02T10:51:17+00:00,10,2026-08-02T11:02:46.239148+00:00,11.29,4076,58,2,telegram
tweetychannel,409533,775496,social_entertainment,2026-08-02T10:51:17+00:00,20,2026-08-02T11:11:48.074827+00:00,20.32,6113,70,2,telegram
tweetychannel,409533,775496,social_entertainment,2026-08-02T10:51:17+00:00,30,2026-08-02T11:22:25.551173+00:00,30.93,8120,82,2,telegram
akharinkhabar,623816,1943342,general_news,2026-08-02T10:51:30+00:00,5,2026-08-02T10:57:35.509911+00:00,5.87,3083,0,0,telegram
akharinkhabar,623816,1943342,general_news,2026-08-02T10:51:30+00:00,10,2026-08-02T11:02:47.660915+00:00,11.08,5148,0,0,telegram
akharinkhabar,623816,1943342,general_news,2026-08-02T10:51:30+00:00,20,2026-08-02T11:11:49.545544+00:00,20.1,8218,0,0,telegram
akharinkhabar,623816,1943342,general_news,2026-08-02T10:51:30+00:00,30,2026-08-02T11:22:27.037127+00:00,30.72,12289,0,0,telegram
akharinkhabar,623817,1943342,general_news,2026-08-02T10:51:30+00:00,5,2026-08-02T10:57:35.509709+00:00,5.87,3083,0,0,telegram
akharinkhabar,623817,1943342,general_news,2026-08-02T10:51:30+00:00,10,2026-08-02T11:02:47.660412+00:00,11.08,5143,0,0,telegram
akharinkhabar,623817,1943342,general_news,2026-08-02T10:51:30+00:00,20,2026-08-02T11:11:49.545036+00:00,20.1,8212,0,0,telegram
akharinkhabar,623817,1943342,general_news,2026-08-02T10:51:30+00:00,30,2026-08-02T11:22:27.036642+00:00,30.72,12282,0,0,telegram
tweetychannel,409534,775496,social_entertainment,2026-08-02T10:51:44+00:00,5,2026-08-02T10:57:34.100571+00:00,5.63,2039,156,1,telegram
tweetychannel,409534,775496,social_entertainment,2026-08-02T10:51:44+00:00,10,2026-08-02T11:02:46.238483+00:00,10.84,4073,234,35,telegram
tweetychannel,409534,775496,social_entertainment,2026-08-02T10:51:44+00:00,20,2026-08-02T11:13:05.330899+00:00,21.16,7116,318,35,telegram
tweetychannel,409534,775496,social_entertainment,2026-08-02T10:51:44+00:00,30,2026-08-02T11:22:25.551157+00:00,30.48,9128,373,70,telegram
khabarfouri,555865,4823154,general_news,2026-08-02T10:53:04+00:00,5,2026-08-02T10:58:43.248283+00:00,5.59,2026,0,0,telegram
khabarfouri,555865,4823154,general_news,2026-08-02T10:53:04+00:00,10,2026-08-02T11:03:55.129507+00:00,10.8,4083,0,0,telegram
khabarfouri,555865,4823154,general_news,2026-08-02T10:53:04+00:00,20,2026-08-02T11:14:15.334379+00:00,21.12,9181,0,0,telegram
khabarfouri,555865,4823154,general_news,2026-08-02T10:53:04+00:00,30,2026-08-02T11:23:34.718611+00:00,30.46,11228,0,0,telegram
tweetychannel,409535,775496,social_entertainment,2026-08-02T10:58:08+00:00,5,2026-08-02T11:04:03.949983+00:00,5.73,2044,65,1,telegram
tweetychannel,409535,775496,social_entertainment,2026-08-02T10:58:08+00:00,10,2026-08-02T11:09:13.019426+00:00,10.89,4072,89,35,telegram
tweetychannel,409535,775496,social_entertainment,2026-08-02T10:58:08+00:00,20,2026-08-02T11:18:29.459440+00:00,20.14,7108,127,35,telegram
tweetychannel,409535,775496,social_entertainment,2026-08-02T10:58:08+00:00,30,2026-08-02T11:28:58.764731+00:00,30.64,8116,139,35,telegram
eghtesadonline,354135,75241,economy,2026-08-02T10:58:42+00:00,5,2026-08-02T11:03:59.493015+00:00,5.16,561,2,3,telegram
eghtesadonline,354135,75241,economy,2026-08-02T10:58:42+00:00,10,2026-08-02T11:09:08.813251+00:00,10.32,900,7,3,telegram
eghtesadonline,354135,75241,economy,2026-08-02T10:58:42+00:00,20,2026-08-02T11:19:43.926075+00:00,20.89,1519,12,3,telegram
eghtesadonline,354135,75241,economy,2026-08-02T10:58:42+00:00,30,2026-08-02T11:28:54.320568+00:00,30.07,1883,12,3,telegram
footballiapp,493103,49780,sport,2026-08-02T10:59:02+00:00,5,2026-08-02T11:05:13.993147+00:00,6.13,124,0,1,telegram
footballiapp,493103,49780,sport,2026-08-02T10:59:02+00:00,10,2026-08-02T11:10:23.183878+00:00,11.28,185,2,1,telegram
footballiapp,493103,49780,sport,2026-08-02T10:59:02+00:00,20,2026-08-02T11:19:40.257261+00:00,20.56,308,2,1,telegram
footballiapp,493103,49780,sport,2026-08-02T10:59:02+00:00,30,2026-08-02T11:30:09.459532+00:00,31.04,399,3,1,telegram
footballiapp,493104,49780,sport,2026-08-02T10:59:02+00:00,5,2026-08-02T11:05:13.993127+00:00,6.13,124,0,1,telegram
footballiapp,493104,49780,sport,2026-08-02T10:59:02+00:00,10,2026-08-02T11:10:23.183869+00:00,11.28,185,0,1,telegram
footballiapp,493104,49780,sport,2026-08-02T10:59:02+00:00,20,2026-08-02T11:19:40.257253+00:00,20.56,308,0,1,telegram
footballiapp,493104,49780,sport,2026-08-02T10:59:02+00:00,30,2026-08-02T11:30:09.459508+00:00,31.04,400,0,1,telegram
footballiapp,493105,49780,sport,2026-08-02T10:59:02+00:00,5,2026-08-02T11:05:13.993108+00:00,6.13,124,0,1,telegram
footballiapp,493105,49780,sport,2026-08-02T10:59:02+00:00,10,2026-08-02T11:10:23.183860+00:00,11.28,215,0,1,telegram
footballiapp,493105,49780,sport,2026-08-02T10:59:02+00:00,20,2026-08-02T11:19:40.257246+00:00,20.56,308,0,1,telegram
footballiapp,493105,49780,sport,2026-08-02T10:59:02+00:00,30,2026-08-02T11:30:09.459487+00:00,31.04,400,0,1,telegram
footballiapp,493106,49780,sport,2026-08-02T10:59:02+00:00,5,2026-08-02T11:05:13.993088+00:00,6.13,124,0,1,telegram
footballiapp,493106,49780,sport,2026-08-02T10:59:02+00:00,10,2026-08-02T11:10:23.183851+00:00,11.28,215,0,1,telegram
footballiapp,493106,49780,sport,2026-08-02T10:59:02+00:00,20,2026-08-02T11:19:40.257237+00:00,20.56,308,0,1,telegram
footballiapp,493106,49780,sport,2026-08-02T10:59:02+00:00,30,2026-08-02T11:30:09.459464+00:00,31.04,400,0,1,telegram
footballiapp,493107,49780,sport,2026-08-02T10:59:02+00:00,5,2026-08-02T11:05:13.993068+00:00,6.13,124,0,1,telegram
footballiapp,493107,49780,sport,2026-08-02T10:59:02+00:00,10,2026-08-02T11:10:23.183842+00:00,11.28,185,0,1,telegram
footballiapp,493107,49780,sport,2026-08-02T10:59:02+00:00,20,2026-08-02T11:19:40.257164+00:00,20.56,308,0,1,telegram
footballiapp,493107,49780,sport,2026-08-02T10:59:02+00:00,30,2026-08-02T11:30:09.459443+00:00,31.04,400,0,1,telegram
footballiapp,493108,49780,sport,2026-08-02T10:59:02+00:00,5,2026-08-02T11:05:13.993048+00:00,6.13,124,0,1,telegram
footballiapp,493108,49780,sport,2026-08-02T10:59:02+00:00,10,2026-08-02T11:10:23.183832+00:00,11.28,215,0,1,telegram
footballiapp,493108,49780,sport,2026-08-02T10:59:02+00:00,20,2026-08-02T11:19:40.257155+00:00,20.56,308,0,1,telegram
footballiapp,493108,49780,sport,2026-08-02T10:59:02+00:00,30,2026-08-02T11:30:09.459421+00:00,31.04,400,0,1,telegram
footballiapp,493109,49780,sport,2026-08-02T10:59:02+00:00,5,2026-08-02T11:05:13.993024+00:00,6.13,124,0,1,telegram
footballiapp,493109,49780,sport,2026-08-02T10:59:02+00:00,10,2026-08-02T11:10:23.183822+00:00,11.28,185,0,1,telegram
footballiapp,493109,49780,sport,2026-08-02T10:59:02+00:00,20,2026-08-02T11:19:40.257146+00:00,20.56,308,0,1,telegram
footballiapp,493109,49780,sport,2026-08-02T10:59:02+00:00,30,2026-08-02T11:30:09.459400+00:00,31.04,400,0,1,telegram
footballiapp,493110,49780,sport,2026-08-02T10:59:02+00:00,5,2026-08-02T11:05:13.992990+00:00,6.13,124,0,1,telegram
footballiapp,493110,49780,sport,2026-08-02T10:59:02+00:00,10,2026-08-02T11:10:23.183805+00:00,11.28,185,0,1,telegram
footballiapp,493110,49780,sport,2026-08-02T10:59:02+00:00,20,2026-08-02T11:19:40.257127+00:00,20.56,308,0,1,telegram
footballiapp,493110,49780,sport,2026-08-02T10:59:02+00:00,30,2026-08-02T11:30:09.459260+00:00,31.04,400,0,1,telegram
footballiapp,493111,49780,sport,2026-08-02T10:59:02+00:00,5,2026-08-02T11:05:13.992089+00:00,6.13,124,0,1,telegram
footballiapp,493111,49780,sport,2026-08-02T10:59:02+00:00,10,2026-08-02T11:10:23.183467+00:00,11.28,215,0,1,telegram
footballiapp,493111,49780,sport,2026-08-02T10:59:02+00:00,20,2026-08-02T11:19:40.255906+00:00,20.56,308,0,1,telegram
footballiapp,493111,49780,sport,2026-08-02T10:59:02+00:00,30,2026-08-02T11:30:09.459234+00:00,31.04,430,0,1,telegram
tweetychannel,409536,775496,social_entertainment,2026-08-02T10:59:30+00:00,5,2026-08-02T11:05:21.120519+00:00,5.66,2031,25,1,telegram
tweetychannel,409536,775496,social_entertainment,2026-08-02T10:59:30+00:00,10,2026-08-02T11:10:30.442033+00:00,10.81,4073,33,1,telegram
tweetychannel,409536,775496,social_entertainment,2026-08-02T10:59:30+00:00,20,2026-08-02T11:19:48.370745+00:00,20.09,7101,39,1,telegram
eghtesadonline,354136,75241,economy,2026-08-02T10:59:34+00:00,5,2026-08-02T11:05:16.842340+00:00,5.59,592,13,2,telegram
eghtesadonline,354136,75241,economy,2026-08-02T10:59:34+00:00,10,2026-08-02T11:10:26.112499+00:00,10.74,900,15,2,telegram
eghtesadonline,354136,75241,economy,2026-08-02T10:59:34+00:00,20,2026-08-02T11:19:43.924610+00:00,20.02,1428,18,2,telegram
eghtesadonline,354136,75241,economy,2026-08-02T10:59:34+00:00,30,2026-08-02T11:30:12.501701+00:00,30.51,1854,18,3,telegram
thezoomit,98238,129324,technology,2026-08-02T11:00:14+00:00,5,2026-08-02T11:06:26.875867+00:00,6.21,741,5,5,telegram
thezoomit,98238,129324,technology,2026-08-02T11:00:14+00:00,10,2026-08-02T11:10:18.828729+00:00,10.08,1021,7,5,telegram
thezoomit,98238,129324,technology,2026-08-02T11:00:14+00:00,20,2026-08-02T11:20:54.560816+00:00,20.67,2227,13,7,telegram
tweetychannel,409537,775496,social_entertainment,2026-08-02T11:01:01+00:00,5,2026-08-02T11:06:38.169424+00:00,5.43,1030,3,0,telegram
tweetychannel,409537,775496,social_entertainment,2026-08-02T11:01:01+00:00,10,2026-08-02T11:11:48.074758+00:00,10.58,4071,4,0,telegram
tweetychannel,409537,775496,social_entertainment,2026-08-02T11:01:01+00:00,20,2026-08-02T11:22:25.551126+00:00,21.2,7095,4,0,telegram
varzesh3,298705,1296635,sport,2026-08-02T11:01:25+00:00,5,2026-08-02T11:06:32.547320+00:00,5.03,11393,0,36,telegram
varzesh3,298705,1296635,sport,2026-08-02T11:01:25+00:00,10,2026-08-02T11:11:42.331523+00:00,10.18,19650,0,70,telegram
varzesh3,298705,1296635,sport,2026-08-02T11:01:25+00:00,20,2026-08-02T11:22:19.471792+00:00,20.8,31025,0,106,telegram
digiato,111002,111087,technology,2026-08-02T11:04:18+00:00,5,2026-08-02T11:10:20.303591+00:00,6.01,695,2,3,telegram
digiato,111002,111087,technology,2026-08-02T11:04:18+00:00,10,2026-08-02T11:15:32.916603+00:00,11.19,1074,8,4,telegram
digiato,111002,111087,technology,2026-08-02T11:04:18+00:00,20,2026-08-02T11:24:53.219514+00:00,20.55,1661,11,4,telegram
khabarfouri,555866,4823154,general_news,2026-08-02T11:05:28+00:00,5,2026-08-02T11:11:39.308126+00:00,6.13,2062,0,1,telegram
khabarfouri,555866,4823154,general_news,2026-08-02T11:05:28+00:00,10,2026-08-02T11:15:35.105298+00:00,10.03,5107,0,1,telegram
khabarfouri,555866,4823154,general_news,2026-08-02T11:05:28+00:00,20,2026-08-02T11:26:13.075230+00:00,20.69,10195,0,1,telegram
tweetychannel,409538,775496,social_entertainment,2026-08-02T11:05:40+00:00,5,2026-08-02T11:11:48.074722+00:00,5.93,3059,29,2,telegram
tweetychannel,409538,775496,social_entertainment,2026-08-02T11:05:40+00:00,10,2026-08-02T11:17:10.628483+00:00,11.3,6078,46,36,telegram
tweetychannel,409538,775496,social_entertainment,2026-08-02T11:05:40+00:00,20,2026-08-02T11:26:22.372029+00:00,20.49,8117,53,36,telegram
tweetychannel,409539,775496,social_entertainment,2026-08-02T11:06:07+00:00,5,2026-08-02T11:11:48.074113+00:00,5.48,3055,7,0,telegram
tweetychannel,409539,775496,social_entertainment,2026-08-02T11:06:07+00:00,10,2026-08-02T11:17:10.628416+00:00,10.85,6076,8,0,telegram
tweetychannel,409539,775496,social_entertainment,2026-08-02T11:06:07+00:00,20,2026-08-02T11:26:22.372013+00:00,20.04,8115,9,0,telegram
tweetychannel,409540,775496,social_entertainment,2026-08-02T11:06:55+00:00,5,2026-08-02T11:13:05.330833+00:00,5.98,3052,11,1,telegram
tweetychannel,409540,775496,social_entertainment,2026-08-02T11:06:55+00:00,10,2026-08-02T11:17:10.627548+00:00,10.05,6070,15,1,telegram
tweetychannel,409540,775496,social_entertainment,2026-08-02T11:06:55+00:00,20,2026-08-02T11:27:40.563552+00:00,20.55,8111,19,1,telegram
tweetychannel,409541,775496,social_entertainment,2026-08-02T11:06:58+00:00,5,2026-08-02T11:13:05.330655+00:00,5.93,3059,54,35,telegram
tweetychannel,409541,775496,social_entertainment,2026-08-02T11:06:58+00:00,10,2026-08-02T11:18:29.459410+00:00,11.31,6077,69,35,telegram
tweetychannel,409541,775496,social_entertainment,2026-08-02T11:06:58+00:00,20,2026-08-02T11:27:40.563333+00:00,20.5,8118,84,35,telegram
footballiapp,493113,49780,sport,2026-08-02T11:07:58+00:00,5,2026-08-02T11:14:16.741025+00:00,6.22,153,2,3,telegram
footballiapp,493113,49780,sport,2026-08-02T11:07:58+00:00,10,2026-08-02T11:18:21.672523+00:00,10.31,215,3,4,telegram
footballiapp,493113,49780,sport,2026-08-02T11:07:58+00:00,20,2026-08-02T11:28:51.259175+00:00,20.81,337,5,6,telegram
tweetychannel,409542,775496,social_entertainment,2026-08-02T11:08:35+00:00,5,2026-08-02T11:14:23.888888+00:00,5.6,4072,286,138,telegram
tweetychannel,409542,775496,social_entertainment,2026-08-02T11:08:35+00:00,10,2026-08-02T11:19:48.369904+00:00,11.01,7078,381,173,telegram
tweetychannel,409542,775496,social_entertainment,2026-08-02T11:08:35+00:00,20,2026-08-02T11:28:58.763059+00:00,20.19,9122,452,173,telegram
akharinkhabar,623818,1943342,general_news,2026-08-02T11:09:02+00:00,5,2026-08-02T11:14:25.412043+00:00,5.15,3079,0,0,telegram
akharinkhabar,623818,1943342,general_news,2026-08-02T11:09:02+00:00,10,2026-08-02T11:19:49.918549+00:00,10.56,5126,0,0,telegram
khabarfouri,555867,4823154,general_news,2026-08-02T11:09:47+00:00,5,2026-08-02T11:15:35.103907+00:00,5.71,3071,0,0,telegram
khabarfouri,555867,4823154,general_news,2026-08-02T11:09:47+00:00,10,2026-08-02T11:20:57.964049+00:00,11.12,5112,0,0,telegram
khabarfouri,555867,4823154,general_news,2026-08-02T11:09:47+00:00,20,2026-08-02T11:30:08.006213+00:00,20.29,10178,0,0,telegram
thezoomit,98239,129324,technology,2026-08-02T11:10:44+00:00,5,2026-08-02T11:16:58.425706+00:00,6.23,1305,27,47,telegram
thezoomit,98239,129324,technology,2026-08-02T11:10:44+00:00,10,2026-08-02T11:20:54.560202+00:00,10.17,1707,35,53,telegram
footballiapp,493114,49780,sport,2026-08-02T11:11:24+00:00,5,2026-08-02T11:17:03.142826+00:00,5.56,123,0,2,telegram
footballiapp,493114,49780,sport,2026-08-02T11:11:24+00:00,10,2026-08-02T11:22:17.924072+00:00,10.82,217,0,2,telegram
tweetychannel,409543,775496,social_entertainment,2026-08-02T11:11:51+00:00,5,2026-08-02T11:17:10.627229+00:00,5.11,4036,110,2,telegram
tweetychannel,409543,775496,social_entertainment,2026-08-02T11:11:51+00:00,10,2026-08-02T11:22:25.551003+00:00,10.37,6076,143,2,telegram
tweetychannel,409544,775496,social_entertainment,2026-08-02T11:12:31+00:00,5,2026-08-02T11:18:29.459138+00:00,5.76,4062,172,105,telegram
tweetychannel,409544,775496,social_entertainment,2026-08-02T11:12:31+00:00,10,2026-08-02T11:23:45.443699+00:00,11.01,7076,199,105,telegram
tweetychannel,409545,775496,social_entertainment,2026-08-02T11:15:10+00:00,5,2026-08-02T11:21:07.239454+00:00,5.74,2015,71,1,telegram
tweetychannel,409545,775496,social_entertainment,2026-08-02T11:15:10+00:00,10,2026-08-02T11:26:22.371966+00:00,10.99,4058,107,1,telegram
farsna,454018,1816267,general_news,2026-08-02T11:15:34+00:00,5,2026-08-02T11:21:11.750685+00:00,5.34,1241,0,8,telegram
farsna,454018,1816267,general_news,2026-08-02T11:15:34+00:00,10,2026-08-02T11:26:27.016459+00:00,10.59,2035,0,9,telegram
eghtesadonline,354137,75241,economy,2026-08-02T11:15:49+00:00,5,2026-08-02T11:21:02.865423+00:00,5.09,587,6,0,telegram
eghtesadonline,354137,75241,economy,2026-08-02T11:15:49+00:00,10,2026-08-02T11:26:18.004567+00:00,10.34,862,6,1,telegram
khabarfouri,555868,4823154,general_news,2026-08-02T11:19:14+00:00,5,2026-08-02T11:24:54.690079+00:00,5.62,2068,0,0,telegram
khabarfouri,555868,4823154,general_news,2026-08-02T11:19:14+00:00,10,2026-08-02T11:30:08.006184+00:00,10.84,4092,0,0,telegram
khabarfouri,555869,4823154,general_news,2026-08-02T11:19:47+00:00,5,2026-08-02T11:24:54.689434+00:00,5.07,2066,0,0,telegram
khabarfouri,555869,4823154,general_news,2026-08-02T11:19:47+00:00,10,2026-08-02T11:30:08.004119+00:00,10.29,5103,0,0,telegram
footballiapp,493115,49780,sport,2026-08-02T11:20:06+00:00,5,2026-08-02T11:26:14.515548+00:00,6.06,153,0,1,telegram
digiato,111003,111087,technology,2026-08-02T11:20:14+00:00,5,2026-08-02T11:26:11.599013+00:00,5.93,653,8,5,telegram
digiato,111004,111087,technology,2026-08-02T11:20:14+00:00,5,2026-08-02T11:26:11.596971+00:00,5.93,684,0,5,telegram
eghtesadonline,354138,75241,economy,2026-08-02T11:20:16+00:00,5,2026-08-02T11:26:18.003893+00:00,5.89,461,1,4,telegram
footballiapp,493116,49780,sport,2026-08-02T11:20:32+00:00,5,2026-08-02T11:26:14.515430+00:00,5.63,123,0,2,telegram
tweetychannel,409546,775496,social_entertainment,2026-08-02T11:21:06+00:00,5,2026-08-02T11:26:22.371319+00:00,5.06,2016,73,35,telegram
farsna,454019,1816267,general_news,2026-08-02T11:21:59+00:00,5,2026-08-02T11:27:45.188167+00:00,5.49,1064,0,6,telegram
akharinkhabar,623819,1943342,general_news,2026-08-02T11:22:25+00:00,5,2026-08-02T11:27:42.053538+00:00,5.05,2056,0,0,telegram
aa_persian,127800,7935,international_news,2026-08-02T11:22:34+00:00,5,2026-08-02T11:29:01.836083+00:00,6.21,19,0,0,telegram
khabarfouri,555870,4823154,general_news,2026-08-02T11:23:16+00:00,5,2026-08-02T11:28:49.807111+00:00,5.51,3052,0,0,telegram
varzesh3,298706,1296635,sport,2026-08-02T11:24:32+00:00,5,2026-08-02T11:30:11.019915+00:00,5.54,11373,0,1,telegram
footballiapp,493117,49780,sport,2026-08-02T11:25:02+00:00,5,2026-08-02T11:30:09.459022+00:00,5.04,126,1,1,telegram
varzesh3,298707,1296311,sport,2026-08-02T11:47:58+00:00,30,2026-08-02T12:19:41.568660+00:00,31.62,35282,0,71,telegram
khabarfouri,555879,4814534,general_news,2026-08-02T11:51:38+00:00,30,2026-08-02T12:22:13.173560+00:00,30.54,8165,0,0,telegram
khabarfouri,555880,4814534,general_news,2026-08-02T11:52:56+00:00,30,2026-08-02T12:23:30.709885+00:00,30.52,8171,0,1,telegram
tweetychannel,409554,774907,social_entertainment,2026-08-02T11:53:52+00:00,30,2026-08-02T12:24:56.717551+00:00,30.88,6089,66,35,telegram
farsna,454025,1804817,general_news,2026-08-02T11:54:05+00:00,30,2026-08-02T12:25:01.128510+00:00,30.67,3750,0,24,telegram
tweetychannel,409555,774907,social_entertainment,2026-08-02T11:54:10+00:00,30,2026-08-02T12:24:56.717542+00:00,30.58,6102,51,36,telegram
tweetychannel,409556,774907,social_entertainment,2026-08-02T11:54:16+00:00,30,2026-08-02T12:24:56.717532+00:00,30.48,6099,64,2,telegram
footballiapp,493120,49742,sport,2026-08-02T11:54:17+00:00,30,2026-08-02T12:24:49.453334+00:00,30.47,337,0,1,telegram
aa_persian,127801,7936,international_news,2026-08-02T11:54:24+00:00,30,2026-08-02T12:24:59.592370+00:00,30.35,73,0,0,telegram
aa_persian,127802,7936,international_news,2026-08-02T11:54:24+00:00,30,2026-08-02T12:24:59.592350+00:00,30.35,74,0,0,telegram
aa_persian,127803,7936,international_news,2026-08-02T11:54:24+00:00,30,2026-08-02T12:24:59.592328+00:00,30.35,74,0,0,telegram
aa_persian,127804,7936,international_news,2026-08-02T11:54:24+00:00,30,2026-08-02T12:24:59.592295+00:00,30.35,71,0,0,telegram
aa_persian,127805,7936,international_news,2026-08-02T11:54:24+00:00,30,2026-08-02T12:24:59.591695+00:00,30.35,70,0,0,telegram
tweetychannel,409557,774907,social_entertainment,2026-08-02T11:54:35+00:00,30,2026-08-02T12:24:56.717521+00:00,30.17,6099,4,0,telegram
khabarfouri,555881,4814534,general_news,2026-08-02T11:54:41+00:00,30,2026-08-02T12:24:48.019229+00:00,30.07,9165,0,0,telegram
tweetychannel,409558,774907,social_entertainment,2026-08-02T11:55:04+00:00,30,2026-08-02T12:26:14.053023+00:00,30.97,7108,319,36,telegram
footballiapp,493121,49742,sport,2026-08-02T11:55:50+00:00,30,2026-08-02T12:26:06.950152+00:00,30.21,367,3,2,telegram
farsna,454030,1804817,general_news,2026-08-02T11:56:18+00:00,30,2026-08-02T12:27:35.968759+00:00,31.03,3482,0,0,telegram
farsna,454031,1804817,general_news,2026-08-02T11:56:24+00:00,30,2026-08-02T12:27:35.968749+00:00,30.93,3804,0,2,telegram
akharinkhabar,623827,1959423,general_news,2026-08-02T11:56:33+00:00,30,2026-08-02T12:27:33.135822+00:00,30.78,11274,0,0,telegram
farsna,454032,1804817,general_news,2026-08-02T11:56:48+00:00,20,2026-08-02T12:19:51.477122+00:00,22.79,3057,0,1,telegram
farsna,454032,1804817,general_news,2026-08-02T11:56:48+00:00,30,2026-08-02T12:27:35.968738+00:00,30.53,3797,0,1,telegram
eghtesadonline,354140,75239,economy,2026-08-02T11:57:44+00:00,20,2026-08-02T12:19:42.981123+00:00,21.86,1391,8,11,telegram
eghtesadonline,354140,75239,economy,2026-08-02T11:57:44+00:00,30,2026-08-02T12:28:44.545630+00:00,30.89,1884,9,11,telegram
farsna,454033,1804817,general_news,2026-08-02T11:57:55+00:00,20,2026-08-02T12:19:51.476825+00:00,21.67,3053,0,0,telegram
farsna,454033,1804817,general_news,2026-08-02T11:57:55+00:00,30,2026-08-02T12:28:53.264634+00:00,30.7,4003,0,0,telegram
khabarfouri,555882,4814534,general_news,2026-08-02T11:58:59+00:00,20,2026-08-02T12:19:38.611518+00:00,20.61,6136,0,0,telegram
khabarfouri,555882,4814534,general_news,2026-08-02T11:58:59+00:00,30,2026-08-02T12:29:57.596333+00:00,30.92,8164,0,0,telegram
thezoomit,98246,129359,technology,2026-08-02T11:59:20+00:00,20,2026-08-02T12:19:35.700699+00:00,20.26,1331,16,3,telegram
thezoomit,98246,129359,technology,2026-08-02T11:59:20+00:00,30,2026-08-02T12:29:54.716364+00:00,30.57,1770,21,4,telegram
footballiapp,493122,49742,sport,2026-08-02T11:59:58+00:00,20,2026-08-02T12:20:57.304095+00:00,20.91,345,1,3,telegram
footballiapp,493122,49742,sport,2026-08-02T11:59:58+00:00,30,2026-08-02T12:31:16.158668+00:00,31.23,440,2,6,telegram
thezoomit,98247,129359,technology,2026-08-02T12:00:44+00:00,20,2026-08-02T12:20:53.037810+00:00,20.14,1335,5,19,telegram
thezoomit,98247,129359,technology,2026-08-02T12:00:44+00:00,30,2026-08-02T12:31:11.820889+00:00,30.46,1861,8,21,telegram
thezoomit,98248,129359,technology,2026-08-02T12:00:44+00:00,20,2026-08-02T12:20:53.037803+00:00,20.14,1399,0,19,telegram
thezoomit,98248,129359,technology,2026-08-02T12:00:44+00:00,30,2026-08-02T12:31:11.820881+00:00,30.46,1956,0,21,telegram
thezoomit,98249,129359,technology,2026-08-02T12:00:44+00:00,20,2026-08-02T12:20:53.037796+00:00,20.14,1521,0,19,telegram
thezoomit,98249,129359,technology,2026-08-02T12:00:44+00:00,30,2026-08-02T12:31:11.820873+00:00,30.46,1984,0,21,telegram
thezoomit,98250,129359,technology,2026-08-02T12:00:44+00:00,20,2026-08-02T12:20:53.037789+00:00,20.14,1523,0,19,telegram
thezoomit,98250,129359,technology,2026-08-02T12:00:44+00:00,30,2026-08-02T12:31:11.820865+00:00,30.46,1986,0,21,telegram
thezoomit,98251,129359,technology,2026-08-02T12:00:45+00:00,20,2026-08-02T12:20:53.037780+00:00,20.13,1555,0,19,telegram
thezoomit,98251,129359,technology,2026-08-02T12:00:45+00:00,30,2026-08-02T12:31:11.820857+00:00,30.44,2144,0,21,telegram
thezoomit,98252,129359,technology,2026-08-02T12:00:45+00:00,20,2026-08-02T12:20:53.037773+00:00,20.13,1587,0,19,telegram
thezoomit,98252,129359,technology,2026-08-02T12:00:45+00:00,30,2026-08-02T12:31:11.820848+00:00,30.44,2111,0,21,telegram
thezoomit,98253,129359,technology,2026-08-02T12:00:45+00:00,20,2026-08-02T12:20:53.037709+00:00,20.13,1587,0,19,telegram
thezoomit,98253,129359,technology,2026-08-02T12:00:45+00:00,30,2026-08-02T12:31:11.820840+00:00,30.44,2114,0,21,telegram
thezoomit,98254,129359,technology,2026-08-02T12:00:45+00:00,20,2026-08-02T12:20:53.037700+00:00,20.13,1614,0,19,telegram
thezoomit,98254,129359,technology,2026-08-02T12:00:45+00:00,30,2026-08-02T12:31:11.820830+00:00,30.44,2265,0,21,telegram
thezoomit,98255,129359,technology,2026-08-02T12:00:45+00:00,20,2026-08-02T12:20:53.037665+00:00,20.13,1613,0,19,telegram
thezoomit,98255,129359,technology,2026-08-02T12:00:45+00:00,30,2026-08-02T12:31:11.820819+00:00,30.44,2298,0,21,telegram
thezoomit,98256,129359,technology,2026-08-02T12:00:45+00:00,20,2026-08-02T12:20:53.037595+00:00,20.13,1645,0,19,telegram
thezoomit,98256,129359,technology,2026-08-02T12:00:45+00:00,30,2026-08-02T12:31:11.820325+00:00,30.44,2234,0,21,telegram
tweetychannel,409559,774907,social_entertainment,2026-08-02T12:01:01+00:00,20,2026-08-02T12:22:21.893837+00:00,21.15,5076,0,0,telegram
tweetychannel,409559,774907,social_entertainment,2026-08-02T12:01:01+00:00,30,2026-08-02T12:31:23.379841+00:00,30.18,6086,0,0,telegram
farsna,454034,1804817,general_news,2026-08-02T12:01:42+00:00,20,2026-08-02T12:22:26.184078+00:00,20.47,3342,0,22,telegram
farsna,454034,1804817,general_news,2026-08-02T12:01:42+00:00,30,2026-08-02T12:32:45.063373+00:00,30.78,4509,0,32,telegram
tweetfrsi,21580,663661,entertainment,2026-08-02T12:01:59+00:00,20,2026-08-02T12:22:19.004334+00:00,20.19,2562,107,10,telegram
tweetfrsi,21580,663661,entertainment,2026-08-02T12:01:59+00:00,30,2026-08-02T12:32:37.880973+00:00,30.5,3209,135,13,telegram
digiato,111006,111106,technology,2026-08-02T12:02:57+00:00,20,2026-08-02T12:23:29.163647+00:00,20.51,1623,57,27,telegram
digiato,111006,111106,technology,2026-08-02T12:02:57+00:00,30,2026-08-02T12:33:47.960965+00:00,30.82,2087,68,30,telegram
digiato,111007,111106,technology,2026-08-02T12:02:57+00:00,20,2026-08-02T12:23:29.163637+00:00,20.51,1682,0,27,telegram
digiato,111007,111106,technology,2026-08-02T12:02:57+00:00,30,2026-08-02T12:33:47.960957+00:00,30.82,2238,0,30,telegram
digiato,111008,111106,technology,2026-08-02T12:02:57+00:00,20,2026-08-02T12:23:29.163619+00:00,20.51,1684,0,27,telegram
digiato,111008,111106,technology,2026-08-02T12:02:57+00:00,30,2026-08-02T12:33:47.960947+00:00,30.82,2240,0,30,telegram
digiato,111009,111106,technology,2026-08-02T12:02:57+00:00,20,2026-08-02T12:23:29.161737+00:00,20.51,1746,0,27,telegram
digiato,111009,111106,technology,2026-08-02T12:02:57+00:00,30,2026-08-02T12:33:47.960642+00:00,30.82,2240,0,30,telegram
tweetychannel,409560,774907,social_entertainment,2026-08-02T12:03:10+00:00,20,2026-08-02T12:23:39.382756+00:00,20.29,5083,17,2,telegram
tweetychannel,409560,774907,social_entertainment,2026-08-02T12:03:10+00:00,30,2026-08-02T12:33:58.069854+00:00,30.6,6096,20,2,telegram
tweetychannel,409561,774907,social_entertainment,2026-08-02T12:03:31+00:00,20,2026-08-02T12:24:56.717499+00:00,21.23,5092,99,1,telegram
tweetychannel,409561,774907,social_entertainment,2026-08-02T12:03:31+00:00,30,2026-08-02T12:33:58.069802+00:00,30.25,6104,122,1,telegram
tweetychannel,409562,774907,social_entertainment,2026-08-02T12:03:31+00:00,20,2026-08-02T12:24:56.717489+00:00,21.23,5092,0,1,telegram
tweetychannel,409562,774907,social_entertainment,2026-08-02T12:03:31+00:00,30,2026-08-02T12:33:58.069742+00:00,30.25,6107,0,1,telegram
tweetychannel,409563,774907,social_entertainment,2026-08-02T12:03:31+00:00,20,2026-08-02T12:24:56.717481+00:00,21.23,5090,0,1,telegram
tweetychannel,409563,774907,social_entertainment,2026-08-02T12:03:31+00:00,30,2026-08-02T12:33:58.069733+00:00,30.25,7107,0,1,telegram
tweetychannel,409564,774907,social_entertainment,2026-08-02T12:03:31+00:00,20,2026-08-02T12:24:56.717471+00:00,21.23,6098,0,1,telegram
tweetychannel,409564,774907,social_entertainment,2026-08-02T12:03:31+00:00,30,2026-08-02T12:33:58.069723+00:00,30.25,7113,0,1,telegram
tweetychannel,409565,774907,social_entertainment,2026-08-02T12:03:31+00:00,20,2026-08-02T12:24:56.717459+00:00,21.23,6096,0,1,telegram
tweetychannel,409565,774907,social_entertainment,2026-08-02T12:03:31+00:00,30,2026-08-02T12:33:58.069638+00:00,30.25,7112,0,1,telegram
tweetychannel,409566,774907,social_entertainment,2026-08-02T12:05:59+00:00,20,2026-08-02T12:26:14.052982+00:00,20.06,6096,151,69,telegram
tweetychannel,409566,774907,social_entertainment,2026-08-02T12:05:59+00:00,30,2026-08-02T12:36:33.220836+00:00,30.37,7110,182,69,telegram
eghtesadonline,354141,75239,economy,2026-08-02T12:09:03+00:00,10,2026-08-02T12:19:42.981029+00:00,10.54,592,0,1,telegram
eghtesadonline,354141,75239,economy,2026-08-02T12:09:03+00:00,20,2026-08-02T12:30:01.850187+00:00,20.86,1236,0,1,telegram
eghtesadonline,354141,75239,economy,2026-08-02T12:09:03+00:00,30,2026-08-02T12:40:20.585574+00:00,31.17,1639,0,1,telegram
farsna,454035,1804817,general_news,2026-08-02T12:09:50+00:00,10,2026-08-02T12:21:08.915268+00:00,11.04,1700,0,1,telegram
farsna,454035,1804817,general_news,2026-08-02T12:09:50+00:00,20,2026-08-02T12:30:10.350717+00:00,20.07,3063,0,1,telegram
farsna,454035,1804817,general_news,2026-08-02T12:09:50+00:00,30,2026-08-02T12:40:29.087152+00:00,30.39,4283,0,8,telegram
farsna,454036,1804817,general_news,2026-08-02T12:09:55+00:00,10,2026-08-02T12:21:08.915015+00:00,10.96,1701,0,11,telegram
farsna,454036,1804817,general_news,2026-08-02T12:09:55+00:00,20,2026-08-02T12:31:27.768314+00:00,21.28,3320,0,11,telegram
farsna,454036,1804817,general_news,2026-08-02T12:09:55+00:00,30,2026-08-02T12:40:29.087142+00:00,30.3,4499,0,13,telegram
tweetychannel,409567,774907,social_entertainment,2026-08-02T12:11:08+00:00,10,2026-08-02T12:22:21.893587+00:00,11.04,4068,120,35,telegram
tweetychannel,409567,774907,social_entertainment,2026-08-02T12:11:08+00:00,20,2026-08-02T12:31:23.379746+00:00,20.06,6088,157,35,telegram
tweetychannel,409567,774907,social_entertainment,2026-08-02T12:11:08+00:00,30,2026-08-02T12:41:41.927991+00:00,30.37,7102,181,35,telegram
akharinkhabar,623828,1959423,general_news,2026-08-02T12:11:54+00:00,5,2026-08-02T12:19:48.576883+00:00,7.69,4094,0,0,telegram
akharinkhabar,623828,1959423,general_news,2026-08-02T12:11:54+00:00,10,2026-08-02T12:22:23.360574+00:00,10.27,5118,0,0,telegram
akharinkhabar,623828,1959423,general_news,2026-08-02T12:11:54+00:00,20,2026-08-02T12:32:42.179469+00:00,20.58,8190,0,0,telegram
akharinkhabar,623828,1959423,general_news,2026-08-02T12:11:54+00:00,30,2026-08-02T12:43:00.710240+00:00,30.89,11272,0,0,telegram
akharinkhabar,623829,1959423,general_news,2026-08-02T12:12:06+00:00,5,2026-08-02T12:19:48.576821+00:00,7.49,3093,0,0,telegram
akharinkhabar,623829,1959423,general_news,2026-08-02T12:12:06+00:00,10,2026-08-02T12:22:23.360377+00:00,10.07,5114,0,0,telegram
akharinkhabar,623829,1959423,general_news,2026-08-02T12:12:06+00:00,20,2026-08-02T12:32:42.179230+00:00,20.38,8189,0,0,telegram
akharinkhabar,623829,1959423,general_news,2026-08-02T12:12:06+00:00,30,2026-08-02T12:43:00.710230+00:00,30.69,11275,0,0,telegram
khabarfouri,555883,4814534,general_news,2026-08-02T12:14:01+00:00,5,2026-08-02T12:19:38.611408+00:00,5.57,2031,0,0,telegram
khabarfouri,555883,4814534,general_news,2026-08-02T12:14:01+00:00,10,2026-08-02T12:24:48.017799+00:00,10.73,4081,0,0,telegram
khabarfouri,555883,4814534,general_news,2026-08-02T12:14:01+00:00,20,2026-08-02T12:35:06.718018+00:00,21.04,6119,0,0,telegram
khabarfouri,555883,4814534,general_news,2026-08-02T12:14:01+00:00,30,2026-08-02T12:44:07.931597+00:00,30.06,8179,0,0,telegram
tweetychannel,409568,774907,social_entertainment,2026-08-02T12:14:51+00:00,5,2026-08-02T12:21:04.672537+00:00,6.03,2045,90,2,telegram
tweetychannel,409568,774907,social_entertainment,2026-08-02T12:14:51+00:00,10,2026-08-02T12:26:14.052717+00:00,11.19,4075,113,2,telegram
tweetychannel,409568,774907,social_entertainment,2026-08-02T12:14:51+00:00,20,2026-08-02T12:35:15.456271+00:00,20.21,6090,135,36,telegram
tweetychannel,409568,774907,social_entertainment,2026-08-02T12:14:51+00:00,30,2026-08-02T12:45:33.868307+00:00,30.52,7104,153,36,telegram
thezoomit,98257,129359,technology,2026-08-02T12:15:04+00:00,5,2026-08-02T12:20:53.036770+00:00,5.81,939,21,12,telegram
thezoomit,98257,129359,technology,2026-08-02T12:15:04+00:00,10,2026-08-02T12:26:02.588535+00:00,10.97,1373,35,13,telegram
thezoomit,98257,129359,technology,2026-08-02T12:15:04+00:00,20,2026-08-02T12:36:21.448241+00:00,21.29,2028,43,19,telegram
thezoomit,98257,129359,technology,2026-08-02T12:15:04+00:00,30,2026-08-02T12:45:22.485290+00:00,30.3,2405,51,21,telegram
footballiapp,493123,49742,sport,2026-08-02T12:16:23+00:00,5,2026-08-02T12:22:14.572595+00:00,5.79,97,1,2,telegram
footballiapp,493123,49742,sport,2026-08-02T12:16:23+00:00,10,2026-08-02T12:27:24.476345+00:00,10.95,160,1,2,telegram
footballiapp,493123,49742,sport,2026-08-02T12:16:23+00:00,20,2026-08-02T12:37:43.294831+00:00,21.26,282,1,2,telegram
footballiapp,493123,49742,sport,2026-08-02T12:16:23+00:00,30,2026-08-02T12:46:43.846924+00:00,30.27,343,1,3,telegram
footballiapp,493124,49742,sport,2026-08-02T12:16:59+00:00,5,2026-08-02T12:22:14.572391+00:00,5.19,98,0,2,telegram
footballiapp,493124,49742,sport,2026-08-02T12:16:59+00:00,10,2026-08-02T12:27:24.474641+00:00,10.35,159,0,2,telegram
footballiapp,493124,49742,sport,2026-08-02T12:16:59+00:00,20,2026-08-02T12:37:43.294820+00:00,20.66,252,0,2,telegram
footballiapp,493124,49742,sport,2026-08-02T12:16:59+00:00,30,2026-08-02T12:48:01.269655+00:00,30.96,343,0,3,telegram
footballiapp,493125,49742,sport,2026-08-02T12:17:37+00:00,5,2026-08-02T12:23:32.154986+00:00,5.84,97,0,2,telegram
footballiapp,493125,49742,sport,2026-08-02T12:17:37+00:00,10,2026-08-02T12:28:41.643423+00:00,11.0,158,0,2,telegram
footballiapp,493125,49742,sport,2026-08-02T12:17:37+00:00,20,2026-08-02T12:37:43.293968+00:00,20.03,250,0,2,telegram
footballiapp,493125,49742,sport,2026-08-02T12:17:37+00:00,30,2026-08-02T12:48:01.269610+00:00,30.33,340,0,3,telegram
footballiapp,493126,49742,sport,2026-08-02T12:18:10+00:00,5,2026-08-02T12:23:32.153915+00:00,5.29,67,0,1,telegram
footballiapp,493126,49742,sport,2026-08-02T12:18:10+00:00,10,2026-08-02T12:28:41.641724+00:00,10.45,160,0,1,telegram
footballiapp,493126,49742,sport,2026-08-02T12:18:10+00:00,20,2026-08-02T12:39:00.618655+00:00,20.77,282,0,2,telegram
footballiapp,493126,49742,sport,2026-08-02T12:18:10+00:00,30,2026-08-02T12:49:18.833907+00:00,31.07,342,0,3,telegram
tweetychannel,409569,774907,social_entertainment,2026-08-02T12:19:09+00:00,5,2026-08-02T12:24:56.717096+00:00,5.6,2044,41,35,telegram
tweetychannel,409569,774907,social_entertainment,2026-08-02T12:19:09+00:00,10,2026-08-02T12:30:06.086066+00:00,10.76,3058,56,35,telegram
tweetychannel,409569,774907,social_entertainment,2026-08-02T12:19:09+00:00,20,2026-08-02T12:40:24.853842+00:00,21.07,5079,69,35,telegram
tweetychannel,409569,774907,social_entertainment,2026-08-02T12:19:09+00:00,30,2026-08-02T12:49:26.010965+00:00,30.09,6091,82,35,telegram
digiato,111010,111106,technology,2026-08-02T12:20:18+00:00,5,2026-08-02T12:26:04.011421+00:00,5.74,682,4,10,telegram
digiato,111010,111106,technology,2026-08-02T12:20:18+00:00,10,2026-08-02T12:31:13.237412+00:00,10.89,1086,12,12,telegram
digiato,111010,111106,technology,2026-08-02T12:20:18+00:00,20,2026-08-02T12:41:32.053319+00:00,21.2,1496,16,16,telegram
digiato,111010,111106,technology,2026-08-02T12:20:18+00:00,30,2026-08-02T12:50:33.170496+00:00,30.23,2060,16,19,telegram
khabarfouri,555884,4814534,general_news,2026-08-02T12:20:24+00:00,5,2026-08-02T12:26:05.473237+00:00,5.64,2033,0,0,telegram
khabarfouri,555884,4814534,general_news,2026-08-02T12:20:24+00:00,10,2026-08-02T12:31:14.633849+00:00,10.79,4082,0,0,telegram
khabarfouri,555884,4814534,general_news,2026-08-02T12:20:24+00:00,20,2026-08-02T12:41:33.448002+00:00,21.1,7149,0,0,telegram
khabarfouri,555884,4814534,general_news,2026-08-02T12:20:24+00:00,30,2026-08-02T12:50:34.569921+00:00,30.13,8186,0,0,telegram
tweetychannel,409570,774907,social_entertainment,2026-08-02T12:21:40+00:00,5,2026-08-02T12:27:31.727956+00:00,5.67,3037,90,2,telegram
tweetychannel,409570,774907,social_entertainment,2026-08-02T12:21:40+00:00,10,2026-08-02T12:32:40.720904+00:00,10.82,4058,110,37,telegram
tweetychannel,409570,774907,social_entertainment,2026-08-02T12:21:40+00:00,20,2026-08-02T12:42:59.302732+00:00,21.12,5076,148,37,telegram
tweetychannel,409570,774907,social_entertainment,2026-08-02T12:21:40+00:00,30,2026-08-02T12:53:11.502901+00:00,31.33,6096,173,71,telegram
tweetychannel,409571,774907,social_entertainment,2026-08-02T12:21:40+00:00,5,2026-08-02T12:27:31.727871+00:00,5.67,3036,0,2,telegram
tweetychannel,409571,774907,social_entertainment,2026-08-02T12:21:40+00:00,10,2026-08-02T12:32:40.720895+00:00,10.82,4058,0,36,telegram
tweetychannel,409571,774907,social_entertainment,2026-08-02T12:21:40+00:00,20,2026-08-02T12:42:59.302684+00:00,21.12,5081,0,37,telegram
tweetychannel,409571,774907,social_entertainment,2026-08-02T12:21:40+00:00,30,2026-08-02T12:53:11.502890+00:00,31.33,6098,0,71,telegram
tweetychannel,409572,774907,social_entertainment,2026-08-02T12:22:03+00:00,5,2026-08-02T12:27:31.727817+00:00,5.28,2037,78,1,telegram
tweetychannel,409572,774907,social_entertainment,2026-08-02T12:22:03+00:00,10,2026-08-02T12:32:40.720880+00:00,10.43,4064,96,1,telegram
tweetychannel,409572,774907,social_entertainment,2026-08-02T12:22:03+00:00,20,2026-08-02T12:42:59.302584+00:00,20.74,6086,131,1,telegram
tweetychannel,409572,774907,social_entertainment,2026-08-02T12:22:03+00:00,30,2026-08-02T12:53:11.502881+00:00,30.95,7107,144,1,telegram
farsna,454037,1804817,general_news,2026-08-02T12:22:08+00:00,5,2026-08-02T12:27:35.968360+00:00,5.2,938,0,12,telegram
farsna,454037,1804817,general_news,2026-08-02T12:22:08+00:00,10,2026-08-02T12:32:45.063096+00:00,10.35,1820,0,13,telegram
farsna,454037,1804817,general_news,2026-08-02T12:22:08+00:00,20,2026-08-02T12:43:03.496283+00:00,20.66,3407,0,16,telegram
farsna,454037,1804817,general_news,2026-08-02T12:22:08+00:00,30,2026-08-02T12:53:15.756372+00:00,30.87,4099,0,17,telegram
eghtesadonline,354142,75239,economy,2026-08-02T12:23:01+00:00,5,2026-08-02T12:28:44.545160+00:00,5.6,593,2,5,telegram
eghtesadonline,354142,75239,economy,2026-08-02T12:23:01+00:00,10,2026-08-02T12:33:53.718019+00:00,10.75,880,3,6,telegram
eghtesadonline,354142,75239,economy,2026-08-02T12:23:01+00:00,20,2026-08-02T12:44:12.375394+00:00,21.06,1384,5,6,telegram
eghtesadonline,354142,75239,economy,2026-08-02T12:23:01+00:00,30,2026-08-02T12:54:24.391869+00:00,31.27,1766,5,6,telegram
aa_persian,127806,7936,international_news,2026-08-02T12:25:22+00:00,5,2026-08-02T12:31:26.344436+00:00,5.83,29,0,0,telegram
aa_persian,127806,7936,international_news,2026-08-02T12:25:22+00:00,10,2026-08-02T12:36:36.062368+00:00,10.99,43,0,0,telegram
aa_persian,127806,7936,international_news,2026-08-02T12:25:22+00:00,20,2026-08-02T12:45:36.645661+00:00,20.0,61,0,0,telegram
aa_persian,127806,7936,international_news,2026-08-02T12:25:22+00:00,30,2026-08-02T12:55:48.686406+00:00,30.2,73,0,0,telegram
aa_persian,127807,7936,international_news,2026-08-02T12:25:22+00:00,5,2026-08-02T12:31:26.344424+00:00,5.83,29,0,0,telegram
aa_persian,127807,7936,international_news,2026-08-02T12:25:22+00:00,10,2026-08-02T12:36:36.062359+00:00,10.99,42,0,0,telegram
aa_persian,127807,7936,international_news,2026-08-02T12:25:22+00:00,20,2026-08-02T12:45:36.645652+00:00,20.0,63,0,0,telegram
aa_persian,127807,7936,international_news,2026-08-02T12:25:22+00:00,30,2026-08-02T12:55:48.686384+00:00,30.2,76,0,0,telegram
aa_persian,127808,7936,international_news,2026-08-02T12:25:22+00:00,5,2026-08-02T12:31:26.344412+00:00,5.83,28,0,0,telegram
aa_persian,127808,7936,international_news,2026-08-02T12:25:22+00:00,10,2026-08-02T12:36:36.062345+00:00,10.99,41,0,0,telegram
aa_persian,127808,7936,international_news,2026-08-02T12:25:22+00:00,20,2026-08-02T12:45:36.645643+00:00,20.0,60,0,0,telegram
aa_persian,127808,7936,international_news,2026-08-02T12:25:22+00:00,30,2026-08-02T12:55:48.686349+00:00,30.2,75,0,0,telegram
aa_persian,127809,7936,international_news,2026-08-02T12:25:22+00:00,5,2026-08-02T12:31:26.343993+00:00,5.83,29,0,0,telegram
aa_persian,127809,7936,international_news,2026-08-02T12:25:22+00:00,10,2026-08-02T12:36:36.061793+00:00,10.99,41,0,0,telegram
aa_persian,127809,7936,international_news,2026-08-02T12:25:22+00:00,20,2026-08-02T12:45:36.645623+00:00,20.0,61,0,0,telegram
aa_persian,127809,7936,international_news,2026-08-02T12:25:22+00:00,30,2026-08-02T12:55:48.685638+00:00,30.2,76,0,0,telegram
footballiapp,493127,49742,sport,2026-08-02T12:25:52+00:00,5,2026-08-02T12:31:16.158589+00:00,5.33,127,0,2,telegram
footballiapp,493127,49742,sport,2026-08-02T12:25:52+00:00,10,2026-08-02T12:36:25.915225+00:00,10.49,189,0,2,telegram
footballiapp,493127,49742,sport,2026-08-02T12:25:52+00:00,20,2026-08-02T12:46:43.846904+00:00,20.79,281,0,3,telegram
footballiapp,493127,49742,sport,2026-08-02T12:25:52+00:00,30,2026-08-02T12:56:55.925265+00:00,30.99,342,0,3,telegram
tweetychannel,409573,774907,social_entertainment,2026-08-02T12:27:09+00:00,5,2026-08-02T12:32:40.720823+00:00,5.33,2038,14,1,telegram
tweetychannel,409573,774907,social_entertainment,2026-08-02T12:27:09+00:00,10,2026-08-02T12:37:50.694679+00:00,10.5,3053,16,35,telegram
tweetychannel,409573,774907,social_entertainment,2026-08-02T12:27:09+00:00,20,2026-08-02T12:48:08.356653+00:00,20.79,5081,20,35,telegram
tweetychannel,409573,774907,social_entertainment,2026-08-02T12:27:09+00:00,30,2026-08-02T12:58:20.177896+00:00,30.99,6095,22,35,telegram
varzesh3,298708,1296311,sport,2026-08-02T12:27:33+00:00,5,2026-08-02T12:33:52.309230+00:00,6.22,13453,0,0,telegram
varzesh3,298708,1296311,sport,2026-08-02T12:27:33+00:00,10,2026-08-02T12:37:44.912223+00:00,10.1,17641,0,0,telegram
varzesh3,298708,1296311,sport,2026-08-02T12:27:33+00:00,20,2026-08-02T12:48:02.740237+00:00,20.39,27015,0,0,telegram
varzesh3,298708,1296311,sport,2026-08-02T12:27:33+00:00,30,2026-08-02T12:58:14.483918+00:00,30.59,34323,0,0,telegram
akharinkhabar,623830,1959423,general_news,2026-08-02T12:29:04+00:00,5,2026-08-02T12:35:16.968004+00:00,5.99,2068,0,0,telegram
akharinkhabar,623830,1959423,general_news,2026-08-02T12:29:04+00:00,10,2026-08-02T12:40:26.253677+00:00,11.15,5134,0,0,telegram
akharinkhabar,623830,1959423,general_news,2026-08-02T12:29:04+00:00,20,2026-08-02T12:49:27.442909+00:00,20.17,8203,0,0,telegram
akharinkhabar,623830,1959423,general_news,2026-08-02T12:29:04+00:00,30,2026-08-02T12:59:39.259489+00:00,30.36,10244,0,0,telegram
tweetychannel,409574,774907,social_entertainment,2026-08-02T12:29:47+00:00,5,2026-08-02T12:35:15.455682+00:00,5.28,2046,79,1,telegram
tweetychannel,409574,774907,social_entertainment,2026-08-02T12:29:47+00:00,10,2026-08-02T12:40:24.853752+00:00,10.44,3062,100,1,telegram
tweetychannel,409574,774907,social_entertainment,2026-08-02T12:29:47+00:00,20,2026-08-02T12:50:43.159642+00:00,20.74,5083,142,35,telegram
tweetychannel,409574,774907,social_entertainment,2026-08-02T12:29:47+00:00,30,2026-08-02T13:00:59.395929+00:00,30.94,6100,167,35,telegram
footballiapp,493128,49742,sport,2026-08-02T12:29:52+00:00,5,2026-08-02T12:35:08.193036+00:00,5.19,95,0,1,telegram
footballiapp,493128,49742,sport,2026-08-02T12:29:52+00:00,10,2026-08-02T12:40:17.710141+00:00,10.35,156,0,1,telegram
footballiapp,493128,49742,sport,2026-08-02T12:29:52+00:00,20,2026-08-02T12:50:36.004167+00:00,20.66,246,0,2,telegram
footballiapp,493128,49742,sport,2026-08-02T12:29:52+00:00,30,2026-08-02T13:00:52.262040+00:00,30.85,307,0,2,telegram
footballiapp,493129,49742,sport,2026-08-02T12:29:58+00:00,5,2026-08-02T12:35:08.192774+00:00,5.09,95,0,2,telegram
footballiapp,493129,49742,sport,2026-08-02T12:29:58+00:00,10,2026-08-02T12:40:17.710074+00:00,10.25,186,0,2,telegram
footballiapp,493129,49742,sport,2026-08-02T12:29:58+00:00,20,2026-08-02T12:50:36.004157+00:00,20.56,276,0,2,telegram
footballiapp,493129,49742,sport,2026-08-02T12:29:58+00:00,30,2026-08-02T13:00:52.262019+00:00,30.75,367,0,2,telegram
persiantwix,9541,1045661,entertainment,2026-08-02T12:30:00+00:00,5,2026-08-02T12:35:14.029027+00:00,5.06,2159,331,40,telegram
persiantwix,9541,1045661,entertainment,2026-08-02T12:30:00+00:00,10,2026-08-02T12:40:23.404872+00:00,10.22,3686,515,60,telegram
persiantwix,9541,1045661,entertainment,2026-08-02T12:30:00+00:00,20,2026-08-02T12:50:41.755965+00:00,20.53,5523,687,70,telegram
persiantwix,9541,1045661,entertainment,2026-08-02T12:30:00+00:00,30,2026-08-02T13:00:57.988547+00:00,30.72,7000,831,82,telegram
akharinkhabar,623831,1959423,general_news,2026-08-02T12:30:01+00:00,5,2026-08-02T12:35:16.967688+00:00,5.04,2060,0,0,telegram
akharinkhabar,623831,1959423,general_news,2026-08-02T12:30:01+00:00,10,2026-08-02T12:40:26.253389+00:00,10.2,5129,0,0,telegram
akharinkhabar,623831,1959423,general_news,2026-08-02T12:30:01+00:00,20,2026-08-02T12:50:44.560342+00:00,20.51,8199,0,0,telegram
akharinkhabar,623831,1959423,general_news,2026-08-02T12:30:01+00:00,30,2026-08-02T13:01:00.799789+00:00,30.7,10248,0,0,telegram
thezoomit,98258,129359,technology,2026-08-02T12:30:05+00:00,5,2026-08-02T12:36:21.447522+00:00,6.27,693,8,9,telegram
thezoomit,98258,129359,technology,2026-08-02T12:30:05+00:00,10,2026-08-02T12:40:13.445351+00:00,10.14,948,11,13,telegram
tweetychannel,409575,774907,social_entertainment,2026-08-02T12:31:01+00:00,5,2026-08-02T12:36:33.220539+00:00,5.34,1015,0,0,telegram
tweetychannel,409575,774907,social_entertainment,2026-08-02T12:31:01+00:00,10,2026-08-02T12:41:41.927959+00:00,10.49,1020,0,0,telegram
tweetychannel,409575,774907,social_entertainment,2026-08-02T12:31:01+00:00,20,2026-08-02T12:53:11.502866+00:00,21.98,2031,0,0,telegram
tweetychannel,409575,774907,social_entertainment,2026-08-02T12:31:01+00:00,30,2026-08-02T13:02:16.654419+00:00,31.06,3041,0,0,telegram
tweetychannel,409576,774907,social_entertainment,2026-08-02T12:31:25+00:00,5,2026-08-02T12:37:50.694305+00:00,6.23,2041,46,1,telegram
tweetychannel,409576,774907,social_entertainment,2026-08-02T12:31:25+00:00,10,2026-08-02T12:41:41.927879+00:00,10.09,3056,59,1,telegram
tweetychannel,409576,774907,social_entertainment,2026-08-02T12:31:25+00:00,20,2026-08-02T12:53:11.502853+00:00,21.58,5087,78,1,telegram
tweetychannel,409576,774907,social_entertainment,2026-08-02T12:31:25+00:00,30,2026-08-02T13:02:16.654412+00:00,30.66,6101,92,1,telegram
varzesh3,298709,1296311,sport,2026-08-02T12:32:41+00:00,5,2026-08-02T12:39:02.093324+00:00,6.25,10409,0,0,telegram
varzesh3,298709,1296311,sport,2026-08-02T12:32:41+00:00,10,2026-08-02T12:42:53.518571+00:00,10.11,15592,0,0,telegram
varzesh3,298709,1296311,sport,2026-08-02T12:32:41+00:00,20,2026-08-02T12:53:05.823748+00:00,20.32,25023,0,0,telegram
varzesh3,298709,1296311,sport,2026-08-02T12:32:41+00:00,30,2026-08-02T13:03:28.152304+00:00,30.69,32333,0,0,telegram
varzesh3,298710,1296311,sport,2026-08-02T12:32:43+00:00,5,2026-08-02T12:39:02.093095+00:00,6.22,10418,0,1,telegram
varzesh3,298710,1296311,sport,2026-08-02T12:32:43+00:00,10,2026-08-02T12:42:53.517833+00:00,10.07,15601,0,1,telegram
varzesh3,298710,1296311,sport,2026-08-02T12:32:43+00:00,20,2026-08-02T12:53:05.823392+00:00,20.28,25034,0,1,telegram
varzesh3,298710,1296311,sport,2026-08-02T12:32:43+00:00,30,2026-08-02T13:03:28.152254+00:00,30.65,33387,0,35,telegram
tweetychannel,409577,774907,social_entertainment,2026-08-02T12:32:49+00:00,5,2026-08-02T12:39:07.718188+00:00,6.12,2035,44,1,telegram
tweetychannel,409577,774907,social_entertainment,2026-08-02T12:32:49+00:00,10,2026-08-02T12:44:16.591347+00:00,11.26,3052,58,35,telegram
tweetychannel,409577,774907,social_entertainment,2026-08-02T12:32:49+00:00,20,2026-08-02T12:53:11.502843+00:00,20.18,5078,64,35,telegram
tweetychannel,409577,774907,social_entertainment,2026-08-02T12:32:49+00:00,30,2026-08-02T13:03:33.810243+00:00,30.55,7095,75,35,telegram
tweetychannel,409578,774907,social_entertainment,2026-08-02T12:32:49+00:00,5,2026-08-02T12:39:07.717502+00:00,6.12,2036,0,1,telegram
tweetychannel,409578,774907,social_entertainment,2026-08-02T12:32:49+00:00,10,2026-08-02T12:44:16.591063+00:00,11.26,3056,0,35,telegram
tweetychannel,409578,774907,social_entertainment,2026-08-02T12:32:49+00:00,20,2026-08-02T12:53:11.502834+00:00,20.18,5078,0,35,telegram
tweetychannel,409578,774907,social_entertainment,2026-08-02T12:32:49+00:00,30,2026-08-02T13:03:33.810234+00:00,30.55,7097,0,35,telegram
footballiapp,493130,49742,sport,2026-08-02T12:32:52+00:00,5,2026-08-02T12:39:00.616309+00:00,6.07,123,0,1,telegram
footballiapp,493130,49742,sport,2026-08-02T12:32:52+00:00,10,2026-08-02T12:44:09.380903+00:00,11.21,214,0,1,telegram
footballiapp,493130,49742,sport,2026-08-02T12:32:52+00:00,20,2026-08-02T12:53:04.373408+00:00,20.13,276,0,1,telegram
footballiapp,493130,49742,sport,2026-08-02T12:32:52+00:00,30,2026-08-02T13:03:26.727302+00:00,30.5,338,0,1,telegram
tweetfrsi,21581,663661,entertainment,2026-08-02T12:33:02+00:00,5,2026-08-02T12:39:04.916261+00:00,5.9,950,64,17,telegram
tweetfrsi,21581,663661,entertainment,2026-08-02T12:33:02+00:00,10,2026-08-02T12:44:13.787429+00:00,11.05,1435,85,24,telegram
tweetfrsi,21581,663661,entertainment,2026-08-02T12:33:02+00:00,20,2026-08-02T12:54:25.938791+00:00,21.25,2105,110,30,telegram
tweetfrsi,21581,663661,entertainment,2026-08-02T12:33:02+00:00,30,2026-08-02T13:03:30.975287+00:00,30.34,2924,133,33,telegram
eghtesadonline,354143,75239,economy,2026-08-02T12:33:25+00:00,5,2026-08-02T12:39:03.493885+00:00,5.52,341,0,3,telegram
eghtesadonline,354143,75239,economy,2026-08-02T12:33:25+00:00,10,2026-08-02T12:44:12.375337+00:00,10.66,649,0,4,telegram
eghtesadonline,354143,75239,economy,2026-08-02T12:33:25+00:00,20,2026-08-02T12:54:24.391853+00:00,20.87,1178,0,5,telegram
eghtesadonline,354143,75239,economy,2026-08-02T12:33:25+00:00,30,2026-08-02T13:04:46.593241+00:00,31.24,1674,1,5,telegram
farsna,454038,1804817,general_news,2026-08-02T12:34:35+00:00,5,2026-08-02T12:40:29.086916+00:00,5.64,1587,0,16,telegram
farsna,454038,1804817,general_news,2026-08-02T12:34:35+00:00,10,2026-08-02T12:45:38.085019+00:00,10.79,2328,0,20,telegram
farsna,454038,1804817,general_news,2026-08-02T12:34:35+00:00,20,2026-08-02T12:55:50.163810+00:00,20.99,3170,0,21,telegram
farsna,454038,1804817,general_news,2026-08-02T12:34:35+00:00,30,2026-08-02T13:04:55.157318+00:00,30.07,4131,0,22,telegram
akharinkhabar,623832,1959423,general_news,2026-08-02T12:35:34+00:00,5,2026-08-02T12:41:43.328250+00:00,5.94,4102,0,0,telegram
akharinkhabar,623832,1959423,general_news,2026-08-02T12:35:34+00:00,10,2026-08-02T12:46:52.550283+00:00,11.09,6147,0,0,telegram
akharinkhabar,623832,1959423,general_news,2026-08-02T12:35:34+00:00,20,2026-08-02T12:55:47.260102+00:00,20.0,8189,0,0,telegram
akharinkhabar,623832,1959423,general_news,2026-08-02T12:35:34+00:00,30,2026-08-02T13:06:09.458173+00:00,30.37,10237,0,0,telegram
footballiapp,493131,49742,sport,2026-08-02T12:35:52+00:00,5,2026-08-02T12:41:34.895587+00:00,5.64,122,0,1,telegram
footballiapp,493131,49742,sport,2026-08-02T12:35:52+00:00,10,2026-08-02T12:46:43.846706+00:00,10.79,183,0,1,telegram
footballiapp,493131,49742,sport,2026-08-02T12:35:52+00:00,20,2026-08-02T12:56:55.923240+00:00,20.99,276,0,1,telegram
footballiapp,493131,49742,sport,2026-08-02T12:35:52+00:00,30,2026-08-02T13:06:00.903819+00:00,30.07,338,0,1,telegram
akharinkhabar,623833,1959423,general_news,2026-08-02T12:37:16+00:00,5,2026-08-02T12:43:00.710204+00:00,5.52,3091,0,0,telegram
akharinkhabar,623833,1959423,general_news,2026-08-02T12:37:16+00:00,10,2026-08-02T12:48:09.849338+00:00,10.68,6142,0,1,telegram
akharinkhabar,623833,1959423,general_news,2026-08-02T12:37:16+00:00,20,2026-08-02T12:58:21.570874+00:00,20.88,8203,0,1,telegram
akharinkhabar,623833,1959423,general_news,2026-08-02T12:37:16+00:00,30,2026-08-02T13:08:43.705407+00:00,31.24,11258,0,1,telegram
akharinkhabar,623834,1959423,general_news,2026-08-02T12:37:16+00:00,5,2026-08-02T12:43:00.710155+00:00,5.52,4098,0,0,telegram
akharinkhabar,623834,1959423,general_news,2026-08-02T12:37:16+00:00,10,2026-08-02T12:48:09.849326+00:00,10.68,6143,0,1,telegram
akharinkhabar,623834,1959423,general_news,2026-08-02T12:37:16+00:00,20,2026-08-02T12:58:21.570643+00:00,20.88,8203,0,1,telegram
akharinkhabar,623834,1959423,general_news,2026-08-02T12:37:16+00:00,30,2026-08-02T13:08:43.705300+00:00,31.24,11256,0,1,telegram
aa_persian,127810,7936,international_news,2026-08-02T12:37:24+00:00,5,2026-08-02T12:43:02.077515+00:00,5.39,18,0,0,telegram
aa_persian,127810,7936,international_news,2026-08-02T12:37:24+00:00,10,2026-08-02T12:48:11.475533+00:00,10.54,31,0,0,telegram
aa_persian,127810,7936,international_news,2026-08-02T12:37:24+00:00,20,2026-08-02T12:58:22.990438+00:00,20.74,49,0,0,telegram
aa_persian,127810,7936,international_news,2026-08-02T12:37:24+00:00,30,2026-08-02T13:08:45.112686+00:00,31.11,65,0,0,telegram
khabarfouri,555885,4814534,general_news,2026-08-02T12:37:32+00:00,5,2026-08-02T12:42:50.513734+00:00,5.26,2057,0,0,telegram
khabarfouri,555885,4814534,general_news,2026-08-02T12:37:32+00:00,10,2026-08-02T12:47:59.768690+00:00,10.41,4102,0,0,telegram
khabarfouri,555885,4814534,general_news,2026-08-02T12:37:32+00:00,20,2026-08-02T12:58:11.604900+00:00,20.61,6142,0,0,telegram
khabarfouri,555885,4814534,general_news,2026-08-02T12:37:32+00:00,30,2026-08-02T13:08:33.784573+00:00,30.98,8198,0,0,telegram
tweetychannel,409579,774907,social_entertainment,2026-08-02T12:39:12+00:00,5,2026-08-02T12:45:33.867961+00:00,6.17,2044,45,1,telegram
tweetychannel,409579,774907,social_entertainment,2026-08-02T12:39:12+00:00,10,2026-08-02T12:49:26.010196+00:00,10.04,3058,50,1,telegram
tweetychannel,409579,774907,social_entertainment,2026-08-02T12:39:12+00:00,20,2026-08-02T12:59:37.760704+00:00,20.23,5082,71,1,telegram
tweetychannel,409579,774907,social_entertainment,2026-08-02T12:39:12+00:00,30,2026-08-02T13:09:59.410192+00:00,30.6,6102,81,35,telegram
aa_persian,127811,7936,international_news,2026-08-02T12:39:22+00:00,5,2026-08-02T12:45:36.645266+00:00,6.0,24,0,2,telegram
aa_persian,127811,7936,international_news,2026-08-02T12:39:22+00:00,10,2026-08-02T12:50:45.962643+00:00,11.16,41,0,2,telegram
aa_persian,127811,7936,international_news,2026-08-02T12:39:22+00:00,20,2026-08-02T12:59:40.676894+00:00,20.06,60,0,2,telegram
aa_persian,127811,7936,international_news,2026-08-02T12:39:22+00:00,30,2026-08-02T13:10:02.274037+00:00,30.43,78,0,2,telegram
footballiapp,493132,49742,sport,2026-08-02T12:39:52+00:00,5,2026-08-02T12:45:26.708355+00:00,5.5,123,0,1,telegram
footballiapp,493132,49742,sport,2026-08-02T12:39:52+00:00,10,2026-08-02T12:50:36.003936+00:00,10.66,184,0,1,telegram
footballiapp,493132,49742,sport,2026-08-02T12:39:52+00:00,20,2026-08-02T13:00:52.261981+00:00,20.85,276,0,1,telegram
footballiapp,493132,49742,sport,2026-08-02T12:39:52+00:00,30,2026-08-02T13:11:09.785379+00:00,31.22,369,0,1,telegram
digiato,111011,111106,technology,2026-08-02T12:40:18+00:00,5,2026-08-02T12:45:23.918634+00:00,5.07,690,3,6,telegram
digiato,111011,111106,technology,2026-08-02T12:40:18+00:00,10,2026-08-02T12:50:33.169679+00:00,10.23,1034,8,11,telegram
digiato,111011,111106,technology,2026-08-02T12:40:18+00:00,20,2026-08-02T13:00:49.251407+00:00,20.42,1593,12,18,telegram
digiato,111011,111106,technology,2026-08-02T12:40:18+00:00,30,2026-08-02T13:11:06.888748+00:00,30.78,2099,16,22,telegram
footballiapp,493133,49742,sport,2026-08-02T12:40:36+00:00,5,2026-08-02T12:46:43.845627+00:00,6.05,126,0,2,telegram
footballiapp,493133,49742,sport,2026-08-02T12:40:36+00:00,10,2026-08-02T12:53:04.373365+00:00,12.4,220,0,2,telegram
footballiapp,493133,49742,sport,2026-08-02T12:40:36+00:00,20,2026-08-02T13:00:52.261835+00:00,20.12,311,0,3,telegram
footballiapp,493133,49742,sport,2026-08-02T12:40:36+00:00,30,2026-08-02T13:11:09.785368+00:00,30.48,434,0,4,telegram
tweetychannel,409580,774907,social_entertainment,2026-08-02T12:41:23+00:00,5,2026-08-02T12:46:51.132353+00:00,5.27,2041,29,1,telegram
tweetychannel,409580,774907,social_entertainment,2026-08-02T12:41:23+00:00,10,2026-08-02T12:53:11.502820+00:00,11.62,3061,61,1,telegram
tweetychannel,409580,774907,social_entertainment,2026-08-02T12:41:23+00:00,20,2026-08-02T13:02:16.654389+00:00,20.7,5091,92,1,telegram
tweetychannel,409580,774907,social_entertainment,2026-08-02T12:41:23+00:00,30,2026-08-02T13:12:34.278647+00:00,30.99,6107,119,1,telegram
tweetychannel,409581,774907,social_entertainment,2026-08-02T12:41:24+00:00,5,2026-08-02T12:46:51.132086+00:00,5.25,2049,4,35,telegram
tweetychannel,409581,774907,social_entertainment,2026-08-02T12:41:24+00:00,10,2026-08-02T12:53:11.502805+00:00,11.6,4067,9,69,telegram
tweetychannel,409581,774907,social_entertainment,2026-08-02T12:41:24+00:00,20,2026-08-02T13:02:16.654379+00:00,20.68,6100,11,103,telegram
tweetychannel,409581,774907,social_entertainment,2026-08-02T12:41:24+00:00,30,2026-08-02T13:12:34.278637+00:00,30.98,7118,12,137,telegram
farsna,454039,1804817,general_news,2026-08-02T12:42:04+00:00,5,2026-08-02T12:48:12.880126+00:00,5.88,956,0,2,telegram
farsna,454039,1804817,general_news,2026-08-02T12:42:04+00:00,10,2026-08-02T12:53:15.756234+00:00,10.93,1639,0,3,telegram
farsna,454039,1804817,general_news,2026-08-02T12:42:04+00:00,20,2026-08-02T13:02:20.893940+00:00,20.01,2453,0,4,telegram
farsna,454039,1804817,general_news,2026-08-02T12:42:04+00:00,30,2026-08-02T13:12:38.511497+00:00,30.31,3826,0,4,telegram
farsna,454040,1804817,general_news,2026-08-02T12:42:04+00:00,5,2026-08-02T12:48:12.880063+00:00,5.88,933,0,3,telegram
farsna,454040,1804817,general_news,2026-08-02T12:42:04+00:00,10,2026-08-02T12:53:15.756214+00:00,10.93,1525,0,4,telegram
farsna,454040,1804817,general_news,2026-08-02T12:42:04+00:00,20,2026-08-02T13:02:20.893930+00:00,20.01,2399,0,5,telegram
farsna,454040,1804817,general_news,2026-08-02T12:42:04+00:00,30,2026-08-02T13:12:38.511489+00:00,30.31,3744,0,5,telegram
farsna,454041,1804817,general_news,2026-08-02T12:42:04+00:00,5,2026-08-02T12:48:12.879990+00:00,5.88,1028,0,1,telegram
farsna,454041,1804817,general_news,2026-08-02T12:42:04+00:00,10,2026-08-02T12:53:15.756195+00:00,10.93,1525,0,2,telegram
farsna,454041,1804817,general_news,2026-08-02T12:42:04+00:00,20,2026-08-02T13:02:20.893921+00:00,20.01,2400,0,3,telegram
farsna,454041,1804817,general_news,2026-08-02T12:42:04+00:00,30,2026-08-02T13:12:38.511480+00:00,30.31,3745,0,3,telegram
farsna,454042,1804817,general_news,2026-08-02T12:42:04+00:00,5,2026-08-02T12:48:12.879980+00:00,5.88,929,0,2,telegram
farsna,454042,1804817,general_news,2026-08-02T12:42:04+00:00,10,2026-08-02T12:53:15.756175+00:00,10.93,1521,0,3,telegram
farsna,454042,1804817,general_news,2026-08-02T12:42:04+00:00,20,2026-08-02T13:02:20.893912+00:00,20.01,2393,0,4,telegram
farsna,454042,1804817,general_news,2026-08-02T12:42:04+00:00,30,2026-08-02T13:12:38.511472+00:00,30.31,3738,0,4,telegram
farsna,454043,1804817,general_news,2026-08-02T12:42:04+00:00,5,2026-08-02T12:48:12.879965+00:00,5.88,929,0,2,telegram
farsna,454043,1804817,general_news,2026-08-02T12:42:04+00:00,10,2026-08-02T12:53:15.756154+00:00,10.93,1519,0,3,telegram
farsna,454043,1804817,general_news,2026-08-02T12:42:04+00:00,20,2026-08-02T13:02:20.893903+00:00,20.01,2425,0,4,telegram
farsna,454043,1804817,general_news,2026-08-02T12:42:04+00:00,30,2026-08-02T13:12:38.511463+00:00,30.31,4105,0,4,telegram
farsna,454044,1804817,general_news,2026-08-02T12:42:04+00:00,5,2026-08-02T12:48:12.879799+00:00,5.88,934,0,2,telegram
farsna,454044,1804817,general_news,2026-08-02T12:42:04+00:00,10,2026-08-02T12:53:15.756127+00:00,10.93,1555,0,3,telegram
farsna,454044,1804817,general_news,2026-08-02T12:42:04+00:00,20,2026-08-02T13:02:20.893893+00:00,20.01,2406,0,4,telegram
farsna,454044,1804817,general_news,2026-08-02T12:42:04+00:00,30,2026-08-02T13:12:38.511437+00:00,30.31,4085,0,4,telegram
farsna,454045,1804817,general_news,2026-08-02T12:42:04+00:00,5,2026-08-02T12:48:12.879310+00:00,5.88,937,0,3,telegram
farsna,454045,1804817,general_news,2026-08-02T12:42:04+00:00,10,2026-08-02T12:53:15.755673+00:00,10.93,1497,0,4,telegram
farsna,454045,1804817,general_news,2026-08-02T12:42:04+00:00,20,2026-08-02T13:02:20.893877+00:00,20.01,2438,0,5,telegram
farsna,454045,1804817,general_news,2026-08-02T12:42:04+00:00,30,2026-08-02T13:12:38.511422+00:00,30.31,4117,0,5,telegram
tweetychannel,409582,774907,social_entertainment,2026-08-02T12:42:07+00:00,5,2026-08-02T12:48:08.356314+00:00,5.83,2047,114,1,telegram
tweetychannel,409582,774907,social_entertainment,2026-08-02T12:42:07+00:00,10,2026-08-02T12:53:11.502712+00:00,10.88,3061,170,36,telegram
tweetychannel,409582,774907,social_entertainment,2026-08-02T12:42:07+00:00,20,2026-08-02T13:03:33.810208+00:00,21.25,6103,203,36,telegram
tweetychannel,409582,774907,social_entertainment,2026-08-02T12:42:07+00:00,30,2026-08-02T13:12:34.278628+00:00,30.26,7119,227,36,telegram
akharinkhabar,623835,1959423,general_news,2026-08-02T12:42:43+00:00,5,2026-08-02T12:48:09.849057+00:00,5.23,2073,0,0,telegram
akharinkhabar,623835,1959423,general_news,2026-08-02T12:42:43+00:00,10,2026-08-02T12:53:12.905112+00:00,10.28,4117,0,0,telegram
akharinkhabar,623835,1959423,general_news,2026-08-02T12:42:43+00:00,20,2026-08-02T13:03:35.254358+00:00,20.65,7177,0,0,telegram
akharinkhabar,623835,1959423,general_news,2026-08-02T12:42:43+00:00,30,2026-08-02T13:13:52.891537+00:00,30.95,10257,0,0,telegram
akharinkhabar,623836,1959423,general_news,2026-08-02T12:43:13+00:00,5,2026-08-02T12:49:27.442556+00:00,6.02,3081,0,0,telegram
akharinkhabar,623836,1959423,general_news,2026-08-02T12:43:13+00:00,10,2026-08-02T12:54:30.120477+00:00,11.07,4119,0,0,telegram
akharinkhabar,623836,1959423,general_news,2026-08-02T12:43:13+00:00,20,2026-08-02T13:03:35.247646+00:00,20.15,7168,0,1,telegram
akharinkhabar,623836,1959423,general_news,2026-08-02T12:43:13+00:00,30,2026-08-02T13:13:52.891460+00:00,30.45,10254,0,1,telegram
eghtesadonline,354144,75239,economy,2026-08-02T12:43:48+00:00,5,2026-08-02T12:49:21.812499+00:00,5.44,402,1,2,telegram
eghtesadonline,354144,75239,economy,2026-08-02T12:43:48+00:00,10,2026-08-02T12:54:24.390554+00:00,10.48,684,1,2,telegram
eghtesadonline,354144,75239,economy,2026-08-02T12:43:48+00:00,20,2026-08-02T13:04:46.591191+00:00,20.85,1276,5,4,telegram
eghtesadonline,354144,75239,economy,2026-08-02T12:43:48+00:00,30,2026-08-02T13:15:04.467052+00:00,31.15,1769,9,4,telegram
footballiapp,493134,49742,sport,2026-08-02T12:47:52+00:00,5,2026-08-02T12:53:04.369993+00:00,5.13,96,1,1,telegram
footballiapp,493134,49742,sport,2026-08-02T12:47:52+00:00,10,2026-08-02T12:58:13.032299+00:00,10.28,186,1,2,telegram
footballiapp,493134,49742,sport,2026-08-02T12:47:52+00:00,20,2026-08-02T13:08:35.266597+00:00,20.64,310,1,2,telegram
footballiapp,493134,49742,sport,2026-08-02T12:47:52+00:00,30,2026-08-02T13:18:52.939411+00:00,30.94,431,1,2,telegram
tweetychannel,409583,774907,social_entertainment,2026-08-02T12:51:05+00:00,5,2026-08-02T12:57:03.015623+00:00,5.77,2039,179,2,telegram
tweetychannel,409583,774907,social_entertainment,2026-08-02T12:51:05+00:00,10,2026-08-02T13:02:16.654284+00:00,11.0,4069,258,36,telegram
tweetychannel,409583,774907,social_entertainment,2026-08-02T12:51:05+00:00,20,2026-08-02T13:12:34.278618+00:00,21.29,6094,324,36,telegram
tweetychannel,409583,774907,social_entertainment,2026-08-02T12:51:05+00:00,30,2026-08-02T13:21:34.636112+00:00,30.3,7121,402,70,telegram
tweetychannel,409584,774907,social_entertainment,2026-08-02T12:53:09+00:00,5,2026-08-02T12:59:37.760621+00:00,6.28,2048,20,1,telegram
tweetychannel,409584,774907,social_entertainment,2026-08-02T12:53:09+00:00,10,2026-08-02T13:03:33.810187+00:00,10.22,4066,23,1,telegram
tweetychannel,409584,774907,social_entertainment,2026-08-02T12:53:09+00:00,20,2026-08-02T13:13:51.485178+00:00,20.51,5093,28,1,telegram
tweetychannel,409584,774907,social_entertainment,2026-08-02T12:53:09+00:00,30,2026-08-02T13:24:39.799428+00:00,31.32,7118,33,1,telegram
eghtesadonline,354145,75239,economy,2026-08-02T12:55:01+00:00,5,2026-08-02T13:00:55.145993+00:00,5.7,530,17,7,telegram
eghtesadonline,354145,75239,economy,2026-08-02T12:55:01+00:00,10,2026-08-02T13:06:03.786864+00:00,10.92,781,29,8,telegram
eghtesadonline,354145,75239,economy,2026-08-02T12:55:01+00:00,20,2026-08-02T13:16:21.602601+00:00,21.22,1401,45,11,telegram
eghtesadonline,354145,75239,economy,2026-08-02T12:55:01+00:00,30,2026-08-02T13:25:52.907617+00:00,30.74,1868,51,13,telegram
digiato,111012,111106,technology,2026-08-02T12:55:11+00:00,5,2026-08-02T13:00:49.251075+00:00,5.54,654,6,4,telegram
digiato,111012,111106,technology,2026-08-02T12:55:11+00:00,10,2026-08-02T13:05:58.026333+00:00,10.76,968,10,4,telegram
digiato,111012,111106,technology,2026-08-02T12:55:11+00:00,20,2026-08-02T13:16:15.789398+00:00,21.05,1591,15,5,telegram
digiato,111012,111106,technology,2026-08-02T12:55:11+00:00,30,2026-08-02T13:25:46.962004+00:00,30.57,1997,17,5,telegram
farsna,454046,1804817,general_news,2026-08-02T12:57:04+00:00,5,2026-08-02T13:02:20.893771+00:00,5.01,978,0,4,telegram
farsna,454046,1804817,general_news,2026-08-02T12:57:04+00:00,10,2026-08-02T13:07:29.321774+00:00,10.16,1982,0,4,telegram
farsna,454046,1804817,general_news,2026-08-02T12:57:04+00:00,20,2026-08-02T13:17:47.260510+00:00,20.45,4286,0,4,telegram
farsna,454046,1804817,general_news,2026-08-02T12:57:04+00:00,30,2026-08-02T13:28:35.966080+00:00,31.27,5610,0,4,telegram
tweetychannel,409585,774907,social_entertainment,2026-08-02T12:57:41+00:00,5,2026-08-02T13:03:33.810117+00:00,5.69,2046,33,35,telegram
tweetychannel,409585,774907,social_entertainment,2026-08-02T12:57:41+00:00,10,2026-08-02T13:08:42.297905+00:00,10.83,3060,42,35,telegram
tweetychannel,409585,774907,social_entertainment,2026-08-02T12:57:41+00:00,20,2026-08-02T13:18:59.995333+00:00,21.12,5096,62,70,telegram
tweetychannel,409585,774907,social_entertainment,2026-08-02T12:57:41+00:00,30,2026-08-02T13:28:31.713257+00:00,30.65,6110,73,70,telegram
tweetfrsi,21582,663661,entertainment,2026-08-02T12:59:02+00:00,5,2026-08-02T13:04:48.025274+00:00,5.62,1038,58,36,telegram
tweetfrsi,21582,663661,entertainment,2026-08-02T12:59:02+00:00,10,2026-08-02T13:09:56.550949+00:00,10.76,1439,82,54,telegram
tweetfrsi,21582,663661,entertainment,2026-08-02T12:59:02+00:00,20,2026-08-02T13:20:14.308078+00:00,21.06,2199,115,73,telegram
tweetfrsi,21582,663661,entertainment,2026-08-02T12:59:02+00:00,30,2026-08-02T13:29:45.962324+00:00,30.59,2653,141,78,telegram
tweetychannel,409586,774907,social_entertainment,2026-08-02T12:59:09+00:00,5,2026-08-02T13:04:50.856253+00:00,5.5,3048,106,2,telegram
tweetychannel,409586,774907,social_entertainment,2026-08-02T12:59:09+00:00,10,2026-08-02T13:09:59.409889+00:00,10.65,3056,141,2,telegram
tweetychannel,409586,774907,social_entertainment,2026-08-02T12:59:09+00:00,20,2026-08-02T13:20:17.152433+00:00,20.94,6092,184,2,telegram
tweetychannel,409586,774907,social_entertainment,2026-08-02T12:59:09+00:00,30,2026-08-02T13:29:48.955737+00:00,30.47,6104,211,2,telegram
footballiapp,493135,49742,sport,2026-08-02T12:59:58+00:00,5,2026-08-02T13:06:00.903570+00:00,5.97,95,0,3,telegram
footballiapp,493135,49742,sport,2026-08-02T12:59:58+00:00,10,2026-08-02T13:11:09.785099+00:00,11.12,216,0,3,telegram
footballiapp,493135,49742,sport,2026-08-02T12:59:58+00:00,20,2026-08-02T13:20:09.994746+00:00,20.12,308,0,6,telegram
footballiapp,493135,49742,sport,2026-08-02T12:59:58+00:00,30,2026-08-02T13:30:59.148080+00:00,30.94,414,0,6,telegram
thezoomit,98259,129359,technology,2026-08-02T13:00:08+00:00,5,2026-08-02T13:05:56.585490+00:00,5.81,655,6,7,telegram
thezoomit,98259,129359,technology,2026-08-02T13:00:08+00:00,10,2026-08-02T13:11:05.365402+00:00,10.95,969,12,7,telegram
thezoomit,98259,129359,technology,2026-08-02T13:00:08+00:00,20,2026-08-02T13:21:23.116533+00:00,21.25,1401,15,10,telegram
thezoomit,98259,129359,technology,2026-08-02T13:00:08+00:00,30,2026-08-02T13:30:54.835696+00:00,30.78,1752,15,10,telegram
khabarfouri,555886,4814534,general_news,2026-08-02T13:00:52+00:00,5,2026-08-02T13:05:59.437507+00:00,5.07,2057,0,0,telegram
khabarfouri,555886,4814534,general_news,2026-08-02T13:00:52+00:00,10,2026-08-02T13:11:08.309764+00:00,10.22,5101,0,0,telegram
khabarfouri,555886,4814534,general_news,2026-08-02T13:00:52+00:00,20,2026-08-02T13:21:25.940421+00:00,20.51,7173,0,0,telegram
khabarfouri,555886,4814534,general_news,2026-08-02T13:00:52+00:00,30,2026-08-02T13:30:57.647170+00:00,30.04,9196,0,0,telegram
farsna,454047,1804817,general_news,2026-08-02T13:01:16+00:00,5,2026-08-02T13:07:29.321450+00:00,5.96,1629,0,10,telegram
farsna,454047,1804817,general_news,2026-08-02T13:01:16+00:00,10,2026-08-02T13:12:38.510817+00:00,11.11,2951,0,20,telegram
farsna,454047,1804817,general_news,2026-08-02T13:01:16+00:00,20,2026-08-02T13:21:38.955973+00:00,20.11,4894,0,20,telegram
farsna,454047,1804817,general_news,2026-08-02T13:01:16+00:00,30,2026-08-02T13:32:27.914595+00:00,30.93,6543,0,20,telegram
tweetychannel,409587,774907,social_entertainment,2026-08-02T13:01:21+00:00,5,2026-08-02T13:07:25.121812+00:00,5.88,2044,37,1,telegram
tweetychannel,409587,774907,social_entertainment,2026-08-02T13:01:21+00:00,10,2026-08-02T13:12:34.278596+00:00,11.03,3062,51,2,telegram
tweetychannel,409587,774907,social_entertainment,2026-08-02T13:01:21+00:00,20,2026-08-02T13:21:34.636062+00:00,20.03,5092,78,36,telegram
tweetychannel,409587,774907,social_entertainment,2026-08-02T13:01:21+00:00,30,2026-08-02T13:32:23.633571+00:00,30.85,6105,90,36,telegram
tweetychannel,409588,774907,social_entertainment,2026-08-02T13:02:03+00:00,5,2026-08-02T13:07:25.120448+00:00,5.18,2039,23,1,telegram
tweetychannel,409588,774907,social_entertainment,2026-08-02T13:02:03+00:00,10,2026-08-02T13:12:34.278335+00:00,10.33,3058,38,1,telegram
tweetychannel,409588,774907,social_entertainment,2026-08-02T13:02:03+00:00,20,2026-08-02T13:22:51.592866+00:00,20.62,5094,61,35,telegram
tweetychannel,409588,774907,social_entertainment,2026-08-02T13:02:03+00:00,30,2026-08-02T13:32:23.633554+00:00,30.15,6106,70,35,telegram
varzesh3,298711,1296311,sport,2026-08-02T13:02:56+00:00,5,2026-08-02T13:08:36.688330+00:00,5.58,11374,0,35,telegram
varzesh3,298711,1296311,sport,2026-08-02T13:02:56+00:00,10,2026-08-02T13:13:45.780930+00:00,10.73,20699,0,35,telegram
varzesh3,298711,1296311,sport,2026-08-02T13:02:56+00:00,20,2026-08-02T13:24:34.074612+00:00,21.53,33102,0,104,telegram
varzesh3,298711,1296311,sport,2026-08-02T13:02:56+00:00,30,2026-08-02T13:33:35.166919+00:00,30.55,46498,0,104,telegram
tweetychannel,409589,774907,social_entertainment,2026-08-02T13:03:01+00:00,5,2026-08-02T13:08:42.297856+00:00,5.49,1018,3,0,telegram
tweetychannel,409589,774907,social_entertainment,2026-08-02T13:03:01+00:00,10,2026-08-02T13:13:51.485127+00:00,10.65,2036,3,0,telegram
tweetychannel,409589,774907,social_entertainment,2026-08-02T13:03:01+00:00,20,2026-08-02T13:24:39.799370+00:00,21.45,4071,5,0,telegram
tweetychannel,409589,774907,social_entertainment,2026-08-02T13:03:01+00:00,30,2026-08-02T13:33:40.844411+00:00,30.47,4075,5,0,telegram
tweetychannel,409590,774907,social_entertainment,2026-08-02T13:03:01+00:00,5,2026-08-02T13:08:42.297367+00:00,5.49,1016,0,0,telegram
tweetychannel,409590,774907,social_entertainment,2026-08-02T13:03:01+00:00,10,2026-08-02T13:13:51.484819+00:00,10.65,2034,0,0,telegram
tweetychannel,409590,774907,social_entertainment,2026-08-02T13:03:01+00:00,20,2026-08-02T13:24:39.799346+00:00,21.45,3067,0,0,telegram
tweetychannel,409590,774907,social_entertainment,2026-08-02T13:03:01+00:00,30,2026-08-02T13:33:40.843076+00:00,30.47,4072,0,0,telegram
digiato,111013,111106,technology,2026-08-02T13:05:02+00:00,5,2026-08-02T13:11:06.888263+00:00,6.05,628,34,16,telegram
digiato,111013,111106,technology,2026-08-02T13:05:02+00:00,10,2026-08-02T13:16:15.788481+00:00,11.2,973,49,22,telegram
digiato,111013,111106,technology,2026-08-02T13:05:02+00:00,20,2026-08-02T13:25:46.961941+00:00,20.72,1472,61,29,telegram
digiato,111013,111106,technology,2026-08-02T13:05:02+00:00,30,2026-08-02T13:36:05.877863+00:00,31.03,1811,68,33,telegram
khabarfouri,555887,4814534,general_news,2026-08-02T13:05:51+00:00,5,2026-08-02T13:11:08.309752+00:00,5.23,2046,0,1,telegram
khabarfouri,555887,4814534,general_news,2026-08-02T13:05:51+00:00,10,2026-08-02T13:16:17.174119+00:00,10.39,4117,0,1,telegram
khabarfouri,555887,4814534,general_news,2026-08-02T13:05:51+00:00,20,2026-08-02T13:27:05.699091+00:00,21.19,7151,0,1,telegram
khabarfouri,555887,4814534,general_news,2026-08-02T13:05:51+00:00,30,2026-08-02T13:36:07.280713+00:00,30.21,8178,0,1,telegram
khabarfouri,555888,4814534,general_news,2026-08-02T13:05:52+00:00,5,2026-08-02T13:11:08.309518+00:00,5.22,2050,0,1,telegram
khabarfouri,555888,4814534,general_news,2026-08-02T13:05:52+00:00,10,2026-08-02T13:16:17.173656+00:00,10.37,4116,0,1,telegram
khabarfouri,555888,4814534,general_news,2026-08-02T13:05:52+00:00,20,2026-08-02T13:27:05.697958+00:00,21.18,7147,0,1,telegram
khabarfouri,555888,4814534,general_news,2026-08-02T13:05:52+00:00,30,2026-08-02T13:36:07.279537+00:00,30.2,8175,0,1,telegram
tweetychannel,409591,774907,social_entertainment,2026-08-02T13:06:08+00:00,5,2026-08-02T13:12:34.277694+00:00,6.24,2038,45,2,telegram
tweetychannel,409591,774907,social_entertainment,2026-08-02T13:06:08+00:00,10,2026-08-02T13:16:25.826884+00:00,10.1,4073,64,37,telegram
tweetychannel,409591,774907,social_entertainment,2026-08-02T13:06:08+00:00,20,2026-08-02T13:27:14.361311+00:00,20.91,6105,87,37,telegram
tweetychannel,409591,774907,social_entertainment,2026-08-02T13:06:08+00:00,30,2026-08-02T13:37:33.320370+00:00,31.22,7118,99,37,telegram
footballiapp,493136,49742,sport,2026-08-02T13:06:22+00:00,5,2026-08-02T13:12:27.162136+00:00,6.01,153,0,2,telegram
footballiapp,493136,49742,sport,2026-08-02T13:06:22+00:00,10,2026-08-02T13:17:35.769118+00:00,11.15,213,0,2,telegram
footballiapp,493136,49742,sport,2026-08-02T13:06:22+00:00,20,2026-08-02T13:27:07.146351+00:00,20.68,309,1,2,telegram
footballiapp,493136,49742,sport,2026-08-02T13:06:22+00:00,30,2026-08-02T13:37:26.042402+00:00,30.99,481,1,2,telegram
akharinkhabar,623837,1959423,general_news,2026-08-02T13:06:48+00:00,5,2026-08-02T13:12:35.669838+00:00,5.58,3077,0,0,telegram
akharinkhabar,623837,1959423,general_news,2026-08-02T13:06:48+00:00,10,2026-08-02T13:17:44.418268+00:00,10.72,5140,0,0,telegram
akharinkhabar,623837,1959423,general_news,2026-08-02T13:06:48+00:00,20,2026-08-02T13:27:15.804139+00:00,20.24,8214,0,0,telegram
akharinkhabar,623837,1959423,general_news,2026-08-02T13:06:48+00:00,30,2026-08-02T13:37:34.771337+00:00,30.56,11283,0,0,telegram
akharinkhabar,623838,1959423,general_news,2026-08-02T13:07:25+00:00,5,2026-08-02T13:13:52.891206+00:00,6.25,3086,0,0,telegram
akharinkhabar,623838,1959423,general_news,2026-08-02T13:07:25+00:00,10,2026-08-02T13:17:44.418028+00:00,10.1,5137,0,0,telegram
akharinkhabar,623838,1959423,general_news,2026-08-02T13:07:25+00:00,20,2026-08-02T13:28:33.145702+00:00,20.92,8216,0,0,telegram
akharinkhabar,623838,1959423,general_news,2026-08-02T13:07:25+00:00,30,2026-08-02T13:38:52.298897+00:00,31.23,11289,0,0,telegram
farsna,454048,1804817,general_news,2026-08-02T13:10:16+00:00,5,2026-08-02T13:16:30.067403+00:00,5.97,2603,0,74,telegram
farsna,454048,1804817,general_news,2026-08-02T13:10:16+00:00,10,2026-08-02T13:21:38.955744+00:00,11.11,3590,0,94,telegram
farsna,454048,1804817,general_news,2026-08-02T13:10:16+00:00,20,2026-08-02T13:31:10.685262+00:00,20.64,5259,0,136,telegram
farsna,454048,1804817,general_news,2026-08-02T13:10:16+00:00,30,2026-08-02T13:41:30.216531+00:00,30.97,6957,0,158,telegram
tweetychannel,409592,774907,social_entertainment,2026-08-02T13:10:26+00:00,5,2026-08-02T13:16:25.826863+00:00,5.8,3054,153,2,telegram
tweetychannel,409592,774907,social_entertainment,2026-08-02T13:10:26+00:00,10,2026-08-02T13:21:34.636002+00:00,10.95,5092,191,2,telegram
tweetychannel,409592,774907,social_entertainment,2026-08-02T13:10:26+00:00,20,2026-08-02T13:31:06.408930+00:00,20.48,6110,224,36,telegram
tweetychannel,409592,774907,social_entertainment,2026-08-02T13:10:26+00:00,30,2026-08-02T13:41:25.960901+00:00,30.8,7123,259,36,telegram
tweetychannel,409593,774907,social_entertainment,2026-08-02T13:10:26+00:00,5,2026-08-02T13:16:25.826780+00:00,5.8,3063,0,2,telegram
tweetychannel,409593,774907,social_entertainment,2026-08-02T13:10:26+00:00,10,2026-08-02T13:21:34.635898+00:00,10.95,6094,0,2,telegram
tweetychannel,409593,774907,social_entertainment,2026-08-02T13:10:26+00:00,20,2026-08-02T13:31:06.408456+00:00,20.48,6110,0,36,telegram
tweetychannel,409593,774907,social_entertainment,2026-08-02T13:10:26+00:00,30,2026-08-02T13:41:25.960891+00:00,30.8,7122,0,36,telegram
eghtesadonline,354146,75239,economy,2026-08-02T13:11:09+00:00,5,2026-08-02T13:16:21.601308+00:00,5.09,560,8,4,telegram
eghtesadonline,354146,75239,economy,2026-08-02T13:11:09+00:00,10,2026-08-02T13:21:30.303724+00:00,10.23,881,11,5,telegram
eghtesadonline,354146,75239,economy,2026-08-02T13:11:09+00:00,20,2026-08-02T13:32:19.393891+00:00,21.05,1451,12,6,telegram
eghtesadonline,354146,75239,economy,2026-08-02T13:11:09+00:00,30,2026-08-02T13:41:21.617823+00:00,30.09,1921,14,7,telegram
khabarfouri,555889,4814534,general_news,2026-08-02T13:12:38+00:00,5,2026-08-02T13:18:51.449148+00:00,6.17,2054,0,0,telegram
khabarfouri,555889,4814534,general_news,2026-08-02T13:12:38+00:00,10,2026-08-02T13:22:43.171892+00:00,10.04,4098,0,0,telegram
khabarfouri,555889,4814534,general_news,2026-08-02T13:12:38+00:00,20,2026-08-02T13:33:32.187435+00:00,20.85,8179,0,0,telegram
khabarfouri,555889,4814534,general_news,2026-08-02T13:12:38+00:00,30,2026-08-02T13:43:51.634933+00:00,31.18,10178,0,0,telegram
tweetychannel,409594,774907,social_entertainment,2026-08-02T13:14:09+00:00,5,2026-08-02T13:20:17.152355+00:00,5.94,3075,98,5,telegram
tweetychannel,409594,774907,social_entertainment,2026-08-02T13:14:09+00:00,10,2026-08-02T13:24:39.798740+00:00,10.32,4090,113,39,telegram
tweetychannel,409594,774907,social_entertainment,2026-08-02T13:14:09+00:00,20,2026-08-02T13:34:58.205484+00:00,20.62,6106,147,39,telegram
tweetychannel,409594,774907,social_entertainment,2026-08-02T13:14:09+00:00,30,2026-08-02T13:45:17.876531+00:00,30.95,7119,166,39,telegram
akharinkhabar,623839,1959423,general_news,2026-08-02T13:14:13+00:00,5,2026-08-02T13:20:18.558089+00:00,5.87,3080,0,0,telegram
akharinkhabar,623839,1959423,general_news,2026-08-02T13:14:13+00:00,10,2026-08-02T13:24:41.178040+00:00,10.25,4110,0,0,telegram
akharinkhabar,623839,1959423,general_news,2026-08-02T13:14:13+00:00,20,2026-08-02T13:34:59.620942+00:00,20.55,7191,0,0,telegram
akharinkhabar,623839,1959423,general_news,2026-08-02T13:14:13+00:00,30,2026-08-02T13:45:19.315206+00:00,30.88,12304,0,0,telegram
tweetychannel,409595,774907,social_entertainment,2026-08-02T13:14:59+00:00,5,2026-08-02T13:20:17.152208+00:00,5.11,2063,119,73,telegram
tweetychannel,409595,774907,social_entertainment,2026-08-02T13:14:59+00:00,10,2026-08-02T13:25:57.052209+00:00,10.77,4087,174,107,telegram
tweetychannel,409595,774907,social_entertainment,2026-08-02T13:14:59+00:00,20,2026-08-02T13:36:15.917366+00:00,21.08,6108,230,107,telegram
tweetychannel,409595,774907,social_entertainment,2026-08-02T13:14:59+00:00,30,2026-08-02T13:45:17.876141+00:00,30.12,7122,259,142,telegram
tweetychannel,409596,774907,social_entertainment,2026-08-02T13:19:36+00:00,5,2026-08-02T13:25:57.051555+00:00,6.15,2039,1,1,telegram
tweetychannel,409596,774907,social_entertainment,2026-08-02T13:19:36+00:00,10,2026-08-02T13:29:48.955432+00:00,10.02,3048,1,1,telegram
tweetychannel,409596,774907,social_entertainment,2026-08-02T13:19:36+00:00,20,2026-08-02T13:40:08.563461+00:00,20.34,4070,3,1,telegram
tweetychannel,409596,774907,social_entertainment,2026-08-02T13:19:36+00:00,30,2026-08-02T13:50:27.374508+00:00,30.66,6089,6,1,telegram
digiato,111014,111106,technology,2026-08-02T13:20:08+00:00,5,2026-08-02T13:25:46.961650+00:00,5.62,534,13,8,telegram
digiato,111014,111106,technology,2026-08-02T13:20:08+00:00,10,2026-08-02T13:30:56.247700+00:00,10.78,841,17,9,telegram
digiato,111014,111106,technology,2026-08-02T13:20:08+00:00,20,2026-08-02T13:41:15.845678+00:00,21.1,1245,26,13,telegram
digiato,111014,111106,technology,2026-08-02T13:20:08+00:00,30,2026-08-02T13:50:17.368393+00:00,30.13,1865,28,16,telegram
tweetychannel,409597,774907,social_entertainment,2026-08-02T13:21:11+00:00,5,2026-08-02T13:27:14.360961+00:00,5.86,2031,53,34,telegram
tweetychannel,409597,774907,social_entertainment,2026-08-02T13:21:11+00:00,10,2026-08-02T13:32:23.633118+00:00,11.01,3051,69,34,telegram
tweetychannel,409597,774907,social_entertainment,2026-08-02T13:21:11+00:00,20,2026-08-02T13:41:25.960564+00:00,20.05,5068,80,34,telegram
tweetychannel,409597,774907,social_entertainment,2026-08-02T13:21:11+00:00,30,2026-08-02T13:51:44.568954+00:00,30.37,6082,92,69,telegram
aa_persian,127812,7936,international_news,2026-08-02T13:22:01+00:00,5,2026-08-02T13:27:17.292167+00:00,5.03,31,0,0,telegram
aa_persian,127812,7936,international_news,2026-08-02T13:22:01+00:00,10,2026-08-02T13:32:26.471318+00:00,10.18,44,0,0,telegram
aa_persian,127812,7936,international_news,2026-08-02T13:22:01+00:00,20,2026-08-02T13:42:45.959185+00:00,20.51,70,0,0,telegram
aa_persian,127812,7936,international_news,2026-08-02T13:22:01+00:00,30,2026-08-02T13:53:04.529040+00:00,30.82,84,0,0,telegram
khabarfouri,555890,4814534,general_news,2026-08-02T13:22:11+00:00,5,2026-08-02T13:28:23.012731+00:00,6.15,2044,0,0,telegram
khabarfouri,555890,4814534,general_news,2026-08-02T13:22:11+00:00,10,2026-08-02T13:32:15.010078+00:00,10.01,4093,0,0,telegram
khabarfouri,555890,4814534,general_news,2026-08-02T13:22:11+00:00,20,2026-08-02T13:42:34.523168+00:00,20.34,7877,0,0,telegram
khabarfouri,555890,4814534,general_news,2026-08-02T13:22:11+00:00,30,2026-08-02T13:52:53.087417+00:00,30.65,10023,0,0,telegram
eghtesadonline,354147,75239,economy,2026-08-02T13:22:17+00:00,5,2026-08-02T13:28:27.434716+00:00,6.05,499,0,3,telegram
eghtesadonline,354147,75239,economy,2026-08-02T13:22:17+00:00,10,2026-08-02T13:33:36.599210+00:00,11.2,806,0,4,telegram
eghtesadonline,354147,75239,economy,2026-08-02T13:22:17+00:00,20,2026-08-02T13:42:38.917618+00:00,20.24,1365,0,4,telegram
eghtesadonline,354147,75239,economy,2026-08-02T13:22:17+00:00,30,2026-08-02T13:52:57.547889+00:00,30.55,1767,0,4,telegram
varzesh3,298712,1296311,sport,2026-08-02T13:22:31+00:00,5,2026-08-02T13:28:25.975257+00:00,5.82,14400,0,70,telegram
varzesh3,298712,1296311,sport,2026-08-02T13:22:31+00:00,10,2026-08-02T13:33:35.166654+00:00,10.97,22681,0,138,telegram
varzesh3,298712,1296311,sport,2026-08-02T13:22:31+00:00,20,2026-08-02T13:42:37.478027+00:00,20.01,37131,0,208,telegram
varzesh3,298712,1296311,sport,2026-08-02T13:22:31+00:00,30,2026-08-02T13:52:56.028434+00:00,30.32,50585,0,276,telegram
aa_persian,127813,7936,international_news,2026-08-02T13:26:30+00:00,5,2026-08-02T13:32:26.470898+00:00,5.7,21,0,0,telegram
aa_persian,127813,7936,international_news,2026-08-02T13:26:30+00:00,10,2026-08-02T13:37:36.228527+00:00,10.86,39,0,0,telegram
aa_persian,127813,7936,international_news,2026-08-02T13:26:30+00:00,20,2026-08-02T13:47:55.305809+00:00,21.18,59,0,0,telegram
aa_persian,127813,7936,international_news,2026-08-02T13:26:30+00:00,30,2026-08-02T13:57:33.524267+00:00,30.82,65,0,0,telegram
tweetychannel,409598,774907,social_entertainment,2026-08-02T13:29:01+00:00,5,2026-08-02T13:34:58.205456+00:00,5.75,1030,2,0,telegram
tweetychannel,409598,774907,social_entertainment,2026-08-02T13:29:01+00:00,10,2026-08-02T13:40:08.563436+00:00,10.92,2036,2,0,telegram
tweetychannel,409598,774907,social_entertainment,2026-08-02T13:29:01+00:00,20,2026-08-02T13:50:27.374494+00:00,21.24,5065,4,1,telegram
tweetychannel,409598,774907,social_entertainment,2026-08-02T13:29:01+00:00,30,2026-08-02T14:00:05.084068+00:00,30.87,6083,4,1,telegram
tweetychannel,409599,774907,social_entertainment,2026-08-02T13:29:12+00:00,5,2026-08-02T13:34:58.205172+00:00,5.57,1029,72,1,telegram
tweetychannel,409599,774907,social_entertainment,2026-08-02T13:29:12+00:00,10,2026-08-02T13:40:08.562318+00:00,10.74,3041,115,35,telegram
tweetychannel,409599,774907,social_entertainment,2026-08-02T13:29:12+00:00,20,2026-08-02T13:50:27.374480+00:00,21.06,5065,172,36,telegram
tweetychannel,409599,774907,social_entertainment,2026-08-02T13:29:12+00:00,30,2026-08-02T14:00:05.083056+00:00,30.69,7085,199,36,telegram
footballiapp,493137,49742,sport,2026-08-02T13:29:58+00:00,5,2026-08-02T13:36:08.724649+00:00,6.1,174,0,1,telegram
footballiapp,493137,49742,sport,2026-08-02T13:29:58+00:00,10,2026-08-02T13:41:18.700705+00:00,11.27,288,0,2,telegram
footballiapp,493137,49742,sport,2026-08-02T13:29:58+00:00,20,2026-08-02T13:50:20.178925+00:00,20.29,380,0,3,telegram
footballiapp,493137,49742,sport,2026-08-02T13:29:58+00:00,30,2026-08-02T14:01:15.037254+00:00,31.21,506,1,3,telegram
thezoomit,98260,129359,technology,2026-08-02T13:30:03+00:00,5,2026-08-02T13:36:04.422350+00:00,6.01,596,28,6,telegram
thezoomit,98260,129359,technology,2026-08-02T13:30:03+00:00,10,2026-08-02T13:41:14.413721+00:00,11.19,971,33,9,telegram
thezoomit,98260,129359,technology,2026-08-02T13:30:03+00:00,20,2026-08-02T13:50:15.952912+00:00,20.21,1534,40,10,telegram
thezoomit,98260,129359,technology,2026-08-02T13:30:03+00:00,30,2026-08-02T14:01:10.761293+00:00,31.13,1810,51,10,telegram
varzesh3,298714,1296311,sport,2026-08-02T13:30:16+00:00,5,2026-08-02T13:36:10.168253+00:00,5.8,12392,0,34,telegram
varzesh3,298714,1296311,sport,2026-08-02T13:30:16+00:00,10,2026-08-02T13:41:20.187299+00:00,10.97,22692,0,35,telegram
varzesh3,298714,1296311,sport,2026-08-02T13:30:16+00:00,20,2026-08-02T13:51:38.909972+00:00,21.28,38188,0,103,telegram
varzesh3,298714,1296311,sport,2026-08-02T13:30:16+00:00,30,2026-08-02T14:01:16.504432+00:00,30.91,50589,0,103,telegram
persiantwix,9542,1045661,entertainment,2026-08-02T13:31:02+00:00,5,2026-08-02T13:36:14.476490+00:00,5.03,1789,28,3,telegram
persiantwix,9542,1045661,entertainment,2026-08-02T13:31:02+00:00,10,2026-08-02T13:41:24.510595+00:00,10.2,2402,51,3,telegram
persiantwix,9542,1045661,entertainment,2026-08-02T13:31:02+00:00,20,2026-08-02T13:51:43.160260+00:00,20.52,3938,74,13,telegram
persiantwix,9542,1045661,entertainment,2026-08-02T13:31:02+00:00,30,2026-08-02T14:01:20.818950+00:00,30.14,5036,94,17,telegram
eghtesadonline,354148,75239,economy,2026-08-02T13:32:01+00:00,5,2026-08-02T13:37:29.052571+00:00,5.34,593,1,7,telegram
eghtesadonline,354148,75239,economy,2026-08-02T13:32:01+00:00,10,2026-08-02T13:42:38.917318+00:00,10.51,990,3,9,telegram
eghtesadonline,354148,75239,economy,2026-08-02T13:32:01+00:00,20,2026-08-02T13:52:57.547864+00:00,20.82,1514,3,10,telegram
eghtesadonline,354148,75239,economy,2026-08-02T13:32:01+00:00,30,2026-08-02T14:02:35.050006+00:00,30.44,1823,6,10,telegram
footballiapp,493138,49742,sport,2026-08-02T13:33:27+00:00,5,2026-08-02T13:38:43.398684+00:00,5.2,222,6,6,telegram
footballiapp,493138,49742,sport,2026-08-02T13:33:27+00:00,10,2026-08-02T13:43:53.087039+00:00,10.36,285,9,7,telegram
footballiapp,493138,49742,sport,2026-08-02T13:33:27+00:00,20,2026-08-02T13:54:11.845167+00:00,20.67,409,14,7,telegram
footballiapp,493138,49742,sport,2026-08-02T13:33:27+00:00,30,2026-08-02T14:03:49.920245+00:00,30.3,503,15,7,telegram
akharinkhabar,623840,1959423,general_news,2026-08-02T13:35:42+00:00,5,2026-08-02T13:41:27.347522+00:00,5.54,4098,0,36,telegram
akharinkhabar,623840,1959423,general_news,2026-08-02T13:35:42+00:00,10,2026-08-02T13:46:36.601907+00:00,10.69,6161,0,71,telegram
akharinkhabar,623840,1959423,general_news,2026-08-02T13:35:42+00:00,20,2026-08-02T13:56:15.000512+00:00,20.33,10234,0,106,telegram
akharinkhabar,623840,1959423,general_news,2026-08-02T13:35:42+00:00,30,2026-08-02T14:06:33.365206+00:00,30.63,13313,0,141,telegram
farsna,454049,1804817,general_news,2026-08-02T13:35:47+00:00,5,2026-08-02T13:41:30.216177+00:00,5.45,1367,0,10,telegram
farsna,454049,1804817,general_news,2026-08-02T13:35:47+00:00,10,2026-08-02T13:46:39.520720+00:00,10.61,2375,0,10,telegram
farsna,454049,1804817,general_news,2026-08-02T13:35:47+00:00,20,2026-08-02T13:56:17.866281+00:00,20.25,3693,0,20,telegram
farsna,454049,1804817,general_news,2026-08-02T13:35:47+00:00,30,2026-08-02T14:06:36.233592+00:00,30.55,4677,0,21,telegram
tweetychannel,409600,774907,social_entertainment,2026-08-02T13:37:59+00:00,5,2026-08-02T13:44:00.318106+00:00,5.83,2024,58,2,telegram
tweetychannel,409600,774907,social_entertainment,2026-08-02T13:37:59+00:00,10,2026-08-02T13:49:10.025792+00:00,10.98,3038,79,3,telegram
tweetychannel,409600,774907,social_entertainment,2026-08-02T13:37:59+00:00,20,2026-08-02T13:58:48.011489+00:00,20.62,5062,104,37,telegram
tweetychannel,409600,774907,social_entertainment,2026-08-02T13:37:59+00:00,30,2026-08-02T14:09:06.913849+00:00,30.93,6078,124,37,telegram
varzesh3,298715,1296311,sport,2026-08-02T13:38:01+00:00,5,2026-08-02T13:43:54.574152+00:00,5.79,16445,0,0,telegram
varzesh3,298715,1296311,sport,2026-08-02T13:38:01+00:00,10,2026-08-02T13:49:04.242336+00:00,10.95,26748,0,0,telegram
varzesh3,298715,1296311,sport,2026-08-02T13:38:01+00:00,20,2026-08-02T13:58:42.246580+00:00,20.59,39160,0,0,telegram
varzesh3,298715,1296311,sport,2026-08-02T13:38:01+00:00,30,2026-08-02T14:09:00.658883+00:00,30.89,51610,0,0,telegram
varzesh3,298716,1296311,sport,2026-08-02T13:38:16+00:00,5,2026-08-02T13:43:54.573887+00:00,5.54,16429,0,1,telegram
varzesh3,298716,1296311,sport,2026-08-02T13:38:16+00:00,10,2026-08-02T13:49:04.241657+00:00,10.7,25731,0,1,telegram
varzesh3,298716,1296311,sport,2026-08-02T13:38:16+00:00,20,2026-08-02T13:58:42.246237+00:00,20.34,40215,0,38,telegram
varzesh3,298716,1296311,sport,2026-08-02T13:38:16+00:00,30,2026-08-02T14:09:00.657747+00:00,30.64,52693,0,38,telegram
khabarfouri,555891,4814534,general_news,2026-08-02T13:39:49+00:00,5,2026-08-02T13:45:09.234514+00:00,5.28,1824,0,0,telegram
khabarfouri,555891,4814534,general_news,2026-08-02T13:39:49+00:00,10,2026-08-02T13:50:18.753711+00:00,10.44,4282,0,0,telegram
khabarfouri,555891,4814534,general_news,2026-08-02T13:39:49+00:00,20,2026-08-02T13:59:56.534894+00:00,20.07,8868,0,0,telegram
khabarfouri,555891,4814534,general_news,2026-08-02T13:39:49+00:00,30,2026-08-02T14:10:15.661022+00:00,30.39,11011,0,0,telegram
thezoomit,98261,129359,technology,2026-08-02T13:39:54+00:00,5,2026-08-02T13:45:06.303085+00:00,5.2,503,9,3,telegram
thezoomit,98261,129359,technology,2026-08-02T13:39:54+00:00,10,2026-08-02T13:50:15.952850+00:00,10.36,973,13,5,telegram
thezoomit,98261,129359,technology,2026-08-02T13:39:54+00:00,20,2026-08-02T14:01:10.760560+00:00,21.28,1371,18,5,telegram
thezoomit,98261,129359,technology,2026-08-02T13:39:54+00:00,30,2026-08-02T14:10:12.715623+00:00,30.31,1680,22,5,telegram
digiato,111015,111106,technology,2026-08-02T13:40:20+00:00,5,2026-08-02T13:46:25.012919+00:00,6.06,744,27,1,telegram
digiato,111015,111106,technology,2026-08-02T13:40:20+00:00,10,2026-08-02T13:51:34.613394+00:00,11.22,1080,33,2,telegram
digiato,111015,111106,technology,2026-08-02T13:40:20+00:00,20,2026-08-02T14:01:12.183622+00:00,20.84,1634,47,2,telegram
digiato,111015,111106,technology,2026-08-02T13:40:20+00:00,30,2026-08-02T14:11:31.468233+00:00,31.16,2043,50,3,telegram
farsna,454050,1804817,general_news,2026-08-02T13:43:59+00:00,5,2026-08-02T13:50:31.789115+00:00,6.28,1373,0,0,telegram
farsna,454050,1804817,general_news,2026-08-02T13:43:59+00:00,10,2026-08-02T13:54:23.285226+00:00,10.14,2024,0,0,telegram
farsna,454050,1804817,general_news,2026-08-02T13:43:59+00:00,20,2026-08-02T14:05:18.884890+00:00,21.06,3041,0,0,telegram
farsna,454050,1804817,general_news,2026-08-02T13:43:59+00:00,30,2026-08-02T14:14:21.245832+00:00,30.1,4024,0,0,telegram
tweetychannel,409601,774907,social_entertainment,2026-08-02T13:45:11+00:00,5,2026-08-02T13:50:27.374156+00:00,5.08,1021,82,1,telegram
tweetychannel,409601,774907,social_entertainment,2026-08-02T13:45:11+00:00,10,2026-08-02T13:56:13.577796+00:00,10.85,3041,123,1,telegram
tweetychannel,409601,774907,social_entertainment,2026-08-02T13:45:11+00:00,20,2026-08-02T14:06:31.936412+00:00,21.15,5069,168,2,telegram
tweetychannel,409601,774907,social_entertainment,2026-08-02T13:45:11+00:00,30,2026-08-02T14:15:34.143984+00:00,30.19,6080,186,36,telegram
thezoomit,98262,129359,technology,2026-08-02T13:45:15+00:00,5,2026-08-02T13:50:15.951645+00:00,5.01,664,8,4,telegram
thezoomit,98262,129359,technology,2026-08-02T13:45:15+00:00,10,2026-08-02T13:56:02.014033+00:00,10.78,973,16,5,telegram
thezoomit,98262,129359,technology,2026-08-02T13:45:15+00:00,20,2026-08-02T14:06:20.324223+00:00,21.08,1437,19,5,telegram
thezoomit,98262,129359,technology,2026-08-02T13:45:15+00:00,30,2026-08-02T14:15:22.649543+00:00,30.12,1691,21,5,telegram
varzesh3,298717,1296311,sport,2026-08-02T13:45:28+00:00,5,2026-08-02T13:51:38.909696+00:00,6.08,14407,0,36,telegram
varzesh3,298717,1296311,sport,2026-08-02T13:45:28+00:00,10,2026-08-02T13:56:07.897373+00:00,10.56,20673,0,37,telegram
varzesh3,298717,1296311,sport,2026-08-02T13:45:28+00:00,20,2026-08-02T14:06:26.172941+00:00,20.87,37234,0,37,telegram
varzesh3,298717,1296311,sport,2026-08-02T13:45:28+00:00,30,2026-08-02T14:16:45.622462+00:00,31.19,46626,0,37,telegram
farsna,454051,1804817,general_news,2026-08-02T13:46:04+00:00,5,2026-08-02T13:51:48.787042+00:00,5.48,1357,0,0,telegram
farsna,454051,1804817,general_news,2026-08-02T13:46:04+00:00,10,2026-08-02T13:57:35.066390+00:00,11.25,2349,0,0,telegram
farsna,454051,1804817,general_news,2026-08-02T13:46:04+00:00,20,2026-08-02T14:06:36.233335+00:00,20.27,3360,0,0,telegram
farsna,454051,1804817,general_news,2026-08-02T13:46:04+00:00,30,2026-08-02T14:16:55.590015+00:00,30.59,4665,0,0,telegram
tweetychannel,409602,774907,social_entertainment,2026-08-02T13:46:42+00:00,5,2026-08-02T13:53:01.744779+00:00,6.13,1022,43,0,telegram
tweetychannel,409602,774907,social_entertainment,2026-08-02T13:46:42+00:00,10,2026-08-02T13:57:30.560000+00:00,10.62,3043,59,34,telegram
tweetychannel,409602,774907,social_entertainment,2026-08-02T13:46:42+00:00,20,2026-08-02T14:07:49.132715+00:00,20.92,5071,76,36,telegram
tweetychannel,409602,774907,social_entertainment,2026-08-02T13:46:42+00:00,30,2026-08-02T14:18:08.528125+00:00,31.25,6086,96,36,telegram
akharinkhabar,623841,1959423,general_news,2026-08-02T13:46:58+00:00,5,2026-08-02T13:53:03.137324+00:00,5.87,3085,0,0,telegram
akharinkhabar,623841,1959423,general_news,2026-08-02T13:46:58+00:00,10,2026-08-02T13:57:32.082140+00:00,10.35,5116,0,0,telegram
akharinkhabar,623841,1959423,general_news,2026-08-02T13:46:58+00:00,20,2026-08-02T14:07:50.544240+00:00,20.66,8214,0,0,telegram
akharinkhabar,623841,1959423,general_news,2026-08-02T13:46:58+00:00,30,2026-08-02T14:18:09.969632+00:00,30.98,11281,0,0,telegram
eghtesadonline,354149,75239,economy,2026-08-02T13:47:01+00:00,5,2026-08-02T13:52:57.547498+00:00,5.82,400,0,0,telegram
eghtesadonline,354149,75239,economy,2026-08-02T13:47:01+00:00,10,2026-08-02T13:57:26.379051+00:00,10.3,552,0,0,telegram
eghtesadonline,354149,75239,economy,2026-08-02T13:47:01+00:00,20,2026-08-02T14:07:44.854897+00:00,20.61,1082,0,0,telegram
eghtesadonline,354149,75239,economy,2026-08-02T13:47:01+00:00,30,2026-08-02T14:18:04.219304+00:00,30.93,1702,0,0,telegram
thezoomit,98263,129359,technology,2026-08-02T13:48:55+00:00,5,2026-08-02T13:54:07.467581+00:00,5.2,597,5,3,telegram
thezoomit,98263,129359,technology,2026-08-02T13:48:55+00:00,10,2026-08-02T13:59:53.745012+00:00,10.97,881,7,5,telegram
thezoomit,98263,129359,technology,2026-08-02T13:48:55+00:00,20,2026-08-02T14:10:12.715599+00:00,21.29,1408,12,5,telegram
thezoomit,98263,129359,technology,2026-08-02T13:48:55+00:00,30,2026-08-02T14:19:14.240160+00:00,30.32,1635,13,5,telegram
thezoomit,98264,129359,technology,2026-08-02T13:48:55+00:00,5,2026-08-02T13:54:07.467206+00:00,5.2,597,0,3,telegram
thezoomit,98264,129359,technology,2026-08-02T13:48:55+00:00,10,2026-08-02T13:59:53.745000+00:00,10.97,880,0,5,telegram
thezoomit,98264,129359,technology,2026-08-02T13:48:55+00:00,20,2026-08-02T14:10:12.715589+00:00,21.29,1531,0,5,telegram
thezoomit,98264,129359,technology,2026-08-02T13:48:55+00:00,30,2026-08-02T14:19:14.240151+00:00,30.32,1820,0,5,telegram
thezoomit,98265,129359,technology,2026-08-02T13:48:55+00:00,5,2026-08-02T13:54:07.467194+00:00,5.2,597,0,3,telegram
thezoomit,98265,129359,technology,2026-08-02T13:48:55+00:00,10,2026-08-02T13:59:53.744983+00:00,10.97,880,0,5,telegram
thezoomit,98265,129359,technology,2026-08-02T13:48:55+00:00,20,2026-08-02T14:10:12.715569+00:00,21.29,1532,0,5,telegram
thezoomit,98265,129359,technology,2026-08-02T13:48:55+00:00,30,2026-08-02T14:19:14.240137+00:00,30.32,1851,0,5,telegram
thezoomit,98266,129359,technology,2026-08-02T13:48:55+00:00,5,2026-08-02T13:54:07.466116+00:00,5.2,566,0,3,telegram
thezoomit,98266,129359,technology,2026-08-02T13:48:55+00:00,10,2026-08-02T13:59:53.744194+00:00,10.97,880,0,5,telegram
thezoomit,98266,129359,technology,2026-08-02T13:48:55+00:00,20,2026-08-02T14:10:12.715127+00:00,21.29,1562,0,5,telegram
thezoomit,98266,129359,technology,2026-08-02T13:48:55+00:00,30,2026-08-02T14:19:14.238820+00:00,30.32,1820,0,5,telegram
farsna,454052,1804817,general_news,2026-08-02T13:49:15+00:00,5,2026-08-02T13:56:17.865974+00:00,6.78,1662,0,10,telegram
farsna,454052,1804817,general_news,2026-08-02T13:49:15+00:00,10,2026-08-02T14:00:09.293721+00:00,10.64,2322,0,10,telegram
farsna,454052,1804817,general_news,2026-08-02T13:49:15+00:00,20,2026-08-02T14:10:28.591980+00:00,20.96,3645,0,10,telegram
farsna,454052,1804817,general_news,2026-08-02T13:49:15+00:00,30,2026-08-02T14:20:47.307030+00:00,31.27,4662,0,10,telegram
khabarfouri,555892,4814534,general_news,2026-08-02T13:50:44+00:00,5,2026-08-02T13:56:04.843282+00:00,5.3,2452,0,0,telegram
khabarfouri,555892,4814534,general_news,2026-08-02T13:50:44+00:00,10,2026-08-02T14:01:13.583569+00:00,10.44,4900,0,0,telegram
khabarfouri,555892,4814534,general_news,2026-08-02T13:50:44+00:00,20,2026-08-02T14:11:32.908345+00:00,20.76,7356,0,0,telegram
khabarfouri,555892,4814534,general_news,2026-08-02T13:50:44+00:00,30,2026-08-02T14:21:51.589407+00:00,31.08,9391,0,0,telegram
tweetfrsi,21583,663661,entertainment,2026-08-02T13:51:26+00:00,5,2026-08-02T13:57:27.786855+00:00,5.88,889,29,11,telegram
tweetfrsi,21583,663661,entertainment,2026-08-02T13:51:26+00:00,10,2026-08-02T14:02:36.466833+00:00,11.03,1471,34,15,telegram
tweetfrsi,21583,663661,entertainment,2026-08-02T13:51:26+00:00,20,2026-08-02T14:11:38.790104+00:00,20.06,2147,46,19,telegram
tweetfrsi,21583,663661,entertainment,2026-08-02T13:51:26+00:00,30,2026-08-02T14:21:57.481164+00:00,30.38,2724,50,22,telegram
tweetychannel,409603,774907,social_entertainment,2026-08-02T13:51:30+00:00,5,2026-08-02T13:57:30.559866+00:00,5.82,2035,46,34,telegram
tweetychannel,409603,774907,social_entertainment,2026-08-02T13:51:30+00:00,10,2026-08-02T14:02:39.360333+00:00,10.96,4056,65,68,telegram
tweetychannel,409603,774907,social_entertainment,2026-08-02T13:51:30+00:00,20,2026-08-02T14:12:59.257300+00:00,21.29,5081,91,69,telegram
tweetychannel,409603,774907,social_entertainment,2026-08-02T13:51:30+00:00,30,2026-08-02T14:22:00.295432+00:00,30.31,6091,114,69,telegram
tweetychannel,409604,774907,social_entertainment,2026-08-02T13:51:41+00:00,5,2026-08-02T13:57:30.559735+00:00,5.63,3041,62,73,telegram
tweetychannel,409604,774907,social_entertainment,2026-08-02T13:51:41+00:00,10,2026-08-02T14:02:39.360229+00:00,10.78,4063,87,142,telegram
tweetychannel,409604,774907,social_entertainment,2026-08-02T13:51:41+00:00,20,2026-08-02T14:12:59.257280+00:00,21.1,6088,119,177,telegram
tweetychannel,409604,774907,social_entertainment,2026-08-02T13:51:41+00:00,30,2026-08-02T14:22:00.295378+00:00,30.13,7098,143,211,telegram
farsna,454053,1804817,general_news,2026-08-02T13:53:04+00:00,5,2026-08-02T13:58:52.239785+00:00,5.54,1034,0,11,telegram
farsna,454053,1804817,general_news,2026-08-02T13:53:04+00:00,10,2026-08-02T14:04:01.436409+00:00,10.68,2324,0,11,telegram
farsna,454053,1804817,general_news,2026-08-02T13:53:04+00:00,20,2026-08-02T14:14:21.245454+00:00,21.01,3665,0,12,telegram
farsna,454053,1804817,general_news,2026-08-02T13:53:04+00:00,30,2026-08-02T14:23:21.571538+00:00,30.03,4361,0,12,telegram
tweetychannel,409605,774907,social_entertainment,2026-08-02T13:53:08+00:00,5,2026-08-02T13:58:48.010361+00:00,5.47,2039,88,35,telegram
tweetychannel,409605,774907,social_entertainment,2026-08-02T13:53:08+00:00,10,2026-08-02T14:03:57.140056+00:00,10.62,4060,113,36,telegram
tweetychannel,409605,774907,social_entertainment,2026-08-02T13:53:08+00:00,20,2026-08-02T14:14:16.921900+00:00,20.95,6089,144,37,telegram
tweetychannel,409605,774907,social_entertainment,2026-08-02T13:53:08+00:00,30,2026-08-02T14:24:34.551096+00:00,31.25,7105,166,38,telegram
digiato,111016,111106,technology,2026-08-02T13:55:13+00:00,5,2026-08-02T14:01:12.183305+00:00,5.96,679,7,4,telegram
digiato,111016,111106,technology,2026-08-02T13:55:13+00:00,10,2026-08-02T14:06:21.794751+00:00,11.12,958,12,4,telegram
digiato,111016,111106,technology,2026-08-02T13:55:13+00:00,20,2026-08-02T14:15:24.077709+00:00,20.16,1397,13,7,telegram
digiato,111016,111106,technology,2026-08-02T13:55:13+00:00,30,2026-08-02T14:25:42.055694+00:00,30.45,1997,18,8,telegram
tweetychannel,409606,774907,social_entertainment,2026-08-02T13:56:12+00:00,5,2026-08-02T14:02:39.359903+00:00,6.26,3048,145,34,telegram
tweetychannel,409606,774907,social_entertainment,2026-08-02T13:56:12+00:00,10,2026-08-02T14:06:31.936383+00:00,10.13,3055,167,34,telegram
tweetychannel,409606,774907,social_entertainment,2026-08-02T13:56:12+00:00,20,2026-08-02T14:16:51.323939+00:00,20.46,5092,212,34,telegram
tweetychannel,409606,774907,social_entertainment,2026-08-02T13:56:12+00:00,30,2026-08-02T14:27:49.021554+00:00,31.42,6102,264,68,telegram
varzesh3,298718,1296311,sport,2026-08-02T13:57:05+00:00,5,2026-08-02T14:02:33.652229+00:00,5.38,12416,0,38,telegram
varzesh3,298718,1296311,sport,2026-08-02T13:57:05+00:00,10,2026-08-02T14:07:43.436887+00:00,10.54,20731,0,38,telegram
varzesh3,298718,1296311,sport,2026-08-02T13:57:05+00:00,20,2026-08-02T14:18:02.774038+00:00,20.86,32209,0,73,telegram
varzesh3,298718,1296311,sport,2026-08-02T13:57:05+00:00,30,2026-08-02T14:27:43.213831+00:00,30.54,40485,0,108,telegram
farsna,454054,1804817,general_news,2026-08-02T13:58:04+00:00,5,2026-08-02T14:04:01.436122+00:00,5.68,1347,0,10,telegram
farsna,454054,1804817,general_news,2026-08-02T13:58:04+00:00,10,2026-08-02T14:09:11.247118+00:00,10.84,2339,0,10,telegram
farsna,454054,1804817,general_news,2026-08-02T13:58:04+00:00,20,2026-08-02T14:19:30.165085+00:00,21.17,3674,0,11,telegram
farsna,454054,1804817,general_news,2026-08-02T13:58:04+00:00,30,2026-08-02T14:29:10.267041+00:00,30.84,5003,0,21,telegram
akharinkhabar,623842,1959423,general_news,2026-08-02T13:58:05+00:00,5,2026-08-02T14:03:58.544596+00:00,5.67,2083,0,0,telegram
akharinkhabar,623842,1959423,general_news,2026-08-02T13:58:05+00:00,10,2026-08-02T14:09:08.348165+00:00,10.83,5129,0,0,telegram
akharinkhabar,623842,1959423,general_news,2026-08-02T13:58:05+00:00,20,2026-08-02T14:19:27.344467+00:00,21.15,8202,0,0,telegram
akharinkhabar,623842,1959423,general_news,2026-08-02T13:58:05+00:00,30,2026-08-02T14:29:07.459614+00:00,30.83,10260,0,0,telegram
tweetychannel,409607,774907,social_entertainment,2026-08-02T13:58:39+00:00,5,2026-08-02T14:03:57.139952+00:00,5.1,2029,48,0,telegram
tweetychannel,409607,774907,social_entertainment,2026-08-02T13:58:39+00:00,10,2026-08-02T14:09:06.913754+00:00,10.26,3054,55,0,telegram
tweetychannel,409607,774907,social_entertainment,2026-08-02T13:58:39+00:00,20,2026-08-02T14:19:25.865173+00:00,20.58,5081,69,0,telegram
tweetychannel,409607,774907,social_entertainment,2026-08-02T13:58:39+00:00,30,2026-08-02T14:29:06.072830+00:00,30.26,6091,75,0,telegram
akharinkhabar,623843,1959423,general_news,2026-08-02T13:59:20+00:00,5,2026-08-02T14:05:15.981604+00:00,5.71,3088,0,0,telegram
akharinkhabar,623843,1959423,general_news,2026-08-02T13:59:20+00:00,10,2026-08-02T14:10:25.730001+00:00,10.87,5129,0,0,telegram
akharinkhabar,623843,1959423,general_news,2026-08-02T13:59:20+00:00,20,2026-08-02T14:20:44.495490+00:00,21.19,8220,0,0,telegram
akharinkhabar,623843,1959423,general_news,2026-08-02T13:59:20+00:00,30,2026-08-02T14:30:24.372580+00:00,30.86,10265,0,0,telegram
tweetfrsi,21584,663661,entertainment,2026-08-02T13:59:33+00:00,5,2026-08-02T14:05:11.648259+00:00,5.49,799,23,9,telegram
tweetfrsi,21584,663661,entertainment,2026-08-02T13:59:33+00:00,10,2026-08-02T14:10:21.484185+00:00,10.66,1230,39,10,telegram
tweetfrsi,21584,663661,entertainment,2026-08-02T13:59:33+00:00,20,2026-08-02T14:20:40.270140+00:00,20.97,1839,63,13,telegram
tweetfrsi,21584,663661,entertainment,2026-08-02T13:59:33+00:00,30,2026-08-02T14:30:20.121179+00:00,30.64,2296,78,15,telegram
khabarfouri,555893,4814534,general_news,2026-08-02T13:59:54+00:00,5,2026-08-02T14:05:05.723919+00:00,5.14,2141,0,0,telegram
khabarfouri,555893,4814534,general_news,2026-08-02T13:59:54+00:00,10,2026-08-02T14:10:15.660203+00:00,10.31,4070,0,0,telegram
khabarfouri,555893,4814534,general_news,2026-08-02T13:59:54+00:00,20,2026-08-02T14:20:34.611504+00:00,20.62,5112,0,0,telegram
khabarfouri,555893,4814534,general_news,2026-08-02T13:59:54+00:00,30,2026-08-02T14:30:14.484245+00:00,30.29,8186,0,0,telegram
footballiapp,493139,49742,sport,2026-08-02T13:59:58+00:00,5,2026-08-02T14:05:07.247482+00:00,5.08,93,0,2,telegram
footballiapp,493139,49742,sport,2026-08-02T13:59:58+00:00,10,2026-08-02T14:10:17.134215+00:00,10.24,188,0,2,telegram
footballiapp,493139,49742,sport,2026-08-02T13:59:58+00:00,20,2026-08-02T14:20:36.041743+00:00,20.56,310,0,2,telegram
footballiapp,493139,49742,sport,2026-08-02T13:59:58+00:00,30,2026-08-02T14:30:15.914467+00:00,30.22,403,0,2,telegram
thezoomit,98267,129359,technology,2026-08-02T14:00:13+00:00,5,2026-08-02T14:06:20.322961+00:00,6.12,659,5,2,telegram
thezoomit,98267,129359,technology,2026-08-02T14:00:13+00:00,10,2026-08-02T14:11:30.036812+00:00,11.28,909,9,3,telegram
thezoomit,98267,129359,technology,2026-08-02T14:00:13+00:00,20,2026-08-02T14:20:31.567145+00:00,20.31,1291,12,4,telegram
thezoomit,98267,129359,technology,2026-08-02T14:00:13+00:00,30,2026-08-02T14:31:28.584592+00:00,31.26,1762,20,4,telegram
tweetychannel,409608,774907,social_entertainment,2026-08-02T14:00:38+00:00,5,2026-08-02T14:06:31.936046+00:00,5.7,1027,36,0,telegram
tweetychannel,409608,774907,social_entertainment,2026-08-02T14:00:38+00:00,10,2026-08-02T14:11:41.715383+00:00,10.86,3053,45,0,telegram
tweetychannel,409608,774907,social_entertainment,2026-08-02T14:00:38+00:00,20,2026-08-02T14:22:00.294777+00:00,21.18,5074,59,0,telegram
tweetychannel,409608,774907,social_entertainment,2026-08-02T14:00:38+00:00,30,2026-08-02T14:31:40.083322+00:00,30.84,6094,68,0,telegram
eghtesadonline,354150,75239,economy,2026-08-02T14:01:24+00:00,5,2026-08-02T14:07:44.854382+00:00,6.22,498,1,0,telegram
eghtesadonline,354150,75239,economy,2026-08-02T14:01:24+00:00,10,2026-08-02T14:11:37.345698+00:00,10.1,680,1,1,telegram
eghtesadonline,354150,75239,economy,2026-08-02T14:01:24+00:00,20,2026-08-02T14:21:55.982292+00:00,20.41,1401,2,1,telegram
eghtesadonline,354150,75239,economy,2026-08-02T14:01:24+00:00,30,2026-08-02T14:31:35.766931+00:00,30.07,1741,2,3,telegram
footballiapp,493140,49742,sport,2026-08-02T14:03:01+00:00,5,2026-08-02T14:08:59.160219+00:00,5.89,127,0,3,telegram
footballiapp,493140,49742,sport,2026-08-02T14:03:01+00:00,10,2026-08-02T14:14:09.337218+00:00,11.06,188,1,3,telegram
footballiapp,493140,49742,sport,2026-08-02T14:03:01+00:00,20,2026-08-02T14:23:10.375363+00:00,20.08,339,1,3,telegram
footballiapp,493140,49742,sport,2026-08-02T14:03:01+00:00,30,2026-08-02T14:34:07.392844+00:00,31.03,432,2,3,telegram
tweetychannel,409609,774907,social_entertainment,2026-08-02T14:03:01+00:00,5,2026-08-02T14:09:06.913238+00:00,5.89,10,4,0,telegram
tweetychannel,409609,774907,social_entertainment,2026-08-02T14:03:01+00:00,10,2026-08-02T14:14:16.921796+00:00,11.06,1016,5,0,telegram
tweetychannel,409609,774907,social_entertainment,2026-08-02T14:03:01+00:00,20,2026-08-02T14:23:17.396728+00:00,20.08,1022,6,0,telegram
tweetychannel,409609,774907,social_entertainment,2026-08-02T14:03:01+00:00,30,2026-08-02T14:34:14.549851+00:00,31.03,2030,7,0,telegram
varzesh3,298719,1296311,sport,2026-08-02T14:05:44+00:00,5,2026-08-02T14:11:35.862861+00:00,5.76,10374,0,1,telegram
varzesh3,298719,1296311,sport,2026-08-02T14:05:44+00:00,10,2026-08-02T14:16:45.622135+00:00,10.93,16622,0,2,telegram
varzesh3,298719,1296311,sport,2026-08-02T14:05:44+00:00,20,2026-08-02T14:27:43.212600+00:00,21.89,27024,0,2,telegram
varzesh3,298719,1296311,sport,2026-08-02T14:05:44+00:00,30,2026-08-02T14:36:43.068269+00:00,30.89,35303,0,2,telegram
tweetychannel,409610,774907,social_entertainment,2026-08-02T14:07:10+00:00,5,2026-08-02T14:12:59.256899+00:00,5.62,1034,1,0,telegram
tweetychannel,409610,774907,social_entertainment,2026-08-02T14:07:10+00:00,10,2026-08-02T14:18:08.528010+00:00,10.78,3051,2,0,telegram
tweetychannel,409610,774907,social_entertainment,2026-08-02T14:07:10+00:00,20,2026-08-02T14:27:49.021534+00:00,20.46,5077,3,0,telegram
tweetychannel,409610,774907,social_entertainment,2026-08-02T14:07:10+00:00,30,2026-08-02T14:38:05.616212+00:00,30.74,6091,5,0,telegram
tweetychannel,409611,774907,social_entertainment,2026-08-02T14:09:08+00:00,5,2026-08-02T14:15:34.143593+00:00,6.24,2034,68,0,telegram
tweetychannel,409611,774907,social_entertainment,2026-08-02T14:09:08+00:00,10,2026-08-02T14:19:25.865116+00:00,10.1,3050,85,34,telegram
tweetychannel,409611,774907,social_entertainment,2026-08-02T14:09:08+00:00,20,2026-08-02T14:30:22.975326+00:00,21.06,5076,112,35,telegram
tweetychannel,409611,774907,social_entertainment,2026-08-02T14:09:08+00:00,30,2026-08-02T14:39:22.560154+00:00,30.05,6084,131,35,telegram
farsna,454055,1804817,general_news,2026-08-02T14:11:03+00:00,5,2026-08-02T14:16:55.589701+00:00,5.61,1339,0,1,telegram
farsna,454055,1804817,general_news,2026-08-02T14:11:03+00:00,10,2026-08-02T14:22:04.513847+00:00,10.76,2040,0,11,telegram
farsna,454055,1804817,general_news,2026-08-02T14:11:03+00:00,20,2026-08-02T14:31:44.397217+00:00,20.42,3388,0,11,telegram
farsna,454055,1804817,general_news,2026-08-02T14:11:03+00:00,30,2026-08-02T14:42:01.319189+00:00,30.71,4385,0,11,telegram
eghtesadonline,354151,75239,economy,2026-08-02T14:11:49+00:00,5,2026-08-02T14:18:04.219000+00:00,6.13,684,5,2,telegram
eghtesadonline,354151,75239,economy,2026-08-02T14:11:49+00:00,10,2026-08-02T14:23:13.227708+00:00,11.28,995,7,4,telegram
eghtesadonline,354151,75239,economy,2026-08-02T14:11:49+00:00,20,2026-08-02T14:32:53.003440+00:00,20.94,1396,8,6,telegram
eghtesadonline,354151,75239,economy,2026-08-02T14:11:49+00:00,30,2026-08-02T14:43:10.943212+00:00,31.23,1890,9,7,telegram
akharinkhabar,623844,1959423,general_news,2026-08-02T14:12:38+00:00,5,2026-08-02T14:18:09.969275+00:00,5.31,2068,0,0,telegram
akharinkhabar,623844,1959423,general_news,2026-08-02T14:12:38+00:00,10,2026-08-02T14:23:18.781168+00:00,10.46,4118,0,0,telegram
akharinkhabar,623844,1959423,general_news,2026-08-02T14:12:38+00:00,20,2026-08-02T14:32:58.755895+00:00,20.13,7173,0,0,telegram
akharinkhabar,623844,1959423,general_news,2026-08-02T14:12:38+00:00,30,2026-08-02T14:43:16.510462+00:00,30.41,9235,0,0,telegram
footballiapp,493141,49742,sport,2026-08-02T14:12:52+00:00,5,2026-08-02T14:18:01.354906+00:00,5.08,121,0,1,telegram
footballiapp,493141,49742,sport,2026-08-02T14:12:52+00:00,10,2026-08-02T14:23:10.374818+00:00,10.23,182,0,1,telegram
footballiapp,493141,49742,sport,2026-08-02T14:12:52+00:00,20,2026-08-02T14:34:07.392466+00:00,21.18,307,0,2,telegram
footballiapp,493141,49742,sport,2026-08-02T14:12:52+00:00,30,2026-08-02T14:43:08.127905+00:00,30.18,432,0,3,telegram
akharinkhabar,623845,1959423,general_news,2026-08-02T14:13:04+00:00,5,2026-08-02T14:19:27.344453+00:00,6.17,3070,0,0,telegram
akharinkhabar,623845,1959423,general_news,2026-08-02T14:13:04+00:00,10,2026-08-02T14:23:18.780863+00:00,10.03,5112,0,0,telegram
akharinkhabar,623845,1959423,general_news,2026-08-02T14:13:04+00:00,20,2026-08-02T14:34:15.940849+00:00,20.98,8180,0,1,telegram
akharinkhabar,623845,1959423,general_news,2026-08-02T14:13:04+00:00,30,2026-08-02T14:44:33.784277+00:00,31.28,10243,0,1,telegram
akharinkhabar,623846,1959423,general_news,2026-08-02T14:13:49+00:00,5,2026-08-02T14:19:27.344444+00:00,5.42,3067,0,1,telegram
akharinkhabar,623846,1959423,general_news,2026-08-02T14:13:49+00:00,10,2026-08-02T14:24:35.956592+00:00,10.56,5113,0,1,telegram
akharinkhabar,623846,1959423,general_news,2026-08-02T14:13:49+00:00,20,2026-08-02T14:34:15.940834+00:00,20.23,8177,0,1,telegram
akharinkhabar,623846,1959423,general_news,2026-08-02T14:13:49+00:00,30,2026-08-02T14:44:33.784263+00:00,30.53,10241,0,1,telegram
akharinkhabar,623847,1959423,general_news,2026-08-02T14:13:49+00:00,5,2026-08-02T14:19:27.344407+00:00,5.42,3063,0,1,telegram
akharinkhabar,623847,1959423,general_news,2026-08-02T14:13:49+00:00,10,2026-08-02T14:24:35.956575+00:00,10.56,5123,0,1,telegram
akharinkhabar,623847,1959423,general_news,2026-08-02T14:13:49+00:00,20,2026-08-02T14:34:15.939862+00:00,20.23,8215,0,1,telegram
akharinkhabar,623847,1959423,general_news,2026-08-02T14:13:49+00:00,30,2026-08-02T14:44:33.784023+00:00,30.53,10247,0,1,telegram
tweetychannel,409612,774907,social_entertainment,2026-08-02T14:14:01+00:00,5,2026-08-02T14:19:25.865066+00:00,5.22,2033,68,0,telegram
tweetychannel,409612,774907,social_entertainment,2026-08-02T14:14:01+00:00,10,2026-08-02T14:24:34.551046+00:00,10.36,3045,84,0,telegram
tweetychannel,409612,774907,social_entertainment,2026-08-02T14:14:01+00:00,20,2026-08-02T14:34:14.549824+00:00,20.03,5073,108,0,telegram
tweetychannel,409612,774907,social_entertainment,2026-08-02T14:14:01+00:00,30,2026-08-02T14:44:32.371100+00:00,30.33,7086,118,0,telegram
tweetychannel,409613,774907,social_entertainment,2026-08-02T14:14:01+00:00,5,2026-08-02T14:19:25.864141+00:00,5.22,2034,0,0,telegram
tweetychannel,409613,774907,social_entertainment,2026-08-02T14:14:01+00:00,10,2026-08-02T14:24:34.550677+00:00,10.36,3047,0,0,telegram
tweetychannel,409613,774907,social_entertainment,2026-08-02T14:14:01+00:00,20,2026-08-02T14:34:14.549731+00:00,20.03,5075,0,0,telegram
tweetychannel,409613,774907,social_entertainment,2026-08-02T14:14:01+00:00,30,2026-08-02T14:44:32.370511+00:00,30.33,7085,0,0,telegram
tweetychannel,409614,774907,social_entertainment,2026-08-02T14:17:10+00:00,5,2026-08-02T14:23:17.396518+00:00,5.93,2032,46,1,telegram
tweetychannel,409614,774907,social_entertainment,2026-08-02T14:17:10+00:00,10,2026-08-02T14:27:49.021510+00:00,10.46,3050,58,36,telegram
tweetychannel,409614,774907,social_entertainment,2026-08-02T14:17:10+00:00,20,2026-08-02T14:38:05.616164+00:00,20.74,5069,76,36,telegram
tweetychannel,409614,774907,social_entertainment,2026-08-02T14:17:10+00:00,30,2026-08-02T14:48:23.688676+00:00,31.03,6088,92,36,telegram
akharinkhabar,623848,1959423,general_news,2026-08-02T14:18:54+00:00,5,2026-08-02T14:24:35.955445+00:00,5.48,3076,0,0,telegram
akharinkhabar,623848,1959423,general_news,2026-08-02T14:18:54+00:00,10,2026-08-02T14:29:07.459400+00:00,10.01,5114,0,0,telegram
akharinkhabar,623848,1959423,general_news,2026-08-02T14:18:54+00:00,20,2026-08-02T14:39:23.991122+00:00,20.29,7199,0,0,telegram
akharinkhabar,623848,1959423,general_news,2026-08-02T14:18:54+00:00,30,2026-08-02T14:49:42.434728+00:00,30.59,9231,0,0,telegram
akharinkhabar,623849,1959423,general_news,2026-08-02T14:19:40+00:00,5,2026-08-02T14:25:53.400294+00:00,6.0,3085,0,1,telegram
akharinkhabar,623849,1959423,general_news,2026-08-02T14:19:40+00:00,10,2026-08-02T14:30:24.371835+00:00,10.52,5152,0,1,telegram
akharinkhabar,623849,1959423,general_news,2026-08-02T14:19:40+00:00,20,2026-08-02T14:40:41.382131+00:00,20.8,8207,0,1,telegram
akharinkhabar,623849,1959423,general_news,2026-08-02T14:19:40+00:00,30,2026-08-02T14:50:59.604989+00:00,31.11,10241,0,1,telegram
digiato,111018,111106,technology,2026-08-02T14:20:23+00:00,5,2026-08-02T14:25:42.054757+00:00,5.29,691,19,8,telegram
digiato,111018,111106,technology,2026-08-02T14:20:23+00:00,10,2026-08-02T14:31:30.046890+00:00,11.09,1067,30,14,telegram
digiato,111018,111106,technology,2026-08-02T14:20:23+00:00,20,2026-08-02T14:40:29.848236+00:00,20.09,1445,45,17,telegram
digiato,111018,111106,technology,2026-08-02T14:20:23+00:00,30,2026-08-02T14:50:48.243198+00:00,30.39,1791,57,23,telegram
akharinkhabar,623850,1959423,general_news,2026-08-02T14:21:02+00:00,5,2026-08-02T14:27:50.512183+00:00,6.59,3077,0,0,telegram
akharinkhabar,623850,1959423,general_news,2026-08-02T14:21:02+00:00,10,2026-08-02T14:31:41.581237+00:00,10.44,5136,0,0,telegram
akharinkhabar,623850,1959423,general_news,2026-08-02T14:21:02+00:00,20,2026-08-02T14:41:58.451513+00:00,20.72,8195,0,0,telegram
akharinkhabar,623850,1959423,general_news,2026-08-02T14:21:02+00:00,30,2026-08-02T14:52:16.704027+00:00,31.03,10232,0,0,telegram
akharinkhabar,623851,1959423,general_news,2026-08-02T14:21:26+00:00,5,2026-08-02T14:27:50.511966+00:00,6.19,3068,0,0,telegram
akharinkhabar,623851,1959423,general_news,2026-08-02T14:21:26+00:00,10,2026-08-02T14:31:41.581070+00:00,10.04,5107,0,0,telegram
akharinkhabar,623851,1959423,general_news,2026-08-02T14:21:26+00:00,20,2026-08-02T14:41:58.451039+00:00,20.32,8193,0,0,telegram
akharinkhabar,623851,1959423,general_news,2026-08-02T14:21:26+00:00,30,2026-08-02T14:52:16.703814+00:00,30.63,10239,0,0,telegram
tweetychannel,409615,774907,social_entertainment,2026-08-02T14:21:53+00:00,5,2026-08-02T14:27:49.021218+00:00,5.74,2036,60,35,telegram
tweetychannel,409615,774907,social_entertainment,2026-08-02T14:21:53+00:00,10,2026-08-02T14:32:57.182369+00:00,10.88,3055,80,35,telegram
tweetychannel,409615,774907,social_entertainment,2026-08-02T14:21:53+00:00,20,2026-08-02T14:43:15.118962+00:00,21.16,5066,99,70,telegram
tweetychannel,409615,774907,social_entertainment,2026-08-02T14:21:53+00:00,30,2026-08-02T14:52:15.309153+00:00,30.18,6085,113,70,telegram
eghtesadonline,354152,75239,economy,2026-08-02T14:22:01+00:00,5,2026-08-02T14:27:44.597984+00:00,5.61,371,0,5,telegram
eghtesadonline,354152,75239,economy,2026-08-02T14:22:01+00:00,10,2026-08-02T14:32:53.001436+00:00,10.74,559,0,5,telegram
eghtesadonline,354152,75239,economy,2026-08-02T14:22:01+00:00,20,2026-08-02T14:43:10.943201+00:00,21.03,1113,3,6,telegram
eghtesadonline,354152,75239,economy,2026-08-02T14:22:01+00:00,30,2026-08-02T14:52:11.035690+00:00,30.04,1517,4,6,telegram
farsna,454056,1804817,general_news,2026-08-02T14:23:04+00:00,5,2026-08-02T14:29:10.266972+00:00,5.84,1349,0,11,telegram
farsna,454056,1804817,general_news,2026-08-02T14:23:04+00:00,10,2026-08-02T14:34:18.708006+00:00,10.98,2035,0,11,telegram
farsna,454056,1804817,general_news,2026-08-02T14:23:04+00:00,20,2026-08-02T14:44:36.557587+00:00,21.28,3044,0,21,telegram
farsna,454056,1804817,general_news,2026-08-02T14:23:04+00:00,30,2026-08-02T14:53:36.555871+00:00,30.28,3736,0,21,telegram
khabarfouri,555894,4814534,general_news,2026-08-02T14:23:27+00:00,5,2026-08-02T14:28:57.577634+00:00,5.46,2085,0,1,telegram
khabarfouri,555894,4814534,general_news,2026-08-02T14:23:27+00:00,10,2026-08-02T14:34:05.916440+00:00,10.6,4147,0,1,telegram
khabarfouri,555894,4814534,general_news,2026-08-02T14:23:27+00:00,20,2026-08-02T14:44:23.602770+00:00,20.89,7204,0,1,telegram
khabarfouri,555894,4814534,general_news,2026-08-02T14:23:27+00:00,30,2026-08-02T14:54:40.763472+00:00,31.18,9251,0,1,telegram
tweetychannel,409616,774907,social_entertainment,2026-08-02T14:25:13+00:00,5,2026-08-02T14:31:40.083222+00:00,6.26,2043,52,34,telegram
tweetychannel,409616,774907,social_entertainment,2026-08-02T14:25:13+00:00,10,2026-08-02T14:35:31.728540+00:00,10.12,3056,69,34,telegram
tweetychannel,409616,774907,social_entertainment,2026-08-02T14:25:13+00:00,20,2026-08-02T14:45:49.237273+00:00,20.41,5073,91,35,telegram
tweetychannel,409616,774907,social_entertainment,2026-08-02T14:25:13+00:00,30,2026-08-02T14:56:06.949201+00:00,30.7,6085,97,35,telegram
akharinkhabar,623852,1959423,general_news,2026-08-02T14:26:27+00:00,5,2026-08-02T14:31:41.580605+00:00,5.02,2058,0,0,telegram
akharinkhabar,623852,1959423,general_news,2026-08-02T14:26:27+00:00,10,2026-08-02T14:36:50.125839+00:00,10.17,4109,0,0,telegram
akharinkhabar,623852,1959423,general_news,2026-08-02T14:26:27+00:00,20,2026-08-02T14:47:07.739895+00:00,20.46,7193,0,0,telegram
akharinkhabar,623852,1959423,general_news,2026-08-02T14:26:27+00:00,30,2026-08-02T14:57:25.650458+00:00,30.76,10819,0,0,telegram
farsna,454057,1804817,general_news,2026-08-02T14:28:04+00:00,5,2026-08-02T14:34:18.707842+00:00,5.98,1034,0,12,telegram
farsna,454057,1804817,general_news,2026-08-02T14:28:04+00:00,10,2026-08-02T14:39:26.894215+00:00,11.12,1732,0,12,telegram
farsna,454057,1804817,general_news,2026-08-02T14:28:04+00:00,20,2026-08-02T14:48:28.084798+00:00,20.13,3036,0,12,telegram
farsna,454057,1804817,general_news,2026-08-02T14:28:04+00:00,30,2026-08-02T14:59:26.677118+00:00,31.11,4041,0,12,telegram
footballiapp,493142,49742,sport,2026-08-02T14:29:58+00:00,5,2026-08-02T14:35:24.449807+00:00,5.37,126,0,2,telegram
footballiapp,493142,49742,sport,2026-08-02T14:29:58+00:00,10,2026-08-02T14:40:32.716953+00:00,10.5,249,0,2,telegram
footballiapp,493142,49742,sport,2026-08-02T14:29:58+00:00,20,2026-08-02T14:50:51.036310+00:00,20.81,341,0,3,telegram
footballiapp,493142,49742,sport,2026-08-02T14:29:58+00:00,30,2026-08-02T15:00:32.362800+00:00,30.5,402,0,3,telegram
thezoomit,98268,129359,technology,2026-08-02T14:30:01+00:00,5,2026-08-02T14:35:20.154269+00:00,5.32,750,25,9,telegram
thezoomit,98268,129359,technology,2026-08-02T14:30:01+00:00,10,2026-08-02T14:40:28.315582+00:00,10.45,1126,38,12,telegram
thezoomit,98268,129359,technology,2026-08-02T14:30:01+00:00,20,2026-08-02T14:50:46.836730+00:00,20.76,1904,50,16,telegram
thezoomit,98268,129359,technology,2026-08-02T14:30:01+00:00,30,2026-08-02T15:00:28.095538+00:00,30.45,2334,52,17,telegram
tweetychannel,409617,774907,social_entertainment,2026-08-02T14:30:20+00:00,5,2026-08-02T14:36:48.737959+00:00,6.29,2029,58,1,telegram
tweetychannel,409617,774907,social_entertainment,2026-08-02T14:30:20+00:00,10,2026-08-02T14:40:39.976244+00:00,10.14,2033,70,1,telegram
tweetychannel,409617,774907,social_entertainment,2026-08-02T14:30:20+00:00,20,2026-08-02T14:50:58.196103+00:00,20.44,5069,92,1,telegram
tweetychannel,409617,774907,social_entertainment,2026-08-02T14:30:20+00:00,30,2026-08-02T15:00:39.421045+00:00,30.13,6080,116,1,telegram
tweetychannel,409618,774907,social_entertainment,2026-08-02T14:32:08+00:00,5,2026-08-02T14:38:05.615737+00:00,5.77,1021,55,0,telegram
tweetychannel,409618,774907,social_entertainment,2026-08-02T14:32:08+00:00,10,2026-08-02T14:43:15.118940+00:00,10.91,2038,76,0,telegram
tweetychannel,409618,774907,social_entertainment,2026-08-02T14:32:08+00:00,20,2026-08-02T14:53:32.347880+00:00,21.21,5068,101,0,telegram
tweetychannel,409618,774907,social_entertainment,2026-08-02T14:32:08+00:00,30,2026-08-02T15:03:13.783452+00:00,30.9,6082,128,0,telegram
tweetfrsi,21585,663661,entertainment,2026-08-02T14:32:19+00:00,5,2026-08-02T14:38:02.872527+00:00,5.59,859,46,7,telegram
tweetfrsi,21585,663661,entertainment,2026-08-02T14:32:19+00:00,10,2026-08-02T14:43:12.356413+00:00,10.73,1350,69,8,telegram
tweetfrsi,21585,663661,entertainment,2026-08-02T14:32:19+00:00,20,2026-08-02T14:53:29.540953+00:00,21.03,2172,106,12,telegram
tweetfrsi,21585,663661,entertainment,2026-08-02T14:32:19+00:00,30,2026-08-02T15:03:10.982163+00:00,30.72,2846,125,16,telegram
tweetychannel,409619,774907,social_entertainment,2026-08-02T14:33:01+00:00,5,2026-08-02T14:39:22.559696+00:00,6.17,1020,2,0,telegram
tweetychannel,409619,774907,social_entertainment,2026-08-02T14:33:01+00:00,10,2026-08-02T14:43:15.118887+00:00,10.03,2041,4,0,telegram
tweetychannel,409619,774907,social_entertainment,2026-08-02T14:33:01+00:00,20,2026-08-02T14:53:32.347870+00:00,20.33,5088,4,0,telegram
tweetychannel,409619,774907,social_entertainment,2026-08-02T14:33:01+00:00,30,2026-08-02T15:03:13.783443+00:00,30.02,6105,5,0,telegram
khabarfouri,555895,4814534,general_news,2026-08-02T14:33:02+00:00,5,2026-08-02T14:39:14.155053+00:00,6.15,3068,0,0,telegram
khabarfouri,555895,4814534,general_news,2026-08-02T14:33:02+00:00,10,2026-08-02T14:43:06.730427+00:00,10.01,4095,0,0,telegram
khabarfouri,555895,4814534,general_news,2026-08-02T14:33:02+00:00,20,2026-08-02T14:53:23.675251+00:00,20.31,6143,0,0,telegram
khabarfouri,555895,4814534,general_news,2026-08-02T14:33:02+00:00,30,2026-08-02T15:03:05.094671+00:00,30.0,8182,0,0,telegram
footballiapp,493143,49742,sport,2026-08-02T14:34:03+00:00,5,2026-08-02T14:39:15.580087+00:00,5.14,157,3,1,telegram
footballiapp,493143,49742,sport,2026-08-02T14:34:03+00:00,10,2026-08-02T14:44:25.068244+00:00,10.29,248,4,1,telegram
footballiapp,493143,49742,sport,2026-08-02T14:34:03+00:00,20,2026-08-02T14:54:42.180498+00:00,20.58,370,4,1,telegram
footballiapp,493143,49742,sport,2026-08-02T14:34:03+00:00,30,2026-08-02T15:04:23.774128+00:00,30.27,450,6,1,telegram
varzesh3,298720,1296311,sport,2026-08-02T14:35:10+00:00,5,2026-08-02T14:40:34.165027+00:00,5.3,8306,0,0,telegram
varzesh3,298720,1296311,sport,2026-08-02T14:35:10+00:00,10,2026-08-02T14:45:43.605333+00:00,10.46,16619,0,1,telegram
varzesh3,298720,1296311,sport,2026-08-02T14:35:10+00:00,20,2026-08-02T14:56:01.076127+00:00,20.75,29020,0,1,telegram
varzesh3,298720,1296311,sport,2026-08-02T14:35:10+00:00,30,2026-08-02T15:05:42.446580+00:00,30.44,36322,0,1,telegram
varzesh3,298721,1296311,sport,2026-08-02T14:35:12+00:00,5,2026-08-02T14:40:34.164778+00:00,5.27,9347,0,0,telegram
varzesh3,298721,1296311,sport,2026-08-02T14:35:12+00:00,10,2026-08-02T14:45:43.605125+00:00,10.43,16619,0,0,telegram
varzesh3,298721,1296311,sport,2026-08-02T14:35:12+00:00,20,2026-08-02T14:56:01.075906+00:00,20.72,30064,0,34,telegram
varzesh3,298721,1296311,sport,2026-08-02T14:35:12+00:00,30,2026-08-02T15:05:42.446226+00:00,30.41,40386,0,34,telegram
eghtesadonline,354153,75239,economy,2026-08-02T14:37:15+00:00,5,2026-08-02T14:43:10.942993+00:00,5.79,463,5,0,telegram
eghtesadonline,354153,75239,economy,2026-08-02T14:37:15+00:00,10,2026-08-02T14:48:19.456248+00:00,10.95,713,6,2,telegram
eghtesadonline,354153,75239,economy,2026-08-02T14:37:15+00:00,20,2026-08-02T14:59:18.024402+00:00,21.93,1640,7,3,telegram
eghtesadonline,354153,75239,economy,2026-08-02T14:37:15+00:00,30,2026-08-02T15:08:17.952898+00:00,30.93,2081,7,3,telegram
farsna,454058,1804817,general_news,2026-08-02T14:38:35+00:00,5,2026-08-02T14:44:36.557275+00:00,5.76,1311,0,10,telegram
farsna,454058,1804817,general_news,2026-08-02T14:38:35+00:00,10,2026-08-02T14:49:45.355532+00:00,10.9,1992,0,12,telegram
farsna,454058,1804817,general_news,2026-08-02T14:38:35+00:00,20,2026-08-02T14:59:26.676740+00:00,20.6,3031,0,22,telegram
farsna,454058,1804817,general_news,2026-08-02T14:38:35+00:00,30,2026-08-02T15:09:43.905260+00:00,30.88,3737,0,22,telegram
footballiapp,493144,49742,sport,2026-08-02T14:39:52+00:00,5,2026-08-02T14:45:42.168379+00:00,5.76,93,1,4,telegram
footballiapp,493144,49742,sport,2026-08-02T14:39:52+00:00,10,2026-08-02T14:50:51.036102+00:00,10.91,155,1,4,telegram
footballiapp,493144,49742,sport,2026-08-02T14:39:52+00:00,20,2026-08-02T15:00:32.362784+00:00,20.6,279,1,4,telegram
footballiapp,493144,49742,sport,2026-08-02T14:39:52+00:00,30,2026-08-02T15:10:49.747458+00:00,30.89,357,2,4,telegram
tweetychannel,409620,774907,social_entertainment,2026-08-02T14:41:08+00:00,5,2026-08-02T14:47:06.336456+00:00,5.78,2056,20,34,telegram
tweetychannel,409620,774907,social_entertainment,2026-08-02T14:41:08+00:00,10,2026-08-02T14:52:15.309126+00:00,10.93,4088,28,34,telegram
tweetychannel,409620,774907,social_entertainment,2026-08-02T14:41:08+00:00,20,2026-08-02T15:01:56.546034+00:00,20.61,6116,45,35,telegram
tweetychannel,409620,774907,social_entertainment,2026-08-02T14:41:08+00:00,30,2026-08-02T15:12:14.119727+00:00,30.91,7130,58,69,telegram
tweetychannel,409621,774907,social_entertainment,2026-08-02T14:42:01+00:00,5,2026-08-02T14:48:23.688558+00:00,6.18,3062,169,0,telegram
tweetychannel,409621,774907,social_entertainment,2026-08-02T14:42:01+00:00,10,2026-08-02T14:52:15.309110+00:00,10.04,4087,190,0,telegram
tweetychannel,409621,774907,social_entertainment,2026-08-02T14:42:01+00:00,20,2026-08-02T15:03:13.783427+00:00,21.02,6123,226,1,telegram
tweetychannel,409621,774907,social_entertainment,2026-08-02T14:42:01+00:00,30,2026-08-02T15:12:14.119715+00:00,30.02,7135,235,1,telegram
varzesh3,298722,1296311,sport,2026-08-02T14:43:21+00:00,5,2026-08-02T14:49:35.207770+00:00,6.14,10408,0,0,telegram
varzesh3,298722,1296311,sport,2026-08-02T14:43:21+00:00,10,2026-08-02T14:54:43.609719+00:00,11.28,16656,0,0,telegram
varzesh3,298722,1296311,sport,2026-08-02T14:43:21+00:00,20,2026-08-02T15:04:25.204049+00:00,20.97,30050,0,0,telegram
varzesh3,298722,1296311,sport,2026-08-02T14:43:21+00:00,30,2026-08-02T15:14:43.759733+00:00,31.28,39350,0,0,telegram
varzesh3,298723,1296311,sport,2026-08-02T14:43:28+00:00,5,2026-08-02T14:49:35.206665+00:00,6.02,10450,0,0,telegram
varzesh3,298723,1296311,sport,2026-08-02T14:43:28+00:00,10,2026-08-02T14:54:43.609487+00:00,11.16,17673,0,0,telegram
varzesh3,298723,1296311,sport,2026-08-02T14:43:28+00:00,20,2026-08-02T15:04:25.203814+00:00,20.85,32108,0,0,telegram
varzesh3,298723,1296311,sport,2026-08-02T14:43:28+00:00,30,2026-08-02T15:14:43.758441+00:00,31.16,40445,0,0,telegram
thezoomit,98269,129359,technology,2026-08-02T14:45:01+00:00,5,2026-08-02T14:50:46.835625+00:00,5.76,772,7,1,telegram
thezoomit,98269,129359,technology,2026-08-02T14:45:01+00:00,10,2026-08-02T14:55:55.192286+00:00,10.9,1050,11,4,telegram
thezoomit,98269,129359,technology,2026-08-02T14:45:01+00:00,20,2026-08-02T15:05:36.610771+00:00,20.59,1608,18,4,telegram
thezoomit,98269,129359,technology,2026-08-02T14:45:01+00:00,30,2026-08-02T15:15:55.510553+00:00,30.9,1954,26,4,telegram
tweetychannel,409622,774907,social_entertainment,2026-08-02T14:47:01+00:00,5,2026-08-02T14:52:15.309087+00:00,5.04,2039,61,0,telegram
tweetychannel,409622,774907,social_entertainment,2026-08-02T14:47:01+00:00,10,2026-08-02T14:57:24.238559+00:00,10.19,4071,94,0,telegram
tweetychannel,409622,774907,social_entertainment,2026-08-02T14:47:01+00:00,20,2026-08-02T15:08:22.179632+00:00,21.16,5094,145,34,telegram
tweetychannel,409622,774907,social_entertainment,2026-08-02T14:47:01+00:00,30,2026-08-02T15:17:24.702306+00:00,30.2,7115,179,34,telegram
tweetychannel,409623,774907,social_entertainment,2026-08-02T14:47:02+00:00,5,2026-08-02T14:52:15.308614+00:00,5.03,2040,0,0,telegram
tweetychannel,409623,774907,social_entertainment,2026-08-02T14:47:02+00:00,10,2026-08-02T14:57:24.238547+00:00,10.17,4072,0,0,telegram
tweetychannel,409623,774907,social_entertainment,2026-08-02T14:47:02+00:00,20,2026-08-02T15:08:22.179622+00:00,21.14,5093,0,34,telegram
tweetychannel,409623,774907,social_entertainment,2026-08-02T14:47:02+00:00,30,2026-08-02T15:17:24.701906+00:00,30.18,7115,0,34,telegram
tweetychannel,409624,774907,social_entertainment,2026-08-02T14:47:12+00:00,5,2026-08-02T14:53:32.347833+00:00,6.14,2047,41,34,telegram
tweetychannel,409624,774907,social_entertainment,2026-08-02T14:47:12+00:00,10,2026-08-02T14:57:24.238084+00:00,10.01,4077,66,34,telegram
tweetychannel,409624,774907,social_entertainment,2026-08-02T14:47:12+00:00,20,2026-08-02T15:08:22.179611+00:00,20.98,6101,102,34,telegram
tweetychannel,409624,774907,social_entertainment,2026-08-02T14:47:12+00:00,30,2026-08-02T15:17:24.701894+00:00,30.01,7120,125,68,telegram
tweetychannel,409625,774907,social_entertainment,2026-08-02T14:47:40+00:00,5,2026-08-02T14:53:32.347777+00:00,5.68,2042,57,1,telegram
tweetychannel,409625,774907,social_entertainment,2026-08-02T14:47:40+00:00,10,2026-08-02T14:59:22.460939+00:00,11.51,4081,75,35,telegram
tweetychannel,409625,774907,social_entertainment,2026-08-02T14:47:40+00:00,20,2026-08-02T15:08:22.179560+00:00,20.51,6107,94,35,telegram
tweetychannel,409625,774907,social_entertainment,2026-08-02T14:47:40+00:00,30,2026-08-02T15:18:41.930724+00:00,30.84,8133,108,35,telegram
footballiapp,493145,49742,sport,2026-08-02T14:49:52+00:00,5,2026-08-02T14:55:59.575510+00:00,6.05,94,0,1,telegram
footballiapp,493145,49742,sport,2026-08-02T14:49:52+00:00,10,2026-08-02T15:00:32.362733+00:00,10.6,125,0,1,telegram
footballiapp,493145,49742,sport,2026-08-02T14:49:52+00:00,20,2026-08-02T15:10:49.747422+00:00,20.89,278,1,2,telegram
footballiapp,493145,49742,sport,2026-08-02T14:49:52+00:00,30,2026-08-02T15:21:09.010108+00:00,31.21,371,2,3,telegram
tweetfrsi,21586,663661,entertainment,2026-08-02T14:50:10+00:00,5,2026-08-02T14:56:04.061990+00:00,5.75,856,19,6,telegram
tweetfrsi,21586,663661,entertainment,2026-08-02T14:50:10+00:00,10,2026-08-02T15:00:36.671265+00:00,10.3,1316,24,8,telegram
tweetfrsi,21586,663661,entertainment,2026-08-02T14:50:10+00:00,20,2026-08-02T15:10:54.148583+00:00,20.59,2230,37,10,telegram
tweetfrsi,21586,663661,entertainment,2026-08-02T14:50:10+00:00,30,2026-08-02T15:21:13.208332+00:00,30.91,2933,44,10,telegram
digiato,111019,111106,technology,2026-08-02T14:50:18+00:00,5,2026-08-02T14:55:56.630300+00:00,5.62,561,7,3,telegram
digiato,111019,111106,technology,2026-08-02T14:50:18+00:00,10,2026-08-02T15:00:29.516434+00:00,10.16,872,10,6,telegram
digiato,111019,111106,technology,2026-08-02T14:50:18+00:00,20,2026-08-02T15:10:46.793547+00:00,20.45,1244,16,11,telegram
digiato,111019,111106,technology,2026-08-02T14:50:18+00:00,30,2026-08-02T15:21:06.214697+00:00,30.78,1521,20,11,telegram
eghtesadonline,354154,75239,economy,2026-08-02T14:50:45+00:00,5,2026-08-02T14:56:02.583034+00:00,5.17,623,7,6,telegram
eghtesadonline,354154,75239,economy,2026-08-02T14:50:45+00:00,10,2026-08-02T15:01:52.232754+00:00,11.0,1089,16,6,telegram
eghtesadonline,354154,75239,economy,2026-08-02T14:50:45+00:00,20,2026-08-02T15:10:52.726321+00:00,20.0,1620,27,10,telegram
eghtesadonline,354154,75239,economy,2026-08-02T14:50:45+00:00,30,2026-08-02T15:21:11.807425+00:00,30.33,2157,29,13,telegram
varzesh3,298724,1296311,sport,2026-08-02T14:51:51+00:00,5,2026-08-02T14:57:18.465424+00:00,5.36,11311,0,2,telegram
varzesh3,298724,1296311,sport,2026-08-02T14:51:51+00:00,10,2026-08-02T15:03:08.005054+00:00,11.18,20634,0,36,telegram
varzesh3,298724,1296311,sport,2026-08-02T14:51:51+00:00,20,2026-08-02T15:12:08.369822+00:00,20.19,31003,0,36,telegram
varzesh3,298724,1296311,sport,2026-08-02T14:51:51+00:00,30,2026-08-02T15:22:27.472763+00:00,30.51,40339,0,37,telegram
tweetychannel,409626,774907,social_entertainment,2026-08-02T14:52:40+00:00,5,2026-08-02T14:59:22.460661+00:00,6.51,3062,59,0,telegram
tweetychannel,409626,774907,social_entertainment,2026-08-02T14:52:40+00:00,10,2026-08-02T15:03:13.783146+00:00,10.37,4070,73,0,telegram
tweetychannel,409626,774907,social_entertainment,2026-08-02T14:52:40+00:00,20,2026-08-02T15:13:32.050912+00:00,20.66,6101,93,0,telegram
tweetychannel,409626,774907,social_entertainment,2026-08-02T14:52:40+00:00,30,2026-08-02T15:23:50.678669+00:00,30.98,7120,105,0,telegram
akharinkhabar,623853,1959423,general_news,2026-08-02T14:54:37+00:00,5,2026-08-02T15:00:40.819484+00:00,5.85,2995,0,5,telegram
akharinkhabar,623853,1959423,general_news,2026-08-02T14:54:37+00:00,10,2026-08-02T15:05:49.607097+00:00,10.99,5047,0,6,telegram
akharinkhabar,623853,1959423,general_news,2026-08-02T14:54:37+00:00,20,2026-08-02T15:14:51.159900+00:00,20.01,7084,0,7,telegram
akharinkhabar,623853,1959423,general_news,2026-08-02T14:54:37+00:00,30,2026-08-02T15:25:09.564827+00:00,30.32,9144,0,7,telegram
akharinkhabar,623854,1959423,general_news,2026-08-02T14:55:20+00:00,5,2026-08-02T15:00:40.819027+00:00,5.13,2528,0,3,telegram
akharinkhabar,623854,1959423,general_news,2026-08-02T14:55:20+00:00,10,2026-08-02T15:05:49.607028+00:00,10.27,4588,0,3,telegram
akharinkhabar,623854,1959423,general_news,2026-08-02T14:55:20+00:00,20,2026-08-02T15:16:08.602526+00:00,20.59,7632,0,3,telegram
akharinkhabar,623854,1959423,general_news,2026-08-02T14:55:20+00:00,30,2026-08-02T15:26:26.817929+00:00,30.9,9689,0,3,telegram
tweetychannel,409627,774907,social_entertainment,2026-08-02T14:55:33+00:00,5,2026-08-02T15:01:56.545911+00:00,6.2,2045,105,1,telegram
tweetychannel,409627,774907,social_entertainment,2026-08-02T14:55:33+00:00,10,2026-08-02T15:05:48.174746+00:00,10.06,3050,126,1,telegram
tweetychannel,409627,774907,social_entertainment,2026-08-02T14:55:33+00:00,20,2026-08-02T15:16:07.154745+00:00,20.37,5083,161,1,telegram
tweetychannel,409627,774907,social_entertainment,2026-08-02T14:55:33+00:00,30,2026-08-02T15:26:25.398937+00:00,30.68,6104,175,1,telegram
akharinkhabar,623855,1959423,general_news,2026-08-02T14:55:48+00:00,5,2026-08-02T15:01:57.957708+00:00,5.95,2185,0,2,telegram
akharinkhabar,623855,1959423,general_news,2026-08-02T14:55:48+00:00,10,2026-08-02T15:07:06.631703+00:00,11.09,4237,0,2,telegram
akharinkhabar,623855,1959423,general_news,2026-08-02T14:55:48+00:00,20,2026-08-02T15:16:08.602517+00:00,20.12,7279,0,2,telegram
akharinkhabar,623855,1959423,general_news,2026-08-02T14:55:48+00:00,30,2026-08-02T15:26:26.817920+00:00,30.43,9333,0,2,telegram
thezoomit,98270,129359,technology,2026-08-02T14:59:06+00:00,5,2026-08-02T15:04:19.444640+00:00,5.22,526,4,4,telegram
thezoomit,98270,129359,technology,2026-08-02T14:59:06+00:00,10,2026-08-02T15:09:28.207254+00:00,10.37,779,7,7,telegram
thezoomit,98270,129359,technology,2026-08-02T14:59:06+00:00,20,2026-08-02T15:19:47.674887+00:00,20.69,1093,11,9,telegram
thezoomit,98270,129359,technology,2026-08-02T14:59:06+00:00,30,2026-08-02T15:30:42.332928+00:00,31.6,1350,13,9,telegram
thezoomit,98271,129359,technology,2026-08-02T14:59:06+00:00,5,2026-08-02T15:04:19.444632+00:00,5.22,557,0,4,telegram
thezoomit,98271,129359,technology,2026-08-02T14:59:06+00:00,10,2026-08-02T15:09:28.207242+00:00,10.37,810,0,7,telegram
thezoomit,98271,129359,technology,2026-08-02T14:59:06+00:00,20,2026-08-02T15:19:47.674154+00:00,20.69,1155,0,9,telegram
thezoomit,98271,129359,technology,2026-08-02T14:59:06+00:00,30,2026-08-02T15:30:42.332919+00:00,31.6,1444,0,9,telegram
thezoomit,98272,129359,technology,2026-08-02T14:59:06+00:00,5,2026-08-02T15:04:19.444622+00:00,5.22,587,0,4,telegram
thezoomit,98272,129359,technology,2026-08-02T14:59:06+00:00,10,2026-08-02T15:09:28.207234+00:00,10.37,841,0,7,telegram
thezoomit,98272,129359,technology,2026-08-02T14:59:06+00:00,20,2026-08-02T15:19:47.674144+00:00,20.69,1157,0,9,telegram
thezoomit,98272,129359,technology,2026-08-02T14:59:06+00:00,30,2026-08-02T15:30:42.332911+00:00,31.6,1448,0,9,telegram
thezoomit,98273,129359,technology,2026-08-02T14:59:06+00:00,5,2026-08-02T15:04:19.444191+00:00,5.22,527,0,4,telegram
thezoomit,98273,129359,technology,2026-08-02T14:59:06+00:00,10,2026-08-02T15:09:28.207222+00:00,10.37,841,0,7,telegram
thezoomit,98273,129359,technology,2026-08-02T14:59:06+00:00,20,2026-08-02T15:19:47.674092+00:00,20.69,1188,0,9,telegram
thezoomit,98273,129359,technology,2026-08-02T14:59:06+00:00,30,2026-08-02T15:30:42.332902+00:00,31.6,1447,0,9,telegram
thezoomit,98274,129359,technology,2026-08-02T14:59:06+00:00,5,2026-08-02T15:04:19.444181+00:00,5.22,617,0,4,telegram
thezoomit,98274,129359,technology,2026-08-02T14:59:06+00:00,10,2026-08-02T15:09:28.207213+00:00,10.37,871,0,7,telegram
thezoomit,98274,129359,technology,2026-08-02T14:59:06+00:00,20,2026-08-02T15:19:47.674074+00:00,20.69,1217,0,9,telegram
thezoomit,98274,129359,technology,2026-08-02T14:59:06+00:00,30,2026-08-02T15:30:42.332892+00:00,31.6,1536,0,9,telegram
thezoomit,98275,129359,technology,2026-08-02T14:59:07+00:00,5,2026-08-02T15:04:19.444165+00:00,5.2,557,0,4,telegram
thezoomit,98275,129359,technology,2026-08-02T14:59:07+00:00,10,2026-08-02T15:09:28.207198+00:00,10.35,902,0,7,telegram
thezoomit,98275,129359,technology,2026-08-02T14:59:07+00:00,20,2026-08-02T15:19:47.674002+00:00,20.67,1252,0,9,telegram
thezoomit,98275,129359,technology,2026-08-02T14:59:07+00:00,30,2026-08-02T15:30:42.332881+00:00,31.59,1570,0,9,telegram
thezoomit,98276,129359,technology,2026-08-02T14:59:07+00:00,5,2026-08-02T15:04:19.443101+00:00,5.2,618,0,4,telegram
thezoomit,98276,129359,technology,2026-08-02T14:59:07+00:00,10,2026-08-02T15:09:28.204938+00:00,10.35,872,0,7,telegram
thezoomit,98276,129359,technology,2026-08-02T14:59:07+00:00,20,2026-08-02T15:19:47.673159+00:00,20.67,1252,0,9,telegram
thezoomit,98276,129359,technology,2026-08-02T14:59:07+00:00,30,2026-08-02T15:30:42.332809+00:00,31.59,1602,0,9,telegram
khabarfouri,555896,4814534,general_news,2026-08-02T14:59:30+00:00,5,2026-08-02T15:05:39.498074+00:00,6.11,2688,0,0,telegram
khabarfouri,555896,4814534,general_news,2026-08-02T14:59:30+00:00,10,2026-08-02T15:10:48.250670+00:00,11.25,4800,0,0,telegram
khabarfouri,555896,4814534,general_news,2026-08-02T14:59:30+00:00,20,2026-08-02T15:19:50.639173+00:00,20.29,6989,0,0,telegram
khabarfouri,555896,4814534,general_news,2026-08-02T14:59:30+00:00,30,2026-08-02T15:30:45.176301+00:00,31.2,9729,0,0,telegram
footballiapp,493146,49742,sport,2026-08-02T14:59:58+00:00,5,2026-08-02T15:05:40.984085+00:00,5.64,86,0,5,telegram
footballiapp,493146,49742,sport,2026-08-02T14:59:58+00:00,10,2026-08-02T15:10:49.746357+00:00,10.79,142,0,6,telegram
footballiapp,493146,49742,sport,2026-08-02T14:59:58+00:00,20,2026-08-02T15:21:09.010091+00:00,21.11,331,1,8,telegram
footballiapp,493146,49742,sport,2026-08-02T14:59:58+00:00,30,2026-08-02T15:30:46.580709+00:00,30.74,391,1,8,telegram
tweetychannel,409628,774907,social_entertainment,2026-08-02T15:00:20+00:00,5,2026-08-02T15:05:48.174424+00:00,5.27,1021,76,0,telegram
tweetychannel,409628,774907,social_entertainment,2026-08-02T15:00:20+00:00,10,2026-08-02T15:10:56.964184+00:00,10.42,3047,98,0,telegram
tweetychannel,409628,774907,social_entertainment,2026-08-02T15:00:20+00:00,20,2026-08-02T15:21:16.001598+00:00,20.74,5081,128,0,telegram
tweetychannel,409628,774907,social_entertainment,2026-08-02T15:00:20+00:00,30,2026-08-02T15:30:53.754428+00:00,30.37,6098,137,0,telegram
tweetychannel,409629,774907,social_entertainment,2026-08-02T15:01:01+00:00,5,2026-08-02T15:07:05.233281+00:00,5.88,6,1,0,telegram
tweetychannel,409629,774907,social_entertainment,2026-08-02T15:01:01+00:00,10,2026-08-02T15:12:14.119674+00:00,11.02,17,1,0,telegram
tweetychannel,409629,774907,social_entertainment,2026-08-02T15:01:01+00:00,20,2026-08-02T15:21:16.001587+00:00,20.06,1028,1,0,telegram
tweetychannel,409629,774907,social_entertainment,2026-08-02T15:01:01+00:00,30,2026-08-02T15:32:11.128486+00:00,30.97,1034,1,0,telegram
thezoomit,98277,129359,technology,2026-08-02T15:01:02+00:00,5,2026-08-02T15:06:53.857612+00:00,5.86,565,4,4,telegram
thezoomit,98277,129359,technology,2026-08-02T15:01:02+00:00,10,2026-08-02T15:12:02.622108+00:00,11.01,847,5,6,telegram
thezoomit,98277,129359,technology,2026-08-02T15:01:02+00:00,20,2026-08-02T15:21:04.780153+00:00,20.04,1163,7,6,telegram
thezoomit,98277,129359,technology,2026-08-02T15:01:02+00:00,30,2026-08-02T15:31:59.500434+00:00,30.95,1573,9,6,telegram
akharinkhabar,623856,1959423,general_news,2026-08-02T15:01:07+00:00,5,2026-08-02T15:07:06.631695+00:00,5.78,3074,0,0,telegram
akharinkhabar,623856,1959423,general_news,2026-08-02T15:01:07+00:00,10,2026-08-02T15:12:15.520965+00:00,10.92,5105,0,0,telegram
akharinkhabar,623856,1959423,general_news,2026-08-02T15:01:07+00:00,20,2026-08-02T15:22:34.759472+00:00,21.24,7168,0,0,telegram
akharinkhabar,623856,1959423,general_news,2026-08-02T15:01:07+00:00,30,2026-08-02T15:32:12.615004+00:00,30.87,10251,0,0,telegram
akharinkhabar,623857,1959423,general_news,2026-08-02T15:01:07+00:00,5,2026-08-02T15:07:06.631686+00:00,5.78,3072,0,0,telegram
akharinkhabar,623857,1959423,general_news,2026-08-02T15:01:07+00:00,10,2026-08-02T15:12:15.520956+00:00,10.92,5104,0,0,telegram
akharinkhabar,623857,1959423,general_news,2026-08-02T15:01:07+00:00,20,2026-08-02T15:22:34.759464+00:00,21.24,7166,0,0,telegram
akharinkhabar,623857,1959423,general_news,2026-08-02T15:01:07+00:00,30,2026-08-02T15:32:12.614996+00:00,30.87,10252,0,0,telegram
akharinkhabar,623858,1959423,general_news,2026-08-02T15:01:07+00:00,5,2026-08-02T15:07:06.631674+00:00,5.78,2073,0,0,telegram
akharinkhabar,623858,1959423,general_news,2026-08-02T15:01:07+00:00,10,2026-08-02T15:12:15.520941+00:00,10.92,5103,0,0,telegram
akharinkhabar,623858,1959423,general_news,2026-08-02T15:01:07+00:00,20,2026-08-02T15:22:34.759454+00:00,21.24,8198,0,0,telegram
akharinkhabar,623858,1959423,general_news,2026-08-02T15:01:07+00:00,30,2026-08-02T15:32:12.614984+00:00,30.87,10249,0,0,telegram
akharinkhabar,623859,1959423,general_news,2026-08-02T15:01:07+00:00,5,2026-08-02T15:07:06.631435+00:00,5.78,3074,0,0,telegram
akharinkhabar,623859,1959423,general_news,2026-08-02T15:01:07+00:00,10,2026-08-02T15:12:15.520887+00:00,10.92,5105,0,0,telegram
akharinkhabar,623859,1959423,general_news,2026-08-02T15:01:07+00:00,20,2026-08-02T15:22:34.759441+00:00,21.24,7198,0,0,telegram
akharinkhabar,623859,1959423,general_news,2026-08-02T15:01:07+00:00,30,2026-08-02T15:32:12.614158+00:00,30.87,10251,0,0,telegram
tweetfrsi,21587,663661,entertainment,2026-08-02T15:04:41+00:00,5,2026-08-02T15:10:54.148262+00:00,6.07,914,42,6,telegram
tweetfrsi,21587,663661,entertainment,2026-08-02T15:04:41+00:00,10,2026-08-02T15:16:04.253513+00:00,11.24,1377,58,7,telegram
tweetfrsi,21587,663661,entertainment,2026-08-02T15:04:41+00:00,20,2026-08-02T15:25:05.339199+00:00,20.26,2078,75,7,telegram
tweetfrsi,21587,663661,entertainment,2026-08-02T15:04:41+00:00,30,2026-08-02T15:35:59.836535+00:00,31.17,2687,96,7,telegram
akharinkhabar,623860,1959423,general_news,2026-08-02T15:05:31+00:00,5,2026-08-02T15:10:58.378549+00:00,5.24,2047,0,0,telegram
akharinkhabar,623860,1959423,general_news,2026-08-02T15:05:31+00:00,10,2026-08-02T15:16:08.602487+00:00,10.4,4104,0,0,telegram
akharinkhabar,623860,1959423,general_news,2026-08-02T15:05:31+00:00,20,2026-08-02T15:26:26.817895+00:00,20.71,7170,0,0,telegram
akharinkhabar,623860,1959423,general_news,2026-08-02T15:05:31+00:00,30,2026-08-02T15:36:04.080537+00:00,30.33,10238,0,0,telegram
akharinkhabar,623861,1959423,general_news,2026-08-02T15:05:31+00:00,5,2026-08-02T15:10:58.378280+00:00,5.24,2046,0,0,telegram
akharinkhabar,623861,1959423,general_news,2026-08-02T15:05:31+00:00,10,2026-08-02T15:16:08.602209+00:00,10.4,4100,0,0,telegram
akharinkhabar,623861,1959423,general_news,2026-08-02T15:05:31+00:00,20,2026-08-02T15:26:26.817621+00:00,20.71,7169,0,0,telegram
akharinkhabar,623861,1959423,general_news,2026-08-02T15:05:31+00:00,30,2026-08-02T15:36:04.080137+00:00,30.33,10233,0,0,telegram
tweetychannel,409630,774907,social_entertainment,2026-08-02T15:06:45+00:00,5,2026-08-02T15:12:14.119603+00:00,5.29,2039,77,0,telegram
tweetychannel,409630,774907,social_entertainment,2026-08-02T15:06:45+00:00,10,2026-08-02T15:17:24.701855+00:00,10.46,3062,114,0,telegram
tweetychannel,409630,774907,social_entertainment,2026-08-02T15:06:45+00:00,20,2026-08-02T15:27:42.324732+00:00,20.76,5080,153,34,telegram
tweetychannel,409630,774907,social_entertainment,2026-08-02T15:06:45+00:00,30,2026-08-02T15:37:19.768535+00:00,30.39,5094,184,34,telegram
tweetychannel,409631,774907,social_entertainment,2026-08-02T15:07:08+00:00,5,2026-08-02T15:13:32.050659+00:00,6.19,2048,105,0,telegram
tweetychannel,409631,774907,social_entertainment,2026-08-02T15:07:08+00:00,10,2026-08-02T15:17:24.701840+00:00,10.08,3066,135,0,telegram
tweetychannel,409631,774907,social_entertainment,2026-08-02T15:07:08+00:00,20,2026-08-02T15:27:42.324039+00:00,20.38,5085,174,0,telegram
tweetychannel,409631,774907,social_entertainment,2026-08-02T15:07:08+00:00,30,2026-08-02T15:37:19.768512+00:00,30.0,6096,208,0,telegram
tweetychannel,409632,774907,social_entertainment,2026-08-02T15:09:08+00:00,5,2026-08-02T15:14:49.735811+00:00,5.49,2048,14,38,telegram
tweetychannel,409632,774907,social_entertainment,2026-08-02T15:09:08+00:00,10,2026-08-02T15:19:59.131844+00:00,10.66,4077,16,72,telegram
tweetychannel,409632,774907,social_entertainment,2026-08-02T15:09:08+00:00,20,2026-08-02T15:30:53.754411+00:00,21.57,5095,20,141,telegram
tweetychannel,409632,774907,social_entertainment,2026-08-02T15:09:08+00:00,30,2026-08-02T15:39:54.850448+00:00,30.59,6106,26,141,telegram
tweetychannel,409633,774907,social_entertainment,2026-08-02T15:11:25+00:00,5,2026-08-02T15:17:24.700951+00:00,5.8,2061,246,1,telegram
tweetychannel,409633,774907,social_entertainment,2026-08-02T15:11:25+00:00,10,2026-08-02T15:22:33.331452+00:00,10.94,4078,342,1,telegram
tweetychannel,409633,774907,social_entertainment,2026-08-02T15:11:25+00:00,20,2026-08-02T15:32:11.128460+00:00,20.57,5097,471,1,telegram
tweetychannel,409633,774907,social_entertainment,2026-08-02T15:11:25+00:00,30,2026-08-02T15:42:29.482290+00:00,30.88,6115,536,1,telegram
akharinkhabar,623862,1959423,general_news,2026-08-02T15:11:29+00:00,5,2026-08-02T15:17:26.126258+00:00,5.73,2035,0,0,telegram
akharinkhabar,623862,1959423,general_news,2026-08-02T15:11:29+00:00,10,2026-08-02T15:22:34.759036+00:00,10.87,4083,0,0,telegram
akharinkhabar,623862,1959423,general_news,2026-08-02T15:11:29+00:00,20,2026-08-02T15:32:12.613854+00:00,20.5,7156,0,1,telegram
akharinkhabar,623862,1959423,general_news,2026-08-02T15:11:29+00:00,30,2026-08-02T15:42:30.880819+00:00,30.81,10204,0,1,telegram
tweetychannel,409634,774907,social_entertainment,2026-08-02T15:12:22+00:00,5,2026-08-02T15:18:41.930680+00:00,6.14,2058,64,1,telegram
tweetychannel,409634,774907,social_entertainment,2026-08-02T15:12:22+00:00,10,2026-08-02T15:23:50.678637+00:00,11.28,3076,91,1,telegram
tweetychannel,409634,774907,social_entertainment,2026-08-02T15:12:22+00:00,20,2026-08-02T15:33:28.555796+00:00,20.91,5094,118,35,telegram
tweetychannel,409634,774907,social_entertainment,2026-08-02T15:12:22+00:00,30,2026-08-02T15:43:46.355024+00:00,31.21,6110,142,35,telegram
tweetychannel,409635,774907,social_entertainment,2026-08-02T15:12:33+00:00,5,2026-08-02T15:18:41.930664+00:00,5.96,2059,46,1,telegram
tweetychannel,409635,774907,social_entertainment,2026-08-02T15:12:33+00:00,10,2026-08-02T15:23:50.678623+00:00,11.1,4078,65,1,telegram
tweetychannel,409635,774907,social_entertainment,2026-08-02T15:12:33+00:00,20,2026-08-02T15:33:28.555785+00:00,20.73,5098,88,36,telegram
tweetychannel,409635,774907,social_entertainment,2026-08-02T15:12:33+00:00,30,2026-08-02T15:43:46.354948+00:00,31.03,6118,105,36,telegram
tweetychannel,409636,774907,social_entertainment,2026-08-02T15:13:09+00:00,5,2026-08-02T15:18:41.929430+00:00,5.36,2054,80,1,telegram
tweetychannel,409636,774907,social_entertainment,2026-08-02T15:13:09+00:00,10,2026-08-02T15:23:50.678086+00:00,10.5,4076,110,1,telegram
tweetychannel,409636,774907,social_entertainment,2026-08-02T15:13:09+00:00,20,2026-08-02T15:33:28.555547+00:00,20.13,5097,147,35,telegram
tweetychannel,409636,774907,social_entertainment,2026-08-02T15:13:09+00:00,30,2026-08-02T15:43:46.354703+00:00,30.43,6113,173,35,telegram
footballiapp,493147,49742,sport,2026-08-02T15:13:47+00:00,5,2026-08-02T15:19:52.112154+00:00,6.01,155,0,1,telegram
footballiapp,493147,49742,sport,2026-08-02T15:13:47+00:00,10,2026-08-02T15:25:00.950229+00:00,11.16,218,2,1,telegram
footballiapp,493147,49742,sport,2026-08-02T15:13:47+00:00,20,2026-08-02T15:34:38.537317+00:00,20.78,309,3,1,telegram
footballiapp,493147,49742,sport,2026-08-02T15:13:47+00:00,30,2026-08-02T15:44:56.394011+00:00,31.08,371,3,1,telegram
footballiapp,493148,49742,sport,2026-08-02T15:14:52+00:00,5,2026-08-02T15:21:09.009504+00:00,6.21,156,1,2,telegram
footballiapp,493148,49742,sport,2026-08-02T15:14:52+00:00,10,2026-08-02T15:25:00.950219+00:00,10.07,217,2,2,telegram
footballiapp,493148,49742,sport,2026-08-02T15:14:52+00:00,20,2026-08-02T15:35:55.582007+00:00,20.98,310,2,3,telegram
footballiapp,493148,49742,sport,2026-08-02T15:14:52+00:00,30,2026-08-02T15:46:13.636629+00:00,31.28,405,2,3,telegram
eghtesadonline,354155,75239,economy,2026-08-02T15:15:05+00:00,5,2026-08-02T15:21:11.806490+00:00,5.99,502,7,2,telegram
eghtesadonline,354155,75239,economy,2026-08-02T15:15:05+00:00,10,2026-08-02T15:26:21.126443+00:00,11.15,844,12,3,telegram
eghtesadonline,354155,75239,economy,2026-08-02T15:15:05+00:00,20,2026-08-02T15:35:58.434870+00:00,20.77,1214,24,6,telegram
eghtesadonline,354155,75239,economy,2026-08-02T15:15:05+00:00,30,2026-08-02T15:46:16.557981+00:00,31.07,1682,29,6,telegram
tweetfrsi,21588,663661,entertainment,2026-08-02T15:15:07+00:00,5,2026-08-02T15:21:13.208070+00:00,5.96,791,40,11,telegram
tweetfrsi,21588,663661,entertainment,2026-08-02T15:15:07+00:00,10,2026-08-02T15:26:22.607458+00:00,11.11,1222,64,16,telegram
tweetfrsi,21588,663661,entertainment,2026-08-02T15:15:07+00:00,20,2026-08-02T15:35:59.836187+00:00,20.73,1863,99,20,telegram
tweetfrsi,21588,663661,entertainment,2026-08-02T15:15:07+00:00,30,2026-08-02T15:46:17.972276+00:00,31.03,2625,143,34,telegram
tweetychannel,409637,774907,social_entertainment,2026-08-02T15:15:59+00:00,5,2026-08-02T15:21:16.001449+00:00,5.09,2043,90,35,telegram
tweetychannel,409637,774907,social_entertainment,2026-08-02T15:15:59+00:00,10,2026-08-02T15:26:25.398887+00:00,10.25,4066,111,35,telegram
tweetychannel,409637,774907,social_entertainment,2026-08-02T15:15:59+00:00,20,2026-08-02T15:37:19.768446+00:00,21.15,5085,152,70,telegram
tweetychannel,409637,774907,social_entertainment,2026-08-02T15:15:59+00:00,30,2026-08-02T15:46:20.767778+00:00,30.17,7105,172,70,telegram
footballiapp,493149,49742,sport,2026-08-02T15:18:47+00:00,5,2026-08-02T15:25:00.950197+00:00,6.16,126,3,1,telegram
footballiapp,493149,49742,sport,2026-08-02T15:18:47+00:00,10,2026-08-02T15:28:52.367319+00:00,10.01,157,2,1,telegram
footballiapp,493149,49742,sport,2026-08-02T15:18:47+00:00,20,2026-08-02T15:39:47.654291+00:00,20.94,310,3,1,telegram
footballiapp,493149,49742,sport,2026-08-02T15:18:47+00:00,30,2026-08-02T15:50:05.935667+00:00,31.24,405,4,1,telegram
footballiapp,493150,49742,sport,2026-08-02T15:18:47+00:00,5,2026-08-02T15:25:00.950188+00:00,6.16,126,0,1,telegram
footballiapp,493150,49742,sport,2026-08-02T15:18:47+00:00,10,2026-08-02T15:28:52.367307+00:00,10.01,187,0,1,telegram
footballiapp,493150,49742,sport,2026-08-02T15:18:47+00:00,20,2026-08-02T15:39:47.654283+00:00,20.94,310,0,1,telegram
footballiapp,493150,49742,sport,2026-08-02T15:18:47+00:00,30,2026-08-02T15:50:05.935660+00:00,31.24,405,0,1,telegram
footballiapp,493151,49742,sport,2026-08-02T15:18:47+00:00,5,2026-08-02T15:25:00.950180+00:00,6.16,126,0,1,telegram
footballiapp,493151,49742,sport,2026-08-02T15:18:47+00:00,10,2026-08-02T15:28:52.366643+00:00,10.01,187,0,1,telegram
footballiapp,493151,49742,sport,2026-08-02T15:18:47+00:00,20,2026-08-02T15:39:47.654262+00:00,20.94,310,0,1,telegram
footballiapp,493151,49742,sport,2026-08-02T15:18:47+00:00,30,2026-08-02T15:50:05.935652+00:00,31.24,405,0,1,telegram
footballiapp,493152,49742,sport,2026-08-02T15:18:47+00:00,5,2026-08-02T15:25:00.950171+00:00,6.16,126,0,1,telegram
footballiapp,493152,49742,sport,2026-08-02T15:18:47+00:00,10,2026-08-02T15:28:52.366624+00:00,10.01,187,0,1,telegram
footballiapp,493152,49742,sport,2026-08-02T15:18:47+00:00,20,2026-08-02T15:39:47.653097+00:00,20.94,310,0,1,telegram
footballiapp,493152,49742,sport,2026-08-02T15:18:47+00:00,30,2026-08-02T15:50:05.935644+00:00,31.24,435,0,1,telegram
footballiapp,493153,49742,sport,2026-08-02T15:18:47+00:00,5,2026-08-02T15:25:00.950161+00:00,6.16,126,0,1,telegram
footballiapp,493153,49742,sport,2026-08-02T15:18:47+00:00,10,2026-08-02T15:28:52.366599+00:00,10.01,157,0,1,telegram
footballiapp,493153,49742,sport,2026-08-02T15:18:47+00:00,20,2026-08-02T15:39:47.653078+00:00,20.94,310,0,1,telegram
footballiapp,493153,49742,sport,2026-08-02T15:18:47+00:00,30,2026-08-02T15:50:05.935638+00:00,31.24,405,0,1,telegram
footballiapp,493154,49742,sport,2026-08-02T15:18:47+00:00,5,2026-08-02T15:25:00.950146+00:00,6.16,126,0,1,telegram
footballiapp,493154,49742,sport,2026-08-02T15:18:47+00:00,10,2026-08-02T15:28:52.366567+00:00,10.01,187,0,1,telegram
footballiapp,493154,49742,sport,2026-08-02T15:18:47+00:00,20,2026-08-02T15:39:47.653047+00:00,20.94,309,0,1,telegram
footballiapp,493154,49742,sport,2026-08-02T15:18:47+00:00,30,2026-08-02T15:50:05.935624+00:00,31.24,434,0,1,telegram
footballiapp,493155,49742,sport,2026-08-02T15:18:47+00:00,5,2026-08-02T15:25:00.949820+00:00,6.16,126,0,1,telegram
footballiapp,493155,49742,sport,2026-08-02T15:18:47+00:00,10,2026-08-02T15:28:52.365305+00:00,10.01,187,0,1,telegram
footballiapp,493155,49742,sport,2026-08-02T15:18:47+00:00,20,2026-08-02T15:39:47.652531+00:00,20.94,309,0,1,telegram
footballiapp,493155,49742,sport,2026-08-02T15:18:47+00:00,30,2026-08-02T15:50:05.935616+00:00,31.24,434,0,1,telegram
tweetychannel,409638,774907,social_entertainment,2026-08-02T15:19:08+00:00,5,2026-08-02T15:25:08.171538+00:00,5.81,2046,23,2,telegram
tweetychannel,409638,774907,social_entertainment,2026-08-02T15:19:08+00:00,10,2026-08-02T15:30:53.754383+00:00,11.57,4071,44,2,telegram
tweetychannel,409638,774907,social_entertainment,2026-08-02T15:19:08+00:00,20,2026-08-02T15:39:54.849942+00:00,20.59,5085,62,2,telegram
tweetychannel,409638,774907,social_entertainment,2026-08-02T15:19:08+00:00,30,2026-08-02T15:50:13.251779+00:00,30.89,7111,71,38,telegram
farsna,454059,1804817,general_news,2026-08-02T15:19:36+00:00,5,2026-08-02T15:25:12.591426+00:00,5.34,1052,0,6,telegram
farsna,454059,1804817,general_news,2026-08-02T15:19:36+00:00,10,2026-08-02T15:30:58.008645+00:00,11.1,1644,0,6,telegram
farsna,454059,1804817,general_news,2026-08-02T15:19:36+00:00,20,2026-08-02T15:39:59.315647+00:00,20.12,2645,0,6,telegram
farsna,454059,1804817,general_news,2026-08-02T15:19:36+00:00,30,2026-08-02T15:50:17.474107+00:00,30.42,3662,0,6,telegram
farsna,454060,1804817,general_news,2026-08-02T15:19:36+00:00,5,2026-08-02T15:25:12.591417+00:00,5.34,1054,0,6,telegram
farsna,454060,1804817,general_news,2026-08-02T15:19:36+00:00,10,2026-08-02T15:30:58.008638+00:00,11.1,1938,0,6,telegram
farsna,454060,1804817,general_news,2026-08-02T15:19:36+00:00,20,2026-08-02T15:39:59.315626+00:00,20.12,2971,0,6,telegram
farsna,454060,1804817,general_news,2026-08-02T15:19:36+00:00,30,2026-08-02T15:50:17.474063+00:00,30.42,3681,0,6,telegram
farsna,454061,1804817,general_news,2026-08-02T15:19:36+00:00,5,2026-08-02T15:25:12.591408+00:00,5.34,1213,0,6,telegram
farsna,454061,1804817,general_news,2026-08-02T15:19:36+00:00,10,2026-08-02T15:30:58.008631+00:00,11.1,1935,0,6,telegram
farsna,454061,1804817,general_news,2026-08-02T15:19:36+00:00,20,2026-08-02T15:39:59.315468+00:00,20.12,2964,0,6,telegram
farsna,454061,1804817,general_news,2026-08-02T15:19:36+00:00,30,2026-08-02T15:50:17.474045+00:00,30.42,3679,0,6,telegram
farsna,454062,1804817,general_news,2026-08-02T15:19:36+00:00,5,2026-08-02T15:25:12.591344+00:00,5.34,1212,0,6,telegram
farsna,454062,1804817,general_news,2026-08-02T15:19:36+00:00,10,2026-08-02T15:30:58.008622+00:00,11.1,1936,0,6,telegram
farsna,454062,1804817,general_news,2026-08-02T15:19:36+00:00,20,2026-08-02T15:39:59.315447+00:00,20.12,2964,0,6,telegram
farsna,454062,1804817,general_news,2026-08-02T15:19:36+00:00,30,2026-08-02T15:50:17.474026+00:00,30.42,3678,0,6,telegram
farsna,454063,1804817,general_news,2026-08-02T15:19:36+00:00,5,2026-08-02T15:25:12.591335+00:00,5.34,1083,0,6,telegram
farsna,454063,1804817,general_news,2026-08-02T15:19:36+00:00,10,2026-08-02T15:30:58.008613+00:00,11.1,1945,0,6,telegram
farsna,454063,1804817,general_news,2026-08-02T15:19:36+00:00,20,2026-08-02T15:39:59.315428+00:00,20.12,2974,0,6,telegram
farsna,454063,1804817,general_news,2026-08-02T15:19:36+00:00,30,2026-08-02T15:50:17.474006+00:00,30.42,3690,0,6,telegram
farsna,454064,1804817,general_news,2026-08-02T15:19:36+00:00,5,2026-08-02T15:25:12.591324+00:00,5.34,1051,0,6,telegram
farsna,454064,1804817,general_news,2026-08-02T15:19:36+00:00,10,2026-08-02T15:30:58.008603+00:00,11.1,1941,0,6,telegram
farsna,454064,1804817,general_news,2026-08-02T15:19:36+00:00,20,2026-08-02T15:39:59.315408+00:00,20.12,2972,0,6,telegram
farsna,454064,1804817,general_news,2026-08-02T15:19:36+00:00,30,2026-08-02T15:50:17.473980+00:00,30.42,3687,0,6,telegram
farsna,454065,1804817,general_news,2026-08-02T15:19:36+00:00,5,2026-08-02T15:25:12.591044+00:00,5.34,1052,0,6,telegram
farsna,454065,1804817,general_news,2026-08-02T15:19:36+00:00,10,2026-08-02T15:30:58.008163+00:00,11.1,1943,0,6,telegram
farsna,454065,1804817,general_news,2026-08-02T15:19:36+00:00,20,2026-08-02T15:39:59.315382+00:00,20.12,2975,0,6,telegram
farsna,454065,1804817,general_news,2026-08-02T15:19:36+00:00,30,2026-08-02T15:50:17.473500+00:00,30.42,3691,0,6,telegram
khabarfouri,555897,4814534,general_news,2026-08-02T15:19:54+00:00,5,2026-08-02T15:24:59.513063+00:00,5.04,2131,0,0,telegram
khabarfouri,555897,4814534,general_news,2026-08-02T15:19:54+00:00,10,2026-08-02T15:30:45.175879+00:00,10.8,4290,0,10,telegram
khabarfouri,555897,4814534,general_news,2026-08-02T15:19:54+00:00,20,2026-08-02T15:41:03.611741+00:00,21.11,7045,0,10,telegram
khabarfouri,555897,4814534,general_news,2026-08-02T15:19:54+00:00,30,2026-08-02T15:50:04.419379+00:00,30.12,9196,0,10,telegram
tweetychannel,409639,774907,social_entertainment,2026-08-02T15:20:04+00:00,5,2026-08-02T15:26:25.398802+00:00,6.16,3046,99,139,telegram
tweetychannel,409639,774907,social_entertainment,2026-08-02T15:20:04+00:00,10,2026-08-02T15:30:53.754361+00:00,10.64,4068,126,208,telegram
tweetychannel,409639,774907,social_entertainment,2026-08-02T15:20:04+00:00,20,2026-08-02T15:41:12.081670+00:00,20.94,6084,164,244,telegram
tweetychannel,409639,774907,social_entertainment,2026-08-02T15:20:04+00:00,30,2026-08-02T15:51:30.294798+00:00,31.24,8119,189,313,telegram
farsna,454066,1804817,general_news,2026-08-02T15:21:54+00:00,5,2026-08-02T15:27:46.653111+00:00,5.61,1014,0,12,telegram
farsna,454066,1804817,general_news,2026-08-02T15:21:54+00:00,10,2026-08-02T15:32:15.464484+00:00,10.09,1686,0,12,telegram
farsna,454066,1804817,general_news,2026-08-02T15:21:54+00:00,20,2026-08-02T15:42:33.668238+00:00,20.39,3037,0,12,telegram
farsna,454066,1804817,general_news,2026-08-02T15:21:54+00:00,30,2026-08-02T15:52:51.427121+00:00,30.7,4066,0,13,telegram
akharinkhabar,623863,1959423,general_news,2026-08-02T15:23:46+00:00,5,2026-08-02T15:29:00.900759+00:00,5.03,2045,0,0,telegram
akharinkhabar,623863,1959423,general_news,2026-08-02T15:23:46+00:00,10,2026-08-02T15:34:47.047693+00:00,10.8,4097,0,0,telegram
akharinkhabar,623863,1959423,general_news,2026-08-02T15:23:46+00:00,20,2026-08-02T15:45:04.972052+00:00,21.1,7181,0,0,telegram
akharinkhabar,623863,1959423,general_news,2026-08-02T15:23:46+00:00,30,2026-08-02T15:54:05.691667+00:00,30.11,10215,0,0,telegram
tweetychannel,409640,774907,social_entertainment,2026-08-02T15:25:40+00:00,5,2026-08-02T15:30:53.752802+00:00,5.04,2047,58,1,telegram
tweetychannel,409640,774907,social_entertainment,2026-08-02T15:25:40+00:00,10,2026-08-02T15:36:02.646664+00:00,10.18,3060,85,35,telegram
tweetychannel,409640,774907,social_entertainment,2026-08-02T15:25:40+00:00,20,2026-08-02T15:46:20.767744+00:00,20.48,6100,135,36,telegram
tweetychannel,409640,774907,social_entertainment,2026-08-02T15:25:40+00:00,30,2026-08-02T15:56:38.375873+00:00,30.78,7119,151,70,telegram
tweetychannel,409641,774907,social_entertainment,2026-08-02T15:26:47+00:00,5,2026-08-02T15:32:11.128150+00:00,5.2,2044,59,1,telegram
tweetychannel,409641,774907,social_entertainment,2026-08-02T15:26:47+00:00,10,2026-08-02T15:37:19.768387+00:00,10.35,3057,96,1,telegram
tweetychannel,409641,774907,social_entertainment,2026-08-02T15:26:47+00:00,20,2026-08-02T15:47:38.276839+00:00,20.65,6101,146,1,telegram
tweetychannel,409641,774907,social_entertainment,2026-08-02T15:26:47+00:00,30,2026-08-02T15:57:55.666717+00:00,30.95,7116,164,2,telegram
varzesh3,298725,1296311,sport,2026-08-02T15:26:51+00:00,5,2026-08-02T15:32:05.339659+00:00,5.14,11353,0,0,telegram
varzesh3,298725,1296311,sport,2026-08-02T15:26:51+00:00,10,2026-08-02T15:37:14.081723+00:00,10.29,17545,0,34,telegram
varzesh3,298725,1296311,sport,2026-08-02T15:26:51+00:00,20,2026-08-02T15:47:32.639211+00:00,20.59,29006,0,34,telegram
varzesh3,298725,1296311,sport,2026-08-02T15:26:51+00:00,30,2026-08-02T15:57:49.959251+00:00,30.88,37343,0,35,telegram
tweetychannel,409642,774907,social_entertainment,2026-08-02T15:27:02+00:00,5,2026-08-02T15:33:28.554531+00:00,6.24,2044,97,35,telegram
tweetychannel,409642,774907,social_entertainment,2026-08-02T15:27:02+00:00,10,2026-08-02T15:37:19.761756+00:00,10.1,3058,128,35,telegram
tweetychannel,409642,774907,social_entertainment,2026-08-02T15:27:02+00:00,20,2026-08-02T15:47:38.276665+00:00,20.4,6100,173,69,telegram
tweetychannel,409642,774907,social_entertainment,2026-08-02T15:27:02+00:00,30,2026-08-02T15:57:55.666212+00:00,30.7,7120,189,104,telegram
akharinkhabar,623864,1959423,general_news,2026-08-02T15:27:41+00:00,5,2026-08-02T15:33:29.971420+00:00,5.59,2070,0,0,telegram
akharinkhabar,623864,1959423,general_news,2026-08-02T15:27:41+00:00,10,2026-08-02T15:38:39.118374+00:00,10.74,4116,0,0,telegram
akharinkhabar,623864,1959423,general_news,2026-08-02T15:27:41+00:00,20,2026-08-02T15:48:57.103710+00:00,21.05,7188,0,0,telegram
akharinkhabar,623864,1959423,general_news,2026-08-02T15:27:41+00:00,30,2026-08-02T15:57:57.147926+00:00,30.05,10264,0,0,telegram
akharinkhabar,623865,1959423,general_news,2026-08-02T15:28:18+00:00,5,2026-08-02T15:34:47.047447+00:00,6.27,2072,0,0,telegram
akharinkhabar,623865,1959423,general_news,2026-08-02T15:28:18+00:00,10,2026-08-02T15:38:39.117685+00:00,10.12,3110,0,0,telegram
akharinkhabar,623865,1959423,general_news,2026-08-02T15:28:18+00:00,20,2026-08-02T15:48:57.103185+00:00,20.43,7178,0,0,telegram
akharinkhabar,623865,1959423,general_news,2026-08-02T15:28:18+00:00,30,2026-08-02T15:59:14.326496+00:00,30.72,10264,0,0,telegram
footballiapp,493156,49742,sport,2026-08-02T15:29:58+00:00,5,2026-08-02T15:35:55.581967+00:00,5.88,124,0,1,telegram
footballiapp,493156,49742,sport,2026-08-02T15:29:58+00:00,10,2026-08-02T15:41:04.991534+00:00,11.04,215,0,1,telegram
footballiapp,493156,49742,sport,2026-08-02T15:29:58+00:00,20,2026-08-02T15:50:05.935599+00:00,20.05,340,1,2,telegram
footballiapp,493156,49742,sport,2026-08-02T15:29:58+00:00,30,2026-08-02T16:00:22.910829+00:00,30.34,494,2,2,telegram
thezoomit,98278,129359,technology,2026-08-02T15:30:17+00:00,5,2026-08-02T15:35:51.316818+00:00,5.57,530,14,8,telegram
thezoomit,98278,129359,technology,2026-08-02T15:30:17+00:00,10,2026-08-02T15:41:00.729090+00:00,10.73,872,21,9,telegram
thezoomit,98278,129359,technology,2026-08-02T15:30:17+00:00,20,2026-08-02T15:51:18.915090+00:00,21.03,1372,30,15,telegram
thezoomit,98278,129359,technology,2026-08-02T15:30:17+00:00,30,2026-08-02T16:00:18.662369+00:00,30.02,1625,37,16,telegram
thezoomit,98279,129359,technology,2026-08-02T15:30:17+00:00,5,2026-08-02T15:35:51.316797+00:00,5.57,530,0,8,telegram
thezoomit,98279,129359,technology,2026-08-02T15:30:17+00:00,10,2026-08-02T15:41:00.729074+00:00,10.73,871,0,9,telegram
thezoomit,98279,129359,technology,2026-08-02T15:30:17+00:00,20,2026-08-02T15:51:18.915068+00:00,21.03,1432,0,15,telegram
thezoomit,98279,129359,technology,2026-08-02T15:30:17+00:00,30,2026-08-02T16:00:18.662349+00:00,30.02,1809,0,16,telegram
thezoomit,98280,129359,technology,2026-08-02T15:30:17+00:00,5,2026-08-02T15:35:51.316768+00:00,5.57,563,0,8,telegram
thezoomit,98280,129359,technology,2026-08-02T15:30:17+00:00,10,2026-08-02T15:41:00.729050+00:00,10.73,841,0,9,telegram
thezoomit,98280,129359,technology,2026-08-02T15:30:17+00:00,20,2026-08-02T15:51:18.914895+00:00,21.03,1464,0,15,telegram
thezoomit,98280,129359,technology,2026-08-02T15:30:17+00:00,30,2026-08-02T16:00:18.662325+00:00,30.02,1777,0,16,telegram
thezoomit,98281,129359,technology,2026-08-02T15:30:17+00:00,5,2026-08-02T15:35:51.316290+00:00,5.57,560,0,8,telegram
thezoomit,98281,129359,technology,2026-08-02T15:30:17+00:00,10,2026-08-02T15:41:00.728530+00:00,10.73,871,0,9,telegram
thezoomit,98281,129359,technology,2026-08-02T15:30:17+00:00,20,2026-08-02T15:51:18.914866+00:00,21.03,1465,0,15,telegram
thezoomit,98281,129359,technology,2026-08-02T15:30:17+00:00,30,2026-08-02T16:00:18.662192+00:00,30.02,1808,0,16,telegram
footballiapp,493157,49742,sport,2026-08-02T15:30:46+00:00,5,2026-08-02T15:35:55.581678+00:00,5.08,124,2,3,telegram
footballiapp,493157,49742,sport,2026-08-02T15:30:46+00:00,10,2026-08-02T15:41:04.991270+00:00,10.24,184,4,3,telegram
footballiapp,493157,49742,sport,2026-08-02T15:30:46+00:00,20,2026-08-02T15:51:23.174212+00:00,20.54,340,4,3,telegram
footballiapp,493157,49742,sport,2026-08-02T15:30:46+00:00,30,2026-08-02T16:02:41.209959+00:00,31.84,555,6,3,telegram
tweetychannel,409643,774907,social_entertainment,2026-08-02T15:31:01+00:00,5,2026-08-02T15:37:19.761471+00:00,6.12,2034,7,0,telegram
tweetychannel,409643,774907,social_entertainment,2026-08-02T15:31:01+00:00,10,2026-08-02T15:42:29.481742+00:00,11.28,3059,10,0,telegram
tweetychannel,409643,774907,social_entertainment,2026-08-02T15:31:01+00:00,20,2026-08-02T15:51:30.294719+00:00,20.29,5099,12,0,telegram
tweetychannel,409643,774907,social_entertainment,2026-08-02T15:31:01+00:00,30,2026-08-02T16:02:48.344240+00:00,31.59,7123,15,0,telegram
digiato,111020,111106,technology,2026-08-02T15:32:55+00:00,5,2026-08-02T15:38:26.898922+00:00,5.5,528,14,11,telegram
digiato,111020,111106,technology,2026-08-02T15:32:55+00:00,10,2026-08-02T15:43:36.534833+00:00,10.66,804,16,21,telegram
digiato,111020,111106,technology,2026-08-02T15:32:55+00:00,20,2026-08-02T15:53:54.318560+00:00,20.96,1178,26,29,telegram
digiato,111020,111106,technology,2026-08-02T15:32:55+00:00,30,2026-08-02T16:03:55.526635+00:00,30.98,1496,33,38,telegram
farsna,454067,1804817,general_news,2026-08-02T15:34:31+00:00,5,2026-08-02T15:39:59.314827+00:00,5.2,1011,0,0,telegram
farsna,454067,1804817,general_news,2026-08-02T15:34:31+00:00,10,2026-08-02T15:45:07.829150+00:00,10.35,1719,0,10,telegram
farsna,454067,1804817,general_news,2026-08-02T15:34:31+00:00,20,2026-08-02T15:55:25.518763+00:00,20.65,3084,0,10,telegram
farsna,454067,1804817,general_news,2026-08-02T15:34:31+00:00,30,2026-08-02T16:05:27.165670+00:00,30.67,3788,0,10,telegram
tweetfrsi,21589,663661,entertainment,2026-08-02T15:34:33+00:00,5,2026-08-02T15:39:52.024804+00:00,5.17,795,19,9,telegram
tweetfrsi,21589,663661,entertainment,2026-08-02T15:34:33+00:00,10,2026-08-02T15:45:00.718108+00:00,10.31,1161,29,11,telegram
tweetfrsi,21589,663661,entertainment,2026-08-02T15:34:33+00:00,20,2026-08-02T15:55:18.481548+00:00,20.61,1770,52,15,telegram
tweetfrsi,21589,663661,entertainment,2026-08-02T15:34:33+00:00,30,2026-08-02T16:05:20.077414+00:00,30.64,2514,67,17,telegram
khabarfouri,555898,4814534,general_news,2026-08-02T15:36:22+00:00,5,2026-08-02T15:42:20.742777+00:00,5.93,3069,0,0,telegram
khabarfouri,555898,4814534,general_news,2026-08-02T15:36:22+00:00,10,2026-08-02T15:47:29.553836+00:00,11.07,4915,0,0,telegram
khabarfouri,555898,4814534,general_news,2026-08-02T15:36:22+00:00,20,2026-08-02T15:56:29.824643+00:00,20.08,7987,0,10,telegram
khabarfouri,555898,4814534,general_news,2026-08-02T15:36:22+00:00,30,2026-08-02T16:06:31.501796+00:00,30.11,10132,0,10,telegram
farsna,454068,1804817,general_news,2026-08-02T15:37:08+00:00,5,2026-08-02T15:42:33.668026+00:00,5.16,1013,0,0,telegram
farsna,454068,1804817,general_news,2026-08-02T15:37:08+00:00,10,2026-08-02T15:47:42.531159+00:00,10.3,1673,0,0,telegram
farsna,454068,1804817,general_news,2026-08-02T15:37:08+00:00,20,2026-08-02T15:57:59.981045+00:00,20.6,3050,0,0,telegram
farsna,454068,1804817,general_news,2026-08-02T15:37:08+00:00,30,2026-08-02T16:08:02.328172+00:00,30.64,3770,0,0,telegram
eghtesadonline,354156,75239,economy,2026-08-02T15:38:53+00:00,5,2026-08-02T15:44:59.253217+00:00,5.98,219,3,2,telegram
eghtesadonline,354156,75239,economy,2026-08-02T15:38:53+00:00,10,2026-08-02T15:50:08.865095+00:00,11.14,404,7,2,telegram
eghtesadonline,354156,75239,economy,2026-08-02T15:38:53+00:00,20,2026-08-02T15:59:08.609243+00:00,20.14,590,8,3,telegram
eghtesadonline,354156,75239,economy,2026-08-02T15:38:53+00:00,30,2026-08-02T16:09:11.071856+00:00,30.18,714,9,4,telegram
akharinkhabar,623866,1959423,general_news,2026-08-02T15:38:55+00:00,5,2026-08-02T15:45:04.971467+00:00,5.95,3072,0,0,telegram
akharinkhabar,623866,1959423,general_news,2026-08-02T15:38:55+00:00,10,2026-08-02T15:50:14.640614+00:00,11.1,4100,0,0,telegram
akharinkhabar,623866,1959423,general_news,2026-08-02T15:38:55+00:00,20,2026-08-02T15:59:14.326221+00:00,20.1,8193,0,0,telegram
akharinkhabar,623866,1959423,general_news,2026-08-02T15:38:55+00:00,30,2026-08-02T16:09:16.864444+00:00,30.14,10274,0,0,telegram
tweetychannel,409644,774907,social_entertainment,2026-08-02T15:40:52+00:00,5,2026-08-02T15:46:20.767676+00:00,5.28,3051,91,106,telegram
tweetychannel,409644,774907,social_entertainment,2026-08-02T15:40:52+00:00,10,2026-08-02T15:51:30.294688+00:00,10.44,4077,118,107,telegram
tweetychannel,409644,774907,social_entertainment,2026-08-02T15:40:52+00:00,20,2026-08-02T16:02:48.344219+00:00,21.74,6110,150,142,telegram
tweetychannel,409644,774907,social_entertainment,2026-08-02T15:40:52+00:00,30,2026-08-02T16:11:49.917929+00:00,30.76,7123,174,143,telegram
eghtesadonline,354157,75239,economy,2026-08-02T15:41:03+00:00,5,2026-08-02T15:46:16.557407+00:00,5.1,409,5,1,telegram
eghtesadonline,354157,75239,economy,2026-08-02T15:41:03+00:00,10,2026-08-02T15:51:25.976983+00:00,10.26,842,8,3,telegram
eghtesadonline,354157,75239,economy,2026-08-02T15:41:03+00:00,20,2026-08-02T16:02:44.059072+00:00,21.56,1343,9,4,telegram
eghtesadonline,354157,75239,economy,2026-08-02T15:41:03+00:00,30,2026-08-02T16:11:45.657443+00:00,30.58,1591,9,4,telegram
footballiapp,493158,49742,sport,2026-08-02T15:44:52+00:00,5,2026-08-02T15:50:05.935517+00:00,5.15,124,0,2,telegram
footballiapp,493158,49742,sport,2026-08-02T15:44:52+00:00,10,2026-08-02T15:55:14.194121+00:00,10.3,216,0,2,telegram
footballiapp,493158,49742,sport,2026-08-02T15:44:52+00:00,20,2026-08-02T16:05:15.811757+00:00,20.32,432,3,3,telegram
footballiapp,493158,49742,sport,2026-08-02T15:44:52+00:00,30,2026-08-02T16:15:35.409959+00:00,30.65,527,3,3,telegram
thezoomit,98282,129359,technology,2026-08-02T15:45:20+00:00,5,2026-08-02T15:51:18.914247+00:00,5.98,539,6,9,telegram
thezoomit,98282,129359,technology,2026-08-02T15:45:20+00:00,10,2026-08-02T15:56:26.940982+00:00,11.11,788,10,10,telegram
thezoomit,98282,129359,technology,2026-08-02T15:45:20+00:00,20,2026-08-02T16:06:28.584252+00:00,21.14,1382,17,13,telegram
thezoomit,98282,129359,technology,2026-08-02T15:45:20+00:00,30,2026-08-02T16:15:31.131510+00:00,30.18,1698,20,13,telegram
tweetychannel,409645,774907,social_entertainment,2026-08-02T15:45:33+00:00,5,2026-08-02T15:51:30.294652+00:00,5.76,1043,52,1,telegram
tweetychannel,409645,774907,social_entertainment,2026-08-02T15:45:33+00:00,10,2026-08-02T15:56:38.375817+00:00,10.9,3068,79,2,telegram
tweetychannel,409646,774907,social_entertainment,2026-08-02T15:46:12+00:00,5,2026-08-02T15:51:30.294463+00:00,5.11,1034,2,2,telegram
tweetychannel,409646,774907,social_entertainment,2026-08-02T15:46:12+00:00,10,2026-08-02T15:56:38.375789+00:00,10.25,3068,7,37,telegram
tweetychannel,409646,774907,social_entertainment,2026-08-02T15:46:12+00:00,20,2026-08-02T16:06:40.229641+00:00,20.27,5094,9,72,telegram
tweetychannel,409646,774907,social_entertainment,2026-08-02T15:46:12+00:00,30,2026-08-02T16:16:59.844357+00:00,30.6,6652,15,97,telegram
eghtesadonline,354158,75239,economy,2026-08-02T15:47:14+00:00,5,2026-08-02T15:52:43.078770+00:00,5.36,438,2,2,telegram
eghtesadonline,354158,75239,economy,2026-08-02T15:47:14+00:00,10,2026-08-02T15:57:51.416146+00:00,10.5,749,2,3,telegram
eghtesadonline,354158,75239,economy,2026-08-02T15:47:14+00:00,20,2026-08-02T16:07:53.588227+00:00,20.54,1126,2,3,telegram
eghtesadonline,354158,75239,economy,2026-08-02T15:47:14+00:00,30,2026-08-02T16:18:12.945537+00:00,30.86,1435,2,3,telegram
farsna,454069,1804817,general_news,2026-08-02T15:47:55+00:00,5,2026-08-02T15:54:08.535798+00:00,5.96,1056,0,1,telegram
farsna,454069,1804817,general_news,2026-08-02T15:47:55+00:00,10,2026-08-02T15:59:17.227639+00:00,11.1,2038,0,1,telegram
farsna,454069,1804817,general_news,2026-08-02T15:47:55+00:00,20,2026-08-02T16:09:19.691076+00:00,21.14,2784,0,11,telegram
farsna,454069,1804817,general_news,2026-08-02T15:47:55+00:00,30,2026-08-02T16:18:21.536964+00:00,30.17,4121,0,11,telegram
footballiapp,493159,49742,sport,2026-08-02T15:49:26+00:00,5,2026-08-02T15:55:14.193485+00:00,5.73,185,0,4,telegram
footballiapp,493159,49742,sport,2026-08-02T15:49:26+00:00,10,2026-08-02T16:00:22.910083+00:00,10.87,337,0,4,telegram
footballiapp,493159,49742,sport,2026-08-02T15:49:26+00:00,20,2026-08-02T16:10:25.343622+00:00,20.91,495,0,4,telegram
footballiapp,493159,49742,sport,2026-08-02T15:49:26+00:00,30,2026-08-02T16:20:44.392120+00:00,31.23,650,0,4,telegram
akharinkhabar,623867,1959423,general_news,2026-08-02T15:50:48+00:00,5,2026-08-02T15:56:39.852070+00:00,5.65,3096,0,0,telegram
akharinkhabar,623867,1959423,general_news,2026-08-02T15:50:48+00:00,10,2026-08-02T16:02:49.736093+00:00,11.81,5133,0,0,telegram
akharinkhabar,623867,1959423,general_news,2026-08-02T15:50:48+00:00,20,2026-08-02T16:11:51.327788+00:00,20.83,8201,0,0,telegram
akharinkhabar,623867,1959423,general_news,2026-08-02T15:50:48+00:00,30,2026-08-02T16:22:10.001904+00:00,31.15,10270,0,0,telegram
akharinkhabar,623868,1959423,general_news,2026-08-02T15:50:58+00:00,5,2026-08-02T15:56:39.851359+00:00,5.48,3096,0,0,telegram
akharinkhabar,623868,1959423,general_news,2026-08-02T15:50:58+00:00,10,2026-08-02T16:02:49.735559+00:00,11.64,5130,0,0,telegram
akharinkhabar,623868,1959423,general_news,2026-08-02T15:50:58+00:00,20,2026-08-02T16:11:51.327234+00:00,20.66,8203,0,1,telegram
akharinkhabar,623868,1959423,general_news,2026-08-02T15:50:58+00:00,30,2026-08-02T16:22:10.001424+00:00,30.98,11274,0,2,telegram
tweetychannel,409647,774907,social_entertainment,2026-08-02T15:51:07+00:00,5,2026-08-02T15:56:38.374333+00:00,5.33,2046,13,1,telegram
tweetychannel,409647,774907,social_entertainment,2026-08-02T15:51:07+00:00,10,2026-08-02T16:02:48.344088+00:00,11.49,3065,16,1,telegram
tweetychannel,409647,774907,social_entertainment,2026-08-02T15:51:07+00:00,20,2026-08-02T16:11:49.917899+00:00,20.51,5088,19,1,telegram
tweetychannel,409647,774907,social_entertainment,2026-08-02T15:51:07+00:00,30,2026-08-02T16:22:08.576475+00:00,30.83,6640,24,1,telegram
footballiapp,493160,49742,sport,2026-08-02T15:53:23+00:00,5,2026-08-02T15:59:05.649404+00:00,5.64,216,5,2,telegram
footballiapp,493160,49742,sport,2026-08-02T15:53:23+00:00,10,2026-08-02T16:03:58.385260+00:00,10.51,339,7,2,telegram
footballiapp,493160,49742,sport,2026-08-02T15:53:23+00:00,20,2026-08-02T16:14:18.353420+00:00,20.85,528,8,2,telegram
footballiapp,493160,49742,sport,2026-08-02T15:53:23+00:00,30,2026-08-02T16:24:35.577385+00:00,31.13,712,9,2,telegram
tweetychannel,409649,774907,social_entertainment,2026-08-02T15:53:27+00:00,5,2026-08-02T15:59:12.884822+00:00,5.57,2041,53,0,telegram
tweetychannel,409649,774907,social_entertainment,2026-08-02T15:53:27+00:00,10,2026-08-02T16:04:05.749949+00:00,10.45,3055,68,0,telegram
tweetychannel,409649,774907,social_entertainment,2026-08-02T15:53:27+00:00,20,2026-08-02T16:14:25.454460+00:00,20.78,5161,106,0,telegram
tweetychannel,409649,774907,social_entertainment,2026-08-02T15:53:27+00:00,30,2026-08-02T16:24:42.877124+00:00,31.07,6556,127,29,telegram
tweetychannel,409650,774907,social_entertainment,2026-08-02T15:53:35+00:00,5,2026-08-02T15:59:12.883816+00:00,5.44,2036,110,0,telegram
tweetychannel,409650,774907,social_entertainment,2026-08-02T15:53:35+00:00,10,2026-08-02T16:04:05.748507+00:00,10.31,3059,145,0,telegram
tweetychannel,409650,774907,social_entertainment,2026-08-02T15:53:35+00:00,20,2026-08-02T16:14:25.453948+00:00,20.65,5155,192,34,telegram
tweetychannel,409650,774907,social_entertainment,2026-08-02T15:53:35+00:00,30,2026-08-02T16:24:42.876596+00:00,30.93,6837,232,34,telegram
khabarfouri,555899,4814534,general_news,2026-08-02T15:53:54+00:00,5,2026-08-02T15:59:04.242725+00:00,5.12,2450,0,0,telegram
khabarfouri,555899,4814534,general_news,2026-08-02T15:53:54+00:00,10,2026-08-02T16:05:14.399318+00:00,11.29,4896,0,0,telegram
khabarfouri,555899,4814534,general_news,2026-08-02T15:53:54+00:00,20,2026-08-02T16:14:16.925021+00:00,20.33,8577,0,0,telegram
khabarfouri,555899,4814534,general_news,2026-08-02T15:53:54+00:00,30,2026-08-02T16:24:34.165388+00:00,30.62,9605,0,0,telegram
eghtesadonline,354159,75239,economy,2026-08-02T15:56:03+00:00,5,2026-08-02T16:02:44.058733+00:00,6.56,442,0,2,telegram
eghtesadonline,354159,75239,economy,2026-08-02T15:56:03+00:00,10,2026-08-02T16:06:35.908379+00:00,10.42,599,0,2,telegram
eghtesadonline,354159,75239,economy,2026-08-02T15:56:03+00:00,20,2026-08-02T16:16:55.584725+00:00,20.75,939,1,3,telegram
eghtesadonline,354159,75239,economy,2026-08-02T15:56:03+00:00,30,2026-08-02T16:27:12.723779+00:00,31.04,1374,2,3,telegram
footballiapp,493161,49742,sport,2026-08-02T15:56:08+00:00,5,2026-08-02T16:02:41.209799+00:00,6.48,249,0,1,telegram
footballiapp,493161,49742,sport,2026-08-02T15:56:08+00:00,10,2026-08-02T16:06:32.965921+00:00,10.34,342,0,1,telegram
footballiapp,493161,49742,sport,2026-08-02T15:56:08+00:00,20,2026-08-02T16:16:52.745936+00:00,20.67,592,1,1,telegram
footballiapp,493161,49742,sport,2026-08-02T15:56:08+00:00,30,2026-08-02T16:27:09.902021+00:00,30.96,871,2,3,telegram
footballiapp,493162,49742,sport,2026-08-02T15:56:09+00:00,5,2026-08-02T16:02:41.209232+00:00,6.46,248,5,6,telegram
footballiapp,493162,49742,sport,2026-08-02T15:56:09+00:00,10,2026-08-02T16:06:32.965700+00:00,10.32,374,7,7,telegram
footballiapp,493162,49742,sport,2026-08-02T15:56:09+00:00,20,2026-08-02T16:16:52.745243+00:00,20.65,652,8,10,telegram
footballiapp,493162,49742,sport,2026-08-02T15:56:09+00:00,30,2026-08-02T16:27:09.901451+00:00,30.94,901,9,13,telegram
thezoomit,98283,129359,technology,2026-08-02T16:00:02+00:00,5,2026-08-02T16:05:11.552181+00:00,5.16,499,10,5,telegram
thezoomit,98283,129359,technology,2026-08-02T16:00:02+00:00,10,2026-08-02T16:10:21.108103+00:00,10.31,904,11,5,telegram
thezoomit,98283,129359,technology,2026-08-02T16:00:02+00:00,20,2026-08-02T16:20:40.088268+00:00,20.63,1314,14,5,telegram
thezoomit,98283,129359,technology,2026-08-02T16:00:02+00:00,30,2026-08-02T16:30:57.335984+00:00,30.92,1720,18,6,telegram
thezoomit,98284,129359,technology,2026-08-02T16:00:02+00:00,5,2026-08-02T16:05:11.552155+00:00,5.16,561,0,4,telegram
thezoomit,98284,129359,technology,2026-08-02T16:00:02+00:00,10,2026-08-02T16:10:21.108094+00:00,10.31,904,0,4,telegram
thezoomit,98284,129359,technology,2026-08-02T16:00:02+00:00,20,2026-08-02T16:20:40.088241+00:00,20.63,1312,0,4,telegram
thezoomit,98284,129359,technology,2026-08-02T16:00:02+00:00,30,2026-08-02T16:30:57.335968+00:00,30.92,1720,0,5,telegram
thezoomit,98285,129359,technology,2026-08-02T16:00:02+00:00,5,2026-08-02T16:05:11.550993+00:00,5.16,562,0,4,telegram
thezoomit,98285,129359,technology,2026-08-02T16:00:02+00:00,10,2026-08-02T16:10:21.107153+00:00,10.31,843,0,4,telegram
thezoomit,98285,129359,technology,2026-08-02T16:00:02+00:00,20,2026-08-02T16:20:40.087735+00:00,20.63,1313,0,4,telegram
thezoomit,98285,129359,technology,2026-08-02T16:00:02+00:00,30,2026-08-02T16:30:57.334814+00:00,30.92,1720,0,5,telegram
tweetfrsi,21590,663661,entertainment,2026-08-02T16:00:34+00:00,5,2026-08-02T16:06:37.372309+00:00,5.91,861,40,8,telegram
tweetfrsi,21590,663661,entertainment,2026-08-02T16:00:34+00:00,10,2026-08-02T16:11:47.080187+00:00,11.06,1319,61,12,telegram
tweetfrsi,21590,663661,entertainment,2026-08-02T16:00:34+00:00,20,2026-08-02T16:20:48.694114+00:00,20.1,2143,91,22,telegram
tweetfrsi,21590,663661,entertainment,2026-08-02T16:00:34+00:00,30,2026-08-02T16:31:06.099853+00:00,30.38,2725,115,22,telegram
tweetychannel,409651,774907,social_entertainment,2026-08-02T16:01:01+00:00,5,2026-08-02T16:06:40.229609+00:00,5.46,7,1,0,telegram
tweetychannel,409651,774907,social_entertainment,2026-08-02T16:01:01+00:00,10,2026-08-02T16:11:49.917845+00:00,10.61,14,1,0,telegram
tweetychannel,409651,774907,social_entertainment,2026-08-02T16:01:01+00:00,20,2026-08-02T16:22:08.576275+00:00,20.93,1435,3,0,telegram
tweetychannel,409651,774907,social_entertainment,2026-08-02T16:01:01+00:00,30,2026-08-02T16:32:26.122464+00:00,31.22,1736,5,0,telegram
tweetychannel,409652,774907,social_entertainment,2026-08-02T16:01:11+00:00,5,2026-08-02T16:06:40.229502+00:00,5.29,1033,39,35,telegram
tweetychannel,409652,774907,social_entertainment,2026-08-02T16:01:11+00:00,10,2026-08-02T16:11:49.917711+00:00,10.45,3056,48,69,telegram
tweetychannel,409652,774907,social_entertainment,2026-08-02T16:01:11+00:00,20,2026-08-02T16:22:08.576253+00:00,20.76,5951,74,117,telegram
tweetychannel,409652,774907,social_entertainment,2026-08-02T16:01:11+00:00,30,2026-08-02T16:32:26.122451+00:00,31.06,7260,92,117,telegram
akharinkhabar,623869,1959423,general_news,2026-08-02T16:02:39+00:00,5,2026-08-02T16:07:59.243173+00:00,5.12,2070,0,0,telegram
akharinkhabar,623869,1959423,general_news,2026-08-02T16:02:39+00:00,10,2026-08-02T16:13:09.690161+00:00,10.28,4120,0,0,telegram
akharinkhabar,623869,1959423,general_news,2026-08-02T16:02:39+00:00,20,2026-08-02T16:23:27.061963+00:00,20.58,7202,0,0,telegram
akharinkhabar,623869,1959423,general_news,2026-08-02T16:02:39+00:00,30,2026-08-02T16:34:40.191349+00:00,31.8,10257,0,1,telegram
khabarfouri,555900,4814534,general_news,2026-08-02T16:03:24+00:00,5,2026-08-02T16:09:06.673817+00:00,5.66,2773,0,0,telegram
khabarfouri,555900,4814534,general_news,2026-08-02T16:03:24+00:00,10,2026-08-02T16:14:16.923132+00:00,10.83,5529,0,0,telegram
khabarfouri,555900,4814534,general_news,2026-08-02T16:03:24+00:00,20,2026-08-02T16:24:34.165369+00:00,21.12,7564,0,0,telegram
khabarfouri,555900,4814534,general_news,2026-08-02T16:03:24+00:00,30,2026-08-02T16:34:30.215177+00:00,31.05,9594,0,0,telegram
khabarfouri,555901,4814534,general_news,2026-08-02T16:04:16+00:00,5,2026-08-02T16:10:23.895610+00:00,6.08,3381,0,0,telegram
khabarfouri,555901,4814534,general_news,2026-08-02T16:04:16+00:00,10,2026-08-02T16:15:33.951998+00:00,11.25,4921,0,0,telegram
khabarfouri,555901,4814534,general_news,2026-08-02T16:04:16+00:00,20,2026-08-02T16:24:34.165348+00:00,20.25,6953,0,0,telegram
khabarfouri,555901,4814534,general_news,2026-08-02T16:04:16+00:00,30,2026-08-02T16:34:30.215157+00:00,30.19,9060,0,0,telegram
footballiapp,493163,49742,sport,2026-08-02T16:05:02+00:00,5,2026-08-02T16:10:25.343056+00:00,5.31,218,2,4,telegram
footballiapp,493163,49742,sport,2026-08-02T16:05:02+00:00,10,2026-08-02T16:15:35.409820+00:00,10.48,314,3,6,telegram
footballiapp,493163,49742,sport,2026-08-02T16:05:02+00:00,20,2026-08-02T16:25:52.898879+00:00,20.77,742,7,9,telegram
footballiapp,493163,49742,sport,2026-08-02T16:05:02+00:00,30,2026-08-02T16:35:48.756284+00:00,30.7,868,7,10,telegram
tweetychannel,409653,774907,social_entertainment,2026-08-02T16:05:17+00:00,5,2026-08-02T16:10:32.362055+00:00,5.06,1030,30,1,telegram
tweetychannel,409653,774907,social_entertainment,2026-08-02T16:05:17+00:00,10,2026-08-02T16:15:42.511972+00:00,10.23,3421,44,1,telegram
tweetychannel,409653,774907,social_entertainment,2026-08-02T16:05:17+00:00,20,2026-08-02T16:25:59.966691+00:00,20.52,5273,66,12,telegram
tweetychannel,409653,774907,social_entertainment,2026-08-02T16:05:17+00:00,30,2026-08-02T16:35:56.021408+00:00,30.45,7318,79,12,telegram
khabarfouri,555902,4814534,general_news,2026-08-02T16:06:37+00:00,5,2026-08-02T16:11:41.242087+00:00,5.01,2764,0,0,telegram
khabarfouri,555902,4814534,general_news,2026-08-02T16:06:37+00:00,10,2026-08-02T16:16:51.116301+00:00,10.18,5013,0,0,telegram
khabarfouri,555902,4814534,general_news,2026-08-02T16:06:37+00:00,20,2026-08-02T16:27:08.504450+00:00,20.47,7042,0,0,telegram
khabarfouri,555902,4814534,general_news,2026-08-02T16:06:37+00:00,30,2026-08-02T16:37:04.635790+00:00,30.41,8343,0,0,telegram
khabarfouri,555904,4814534,general_news,2026-08-02T16:08:40+00:00,5,2026-08-02T16:14:16.922033+00:00,5.56,2461,0,1,telegram
khabarfouri,555904,4814534,general_news,2026-08-02T16:08:40+00:00,10,2026-08-02T16:19:25.879436+00:00,10.71,3803,0,1,telegram
khabarfouri,555904,4814534,general_news,2026-08-02T16:08:40+00:00,20,2026-08-02T16:29:43.018505+00:00,21.0,6831,0,1,telegram
khabarfouri,555904,4814534,general_news,2026-08-02T16:08:40+00:00,30,2026-08-02T16:39:38.792033+00:00,30.93,8249,0,2,telegram
farsna,454070,1804817,general_news,2026-08-02T16:09:15+00:00,5,2026-08-02T16:15:46.779165+00:00,6.27,1375,0,13,telegram
farsna,454070,1804817,general_news,2026-08-02T16:09:15+00:00,10,2026-08-02T16:19:38.589709+00:00,10.13,2050,0,23,telegram
farsna,454070,1804817,general_news,2026-08-02T16:09:15+00:00,20,2026-08-02T16:29:55.894311+00:00,20.41,3389,0,23,telegram
farsna,454070,1804817,general_news,2026-08-02T16:09:15+00:00,30,2026-08-02T16:39:51.881440+00:00,30.34,4783,0,23,telegram
khabarfouri,555905,4814534,general_news,2026-08-02T16:09:40+00:00,5,2026-08-02T16:15:33.950705+00:00,5.85,2164,0,0,telegram
khabarfouri,555905,4814534,general_news,2026-08-02T16:09:40+00:00,10,2026-08-02T16:20:42.944997+00:00,11.0,4193,0,0,telegram
khabarfouri,555905,4814534,general_news,2026-08-02T16:09:40+00:00,20,2026-08-02T16:31:00.208362+00:00,21.28,6220,0,0,telegram
khabarfouri,555905,4814534,general_news,2026-08-02T16:09:40+00:00,30,2026-08-02T16:40:56.266161+00:00,31.22,8132,0,0,telegram
akharinkhabar,623870,1959423,general_news,2026-08-02T16:10:18+00:00,5,2026-08-02T16:15:43.918903+00:00,5.22,2074,0,0,telegram
akharinkhabar,623870,1959423,general_news,2026-08-02T16:10:18+00:00,10,2026-08-02T16:20:52.883737+00:00,10.36,4132,0,0,telegram
akharinkhabar,623870,1959423,general_news,2026-08-02T16:10:18+00:00,20,2026-08-02T16:31:10.356030+00:00,20.65,7191,0,0,telegram
akharinkhabar,623870,1959423,general_news,2026-08-02T16:10:18+00:00,30,2026-08-02T16:41:06.473449+00:00,30.58,9245,0,1,telegram
tweetychannel,409654,774907,social_entertainment,2026-08-02T16:11:08+00:00,5,2026-08-02T16:16:59.844192+00:00,5.67,2175,27,21,telegram
tweetychannel,409654,774907,social_entertainment,2026-08-02T16:11:08+00:00,10,2026-08-02T16:22:08.576211+00:00,10.81,3689,38,31,telegram
tweetychannel,409654,774907,social_entertainment,2026-08-02T16:11:08+00:00,20,2026-08-02T16:32:26.121374+00:00,21.11,5004,54,31,telegram
tweetychannel,409654,774907,social_entertainment,2026-08-02T16:11:08+00:00,30,2026-08-02T16:42:22.088708+00:00,31.04,7044,63,31,telegram
khabarfouri,555906,4814534,general_news,2026-08-02T16:12:28+00:00,5,2026-08-02T16:18:08.514278+00:00,5.62,1357,0,0,telegram
khabarfouri,555906,4814534,general_news,2026-08-02T16:12:28+00:00,10,2026-08-02T16:23:17.110264+00:00,10.77,3377,0,0,telegram
khabarfouri,555906,4814534,general_news,2026-08-02T16:12:28+00:00,20,2026-08-02T16:34:30.215114+00:00,21.99,4494,0,0,telegram
khabarfouri,555906,4814534,general_news,2026-08-02T16:12:28+00:00,30,2026-08-02T16:43:30.799532+00:00,30.99,6394,0,0,telegram
tweetychannel,409655,774907,social_entertainment,2026-08-02T16:12:41+00:00,5,2026-08-02T16:18:17.190395+00:00,5.41,2148,34,6,telegram
tweetychannel,409655,774907,social_entertainment,2026-08-02T16:12:41+00:00,10,2026-08-02T16:23:25.612887+00:00,10.55,3655,47,16,telegram
tweetychannel,409655,774907,social_entertainment,2026-08-02T16:12:41+00:00,20,2026-08-02T16:34:38.790173+00:00,21.77,5701,65,16,telegram
tweetychannel,409655,774907,social_entertainment,2026-08-02T16:12:41+00:00,30,2026-08-02T16:43:39.521182+00:00,30.78,6710,72,16,telegram
khabarfouri,555907,4814534,general_news,2026-08-02T16:13:38+00:00,5,2026-08-02T16:19:25.879376+00:00,5.75,2068,0,0,telegram
khabarfouri,555907,4814534,general_news,2026-08-02T16:13:38+00:00,10,2026-08-02T16:24:34.165121+00:00,10.88,4089,0,0,telegram
khabarfouri,555907,4814534,general_news,2026-08-02T16:13:38+00:00,20,2026-08-02T16:34:30.215092+00:00,20.82,6124,0,0,telegram
khabarfouri,555907,4814534,general_news,2026-08-02T16:13:38+00:00,30,2026-08-02T16:44:48.088327+00:00,31.12,8431,0,0,telegram
khabarfouri,555908,4814534,general_news,2026-08-02T16:14:03+00:00,5,2026-08-02T16:19:25.879197+00:00,5.33,2069,0,0,telegram
khabarfouri,555908,4814534,general_news,2026-08-02T16:14:03+00:00,10,2026-08-02T16:24:34.165091+00:00,10.47,4088,0,0,telegram
khabarfouri,555908,4814534,general_news,2026-08-02T16:14:03+00:00,20,2026-08-02T16:34:30.215065+00:00,20.4,6213,0,0,telegram
khabarfouri,555908,4814534,general_news,2026-08-02T16:14:03+00:00,30,2026-08-02T16:44:48.087906+00:00,30.7,8533,0,0,telegram
akharinkhabar,623871,1959423,general_news,2026-08-02T16:14:12+00:00,5,2026-08-02T16:19:35.780859+00:00,5.18,2078,0,0,telegram
akharinkhabar,623871,1959423,general_news,2026-08-02T16:14:12+00:00,10,2026-08-02T16:24:44.345571+00:00,10.32,4110,0,0,telegram
akharinkhabar,623871,1959423,general_news,2026-08-02T16:14:12+00:00,20,2026-08-02T16:34:40.191225+00:00,20.25,6175,0,1,telegram
akharinkhabar,623871,1959423,general_news,2026-08-02T16:14:12+00:00,30,2026-08-02T16:44:58.187201+00:00,30.55,9219,0,1,telegram
akharinkhabar,623872,1959423,general_news,2026-08-02T16:14:31+00:00,5,2026-08-02T16:20:52.883599+00:00,6.15,3089,0,1,telegram
akharinkhabar,623872,1959423,general_news,2026-08-02T16:14:31+00:00,10,2026-08-02T16:24:44.344878+00:00,10.0,4116,0,1,telegram
akharinkhabar,623872,1959423,general_news,2026-08-02T16:14:31+00:00,20,2026-08-02T16:35:57.458094+00:00,21.22,7201,0,2,telegram
akharinkhabar,623872,1959423,general_news,2026-08-02T16:14:31+00:00,30,2026-08-02T16:44:58.187176+00:00,30.23,9233,0,2,telegram
footballiapp,493164,49742,sport,2026-08-02T16:15:04+00:00,5,2026-08-02T16:20:44.391619+00:00,5.6,400,19,12,telegram
footballiapp,493164,49742,sport,2026-08-02T16:15:04+00:00,10,2026-08-02T16:25:52.898682+00:00,10.74,587,20,17,telegram
footballiapp,493164,49742,sport,2026-08-02T16:15:04+00:00,20,2026-08-02T16:35:48.756262+00:00,20.67,774,24,20,telegram
footballiapp,493164,49742,sport,2026-08-02T16:15:04+00:00,30,2026-08-02T16:46:06.704735+00:00,30.97,866,26,21,telegram
tweetfrsi,21591,663661,entertainment,2026-08-02T16:15:09+00:00,5,2026-08-02T16:20:48.693613+00:00,5.51,762,64,12,telegram
tweetfrsi,21591,663661,entertainment,2026-08-02T16:15:09+00:00,10,2026-08-02T16:25:57.128741+00:00,10.66,1217,95,13,telegram
tweetfrsi,21591,663661,entertainment,2026-08-02T16:15:09+00:00,20,2026-08-02T16:35:53.217871+00:00,20.59,2081,138,16,telegram
tweetfrsi,21591,663661,entertainment,2026-08-02T16:15:09+00:00,30,2026-08-02T16:46:10.991558+00:00,30.89,2908,189,21,telegram
tweetychannel,409656,774907,social_entertainment,2026-08-02T16:16:18+00:00,5,2026-08-02T16:22:08.567919+00:00,5.65,2129,111,11,telegram
tweetychannel,409656,774907,social_entertainment,2026-08-02T16:16:18+00:00,10,2026-08-02T16:27:16.942154+00:00,10.79,3742,161,21,telegram
tweetychannel,409656,774907,social_entertainment,2026-08-02T16:16:18+00:00,20,2026-08-02T16:37:13.160576+00:00,20.72,5786,213,21,telegram
tweetychannel,409656,774907,social_entertainment,2026-08-02T16:16:18+00:00,30,2026-08-02T16:47:30.983447+00:00,31.02,6796,251,21,telegram
tweetychannel,409657,774907,social_entertainment,2026-08-02T16:17:10+00:00,5,2026-08-02T16:23:25.612301+00:00,6.07,2128,126,31,telegram
tweetychannel,409657,774907,social_entertainment,2026-08-02T16:17:10+00:00,10,2026-08-02T16:28:34.431607+00:00,11.21,3471,176,31,telegram
tweetychannel,409657,774907,social_entertainment,2026-08-02T16:17:10+00:00,20,2026-08-02T16:38:30.110310+00:00,21.14,5486,239,31,telegram
tweetychannel,409657,774907,social_entertainment,2026-08-02T16:17:10+00:00,30,2026-08-02T16:47:30.983422+00:00,30.15,7525,270,31,telegram
khabarfouri,555909,4814534,general_news,2026-08-02T16:18:56+00:00,5,2026-08-02T16:24:34.165053+00:00,5.58,2032,0,0,telegram
khabarfouri,555909,4814534,general_news,2026-08-02T16:18:56+00:00,10,2026-08-02T16:29:43.018450+00:00,10.73,4085,0,0,telegram
khabarfouri,555909,4814534,general_news,2026-08-02T16:18:56+00:00,20,2026-08-02T16:39:38.791987+00:00,20.66,6656,0,0,telegram
khabarfouri,555909,4814534,general_news,2026-08-02T16:18:56+00:00,30,2026-08-02T16:49:56.564073+00:00,30.96,7872,0,0,telegram
khabarfouri,555910,4814534,general_news,2026-08-02T16:19:13+00:00,5,2026-08-02T16:24:34.163686+00:00,5.3,2034,0,0,telegram
khabarfouri,555910,4814534,general_news,2026-08-02T16:19:13+00:00,10,2026-08-02T16:29:43.017924+00:00,10.45,4091,0,0,telegram
khabarfouri,555910,4814534,general_news,2026-08-02T16:19:13+00:00,20,2026-08-02T16:39:38.791532+00:00,20.38,6759,0,0,telegram
khabarfouri,555910,4814534,general_news,2026-08-02T16:19:13+00:00,30,2026-08-02T16:49:56.562071+00:00,30.68,7976,0,0,telegram
akharinkhabar,623873,1959423,general_news,2026-08-02T16:20:36+00:00,5,2026-08-02T16:26:01.409791+00:00,5.21,2061,0,0,telegram
akharinkhabar,623873,1959423,general_news,2026-08-02T16:20:36+00:00,10,2026-08-02T16:31:10.354565+00:00,10.35,3095,0,0,telegram
akharinkhabar,623873,1959423,general_news,2026-08-02T16:20:36+00:00,20,2026-08-02T16:41:06.471679+00:00,20.28,7175,0,0,telegram
akharinkhabar,623873,1959423,general_news,2026-08-02T16:20:36+00:00,30,2026-08-02T16:51:23.535662+00:00,30.58,9240,0,0,telegram
farsna,454071,1804817,general_news,2026-08-02T16:22:21+00:00,5,2026-08-02T16:28:38.673114+00:00,6.02,1051,0,1,telegram
farsna,454071,1804817,general_news,2026-08-02T16:22:21+00:00,10,2026-08-02T16:34:43.080946+00:00,12.1,2398,0,2,telegram
farsna,454071,1804817,general_news,2026-08-02T16:22:21+00:00,20,2026-08-02T16:43:43.714114+00:00,21.11,3761,0,2,telegram
farsna,454071,1804817,general_news,2026-08-02T16:22:21+00:00,30,2026-08-02T16:52:43.906636+00:00,30.11,4757,0,2,telegram
varzesh3,298726,1296311,sport,2026-08-02T16:23:17+00:00,5,2026-08-02T16:28:28.406646+00:00,5.09,13371,0,36,telegram
varzesh3,298726,1296311,sport,2026-08-02T16:23:17+00:00,10,2026-08-02T16:34:33.070821+00:00,11.17,21680,0,36,telegram
varzesh3,298726,1296311,sport,2026-08-02T16:23:17+00:00,20,2026-08-02T16:43:33.745920+00:00,20.18,32050,0,36,telegram
varzesh3,298726,1296311,sport,2026-08-02T16:23:17+00:00,30,2026-08-02T16:53:51.298103+00:00,30.47,41433,0,70,telegram
eghtesadonline,354160,75239,economy,2026-08-02T16:23:21+00:00,5,2026-08-02T16:28:29.815869+00:00,5.02,501,4,3,telegram
eghtesadonline,354160,75239,economy,2026-08-02T16:23:21+00:00,10,2026-08-02T16:34:34.474675+00:00,11.1,873,6,5,telegram
eghtesadonline,354160,75239,economy,2026-08-02T16:23:21+00:00,20,2026-08-02T16:43:35.143508+00:00,20.11,1366,9,6,telegram
eghtesadonline,354160,75239,economy,2026-08-02T16:23:21+00:00,30,2026-08-02T16:53:52.958266+00:00,30.4,1960,12,10,telegram
footballiapp,493165,49742,sport,2026-08-02T16:24:52+00:00,5,2026-08-02T16:31:01.716945+00:00,6.08,185,2,4,telegram
footballiapp,493165,49742,sport,2026-08-02T16:24:52+00:00,10,2026-08-02T16:35:48.756232+00:00,10.87,311,6,4,telegram
footballiapp,493165,49742,sport,2026-08-02T16:24:52+00:00,20,2026-08-02T16:46:06.704686+00:00,21.17,433,7,4,telegram
footballiapp,493165,49742,sport,2026-08-02T16:24:52+00:00,30,2026-08-02T16:55:07.264103+00:00,30.18,527,7,4,telegram
tweetychannel,409658,774907,social_entertainment,2026-08-02T16:25:25+00:00,5,2026-08-02T16:31:08.931293+00:00,5.53,2018,104,2,telegram
tweetychannel,409658,774907,social_entertainment,2026-08-02T16:25:25+00:00,10,2026-08-02T16:35:56.020743+00:00,10.32,3025,152,36,telegram
tweetychannel,409658,774907,social_entertainment,2026-08-02T16:25:25+00:00,20,2026-08-02T16:46:13.835909+00:00,20.62,5074,220,36,telegram
tweetychannel,409658,774907,social_entertainment,2026-08-02T16:25:25+00:00,30,2026-08-02T16:56:31.601840+00:00,30.92,7094,266,36,telegram
khabarfouri,555911,4814534,general_news,2026-08-02T16:25:42+00:00,5,2026-08-02T16:31:00.208204+00:00,5.25,2033,0,0,telegram
khabarfouri,555911,4814534,general_news,2026-08-02T16:25:42+00:00,10,2026-08-02T16:35:47.300738+00:00,10.04,4684,0,0,telegram
khabarfouri,555911,4814534,general_news,2026-08-02T16:25:42+00:00,20,2026-08-02T16:46:05.286147+00:00,20.34,8278,0,11,telegram
khabarfouri,555911,4814534,general_news,2026-08-02T16:25:42+00:00,30,2026-08-02T16:56:22.995353+00:00,30.63,9902,0,11,telegram
khabarfouri,555912,4814534,general_news,2026-08-02T16:28:16+00:00,5,2026-08-02T16:34:30.214384+00:00,6.19,2300,0,0,telegram
khabarfouri,555912,4814534,general_news,2026-08-02T16:28:16+00:00,10,2026-08-02T16:38:21.616060+00:00,10.04,4858,0,0,telegram
khabarfouri,555912,4814534,general_news,2026-08-02T16:28:16+00:00,20,2026-08-02T16:48:39.514785+00:00,20.34,8190,0,0,telegram
khabarfouri,555912,4814534,general_news,2026-08-02T16:28:16+00:00,30,2026-08-02T16:58:57.596565+00:00,30.64,9221,0,0,telegram
footballiapp,493166,49742,sport,2026-08-02T16:29:58+00:00,5,2026-08-02T16:35:48.754896+00:00,5.77,189,1,1,telegram
footballiapp,493166,49742,sport,2026-08-02T16:29:58+00:00,10,2026-08-02T16:40:57.723419+00:00,10.92,281,1,1,telegram
footballiapp,493166,49742,sport,2026-08-02T16:29:58+00:00,20,2026-08-02T16:51:14.939796+00:00,21.21,436,1,2,telegram
footballiapp,493166,49742,sport,2026-08-02T16:29:58+00:00,30,2026-08-02T17:00:16.210246+00:00,30.23,469,1,2,telegram
thezoomit,98286,129359,technology,2026-08-02T16:30:02+00:00,5,2026-08-02T16:35:44.478859+00:00,5.7,492,6,5,telegram
thezoomit,98286,129359,technology,2026-08-02T16:30:02+00:00,10,2026-08-02T16:40:53.390963+00:00,10.85,896,6,6,telegram
thezoomit,98286,129359,technology,2026-08-02T16:30:02+00:00,20,2026-08-02T16:51:10.740472+00:00,21.14,1402,10,7,telegram
thezoomit,98286,129359,technology,2026-08-02T16:30:02+00:00,30,2026-08-02T17:00:11.919966+00:00,30.16,1712,11,7,telegram
thezoomit,98287,129359,technology,2026-08-02T16:30:02+00:00,5,2026-08-02T16:35:44.478667+00:00,5.7,523,0,5,telegram
thezoomit,98287,129359,technology,2026-08-02T16:30:02+00:00,10,2026-08-02T16:40:53.390937+00:00,10.85,1018,0,6,telegram
thezoomit,98287,129359,technology,2026-08-02T16:30:02+00:00,20,2026-08-02T16:51:10.740438+00:00,21.14,1523,0,7,telegram
thezoomit,98287,129359,technology,2026-08-02T16:30:02+00:00,30,2026-08-02T17:00:11.919942+00:00,30.16,1863,0,7,telegram
thezoomit,98288,129359,technology,2026-08-02T16:30:02+00:00,5,2026-08-02T16:35:44.478178+00:00,5.7,524,0,6,telegram
thezoomit,98288,129359,technology,2026-08-02T16:30:02+00:00,10,2026-08-02T16:40:53.390442+00:00,10.85,987,0,6,telegram
thezoomit,98288,129359,technology,2026-08-02T16:30:02+00:00,20,2026-08-02T16:51:10.739353+00:00,21.14,1521,0,7,telegram
thezoomit,98288,129359,technology,2026-08-02T16:30:02+00:00,30,2026-08-02T17:00:11.919780+00:00,30.16,1894,0,7,telegram
khabarfouri,555913,4814534,general_news,2026-08-02T16:30:16+00:00,5,2026-08-02T16:35:47.300603+00:00,5.47,1718,0,0,telegram
khabarfouri,555913,4814534,general_news,2026-08-02T16:30:16+00:00,10,2026-08-02T16:40:56.266060+00:00,10.62,5166,0,13,telegram
khabarfouri,555913,4814534,general_news,2026-08-02T16:30:16+00:00,20,2026-08-02T16:51:13.539753+00:00,20.91,7599,0,13,telegram
khabarfouri,555913,4814534,general_news,2026-08-02T16:30:16+00:00,30,2026-08-02T17:01:31.887352+00:00,31.21,9632,0,13,telegram
farsna,454072,1804817,general_news,2026-08-02T16:31:45+00:00,5,2026-08-02T16:37:17.422469+00:00,5.27,1407,0,15,telegram
farsna,454072,1804817,general_news,2026-08-02T16:31:45+00:00,10,2026-08-02T16:42:26.411398+00:00,10.42,2416,0,15,telegram
farsna,454072,1804817,general_news,2026-08-02T16:31:45+00:00,20,2026-08-02T16:52:43.906138+00:00,20.71,3774,0,25,telegram
farsna,454072,1804817,general_news,2026-08-02T16:31:45+00:00,30,2026-08-02T17:03:02.302576+00:00,31.02,4471,0,25,telegram
akharinkhabar,623874,1959423,general_news,2026-08-02T16:32:16+00:00,5,2026-08-02T16:38:31.511212+00:00,6.04,2074,0,1,telegram
akharinkhabar,623874,1959423,general_news,2026-08-02T16:32:16+00:00,10,2026-08-02T16:43:40.927638+00:00,11.19,4101,0,1,telegram
akharinkhabar,623874,1959423,general_news,2026-08-02T16:32:16+00:00,20,2026-08-02T16:52:40.938072+00:00,20.19,6158,0,1,telegram
akharinkhabar,623874,1959423,general_news,2026-08-02T16:32:16+00:00,30,2026-08-02T17:02:59.385784+00:00,30.5,8214,0,1,telegram
tweetfrsi,21592,663661,entertainment,2026-08-02T16:32:19+00:00,5,2026-08-02T16:38:27.301022+00:00,5.99,1014,49,30,telegram
tweetfrsi,21592,663661,entertainment,2026-08-02T16:32:19+00:00,10,2026-08-02T16:43:36.567767+00:00,11.14,1503,64,55,telegram
tweetfrsi,21592,663661,entertainment,2026-08-02T16:32:19+00:00,20,2026-08-02T16:52:36.674954+00:00,20.14,2173,88,73,telegram
tweetfrsi,21592,663661,entertainment,2026-08-02T16:32:19+00:00,30,2026-08-02T17:02:54.912198+00:00,30.45,2753,115,91,telegram
akharinkhabar,623875,1959423,general_news,2026-08-02T16:32:32+00:00,5,2026-08-02T16:38:31.510776+00:00,5.78,2076,0,0,telegram
akharinkhabar,623875,1959423,general_news,2026-08-02T16:32:32+00:00,10,2026-08-02T16:43:40.927628+00:00,10.93,4104,0,0,telegram
akharinkhabar,623875,1959423,general_news,2026-08-02T16:32:32+00:00,20,2026-08-02T16:53:58.646831+00:00,21.22,8178,0,0,telegram
akharinkhabar,623875,1959423,general_news,2026-08-02T16:32:32+00:00,30,2026-08-02T17:02:59.385744+00:00,30.23,9231,0,0,telegram
footballiapp,493167,49742,sport,2026-08-02T16:32:32+00:00,5,2026-08-02T16:38:23.028884+00:00,5.78,187,3,2,telegram
footballiapp,493167,49742,sport,2026-08-02T16:32:32+00:00,10,2026-08-02T16:43:32.285879+00:00,10.93,281,6,2,telegram
footballiapp,493167,49742,sport,2026-08-02T16:32:32+00:00,20,2026-08-02T16:53:49.757797+00:00,21.22,406,6,2,telegram
footballiapp,493167,49742,sport,2026-08-02T16:32:32+00:00,30,2026-08-02T17:02:50.506438+00:00,30.23,499,7,3,telegram
tweetychannel,409659,774907,social_entertainment,2026-08-02T16:33:01+00:00,5,2026-08-02T16:38:30.109646+00:00,5.29,1010,26,0,telegram
tweetychannel,409659,774907,social_entertainment,2026-08-02T16:33:01+00:00,10,2026-08-02T16:43:39.520649+00:00,10.44,3056,28,0,telegram
tweetychannel,409659,774907,social_entertainment,2026-08-02T16:33:01+00:00,20,2026-08-02T16:53:57.244372+00:00,20.74,5084,34,0,telegram
tweetychannel,409659,774907,social_entertainment,2026-08-02T16:33:01+00:00,30,2026-08-02T17:04:15.307248+00:00,31.04,6099,34,0,telegram
akharinkhabar,623876,1959423,general_news,2026-08-02T16:33:22+00:00,5,2026-08-02T16:39:48.999221+00:00,6.23,3077,0,0,telegram
akharinkhabar,623876,1959423,general_news,2026-08-02T16:33:22+00:00,10,2026-08-02T16:43:40.927430+00:00,10.09,4095,0,0,telegram
akharinkhabar,623876,1959423,general_news,2026-08-02T16:33:22+00:00,20,2026-08-02T16:53:58.646306+00:00,20.39,7174,0,0,telegram
akharinkhabar,623876,1959423,general_news,2026-08-02T16:33:22+00:00,30,2026-08-02T17:04:16.705742+00:00,30.69,10236,0,0,telegram
digiato,111021,111106,technology,2026-08-02T16:33:47+00:00,5,2026-08-02T16:39:37.367101+00:00,5.81,557,17,20,telegram
digiato,111021,111106,technology,2026-08-02T16:33:47+00:00,10,2026-08-02T16:44:46.666008+00:00,10.97,805,25,37,telegram
digiato,111021,111106,technology,2026-08-02T16:33:47+00:00,20,2026-08-02T16:55:04.399735+00:00,21.26,1179,36,64,telegram
digiato,111021,111106,technology,2026-08-02T16:33:47+00:00,30,2026-08-02T17:04:05.189396+00:00,30.28,1494,47,79,telegram
digiato,111022,111106,technology,2026-08-02T16:33:47+00:00,5,2026-08-02T16:39:37.366993+00:00,5.81,591,0,23,telegram
digiato,111022,111106,technology,2026-08-02T16:33:47+00:00,10,2026-08-02T16:44:46.665988+00:00,10.97,841,0,38,telegram
digiato,111022,111106,technology,2026-08-02T16:33:47+00:00,20,2026-08-02T16:55:04.399715+00:00,21.26,1277,0,65,telegram
digiato,111022,111106,technology,2026-08-02T16:33:47+00:00,30,2026-08-02T17:04:05.189378+00:00,30.28,1559,0,79,telegram
digiato,111023,111106,technology,2026-08-02T16:33:47+00:00,5,2026-08-02T16:39:37.366974+00:00,5.81,590,0,23,telegram
digiato,111023,111106,technology,2026-08-02T16:33:47+00:00,10,2026-08-02T16:44:46.665948+00:00,10.97,870,0,38,telegram
digiato,111023,111106,technology,2026-08-02T16:33:47+00:00,20,2026-08-02T16:55:04.399697+00:00,21.26,1245,0,65,telegram
digiato,111023,111106,technology,2026-08-02T16:33:47+00:00,30,2026-08-02T17:04:05.189359+00:00,30.28,1529,0,79,telegram
digiato,111024,111106,technology,2026-08-02T16:33:47+00:00,5,2026-08-02T16:39:37.366956+00:00,5.81,592,0,23,telegram
digiato,111024,111106,technology,2026-08-02T16:33:47+00:00,10,2026-08-02T16:44:46.665929+00:00,10.97,872,0,38,telegram
digiato,111024,111106,technology,2026-08-02T16:33:47+00:00,20,2026-08-02T16:55:04.399679+00:00,21.26,1246,0,63,telegram
digiato,111024,111106,technology,2026-08-02T16:33:47+00:00,30,2026-08-02T17:04:05.189340+00:00,30.28,1531,0,79,telegram
digiato,111025,111106,technology,2026-08-02T16:33:47+00:00,5,2026-08-02T16:39:37.366935+00:00,5.81,591,0,23,telegram
digiato,111025,111106,technology,2026-08-02T16:33:47+00:00,10,2026-08-02T16:44:46.665910+00:00,10.97,872,0,37,telegram
digiato,111025,111106,technology,2026-08-02T16:33:47+00:00,20,2026-08-02T16:55:04.399662+00:00,21.26,1247,0,63,telegram
digiato,111025,111106,technology,2026-08-02T16:33:47+00:00,30,2026-08-02T17:04:05.189313+00:00,30.28,1531,0,79,telegram
digiato,111026,111106,technology,2026-08-02T16:33:47+00:00,5,2026-08-02T16:39:37.366914+00:00,5.81,594,0,23,telegram
digiato,111026,111106,technology,2026-08-02T16:33:47+00:00,10,2026-08-02T16:44:46.665889+00:00,10.97,874,0,36,telegram
digiato,111026,111106,technology,2026-08-02T16:33:47+00:00,20,2026-08-02T16:55:04.399645+00:00,21.26,1278,0,63,telegram
digiato,111026,111106,technology,2026-08-02T16:33:47+00:00,30,2026-08-02T17:04:05.189197+00:00,30.28,1593,0,79,telegram
digiato,111027,111106,technology,2026-08-02T16:33:47+00:00,5,2026-08-02T16:39:37.366887+00:00,5.81,566,0,23,telegram
digiato,111027,111106,technology,2026-08-02T16:33:47+00:00,10,2026-08-02T16:44:46.665862+00:00,10.97,879,0,38,telegram
digiato,111027,111106,technology,2026-08-02T16:33:47+00:00,20,2026-08-02T16:55:04.399621+00:00,21.26,1283,0,65,telegram
digiato,111027,111106,technology,2026-08-02T16:33:47+00:00,30,2026-08-02T17:04:05.189168+00:00,30.28,1567,0,79,telegram
digiato,111028,111106,technology,2026-08-02T16:33:47+00:00,5,2026-08-02T16:39:37.361546+00:00,5.81,566,0,23,telegram
digiato,111028,111106,technology,2026-08-02T16:33:47+00:00,10,2026-08-02T16:44:46.664999+00:00,10.97,910,0,36,telegram
digiato,111028,111106,technology,2026-08-02T16:33:47+00:00,20,2026-08-02T16:55:04.397869+00:00,21.26,1251,0,65,telegram
digiato,111028,111106,technology,2026-08-02T16:33:47+00:00,30,2026-08-02T17:04:05.187650+00:00,30.28,1567,0,79,telegram
akharinkhabar,623877,1959423,general_news,2026-08-02T16:33:51+00:00,5,2026-08-02T16:39:48.998701+00:00,5.74,3073,0,0,telegram
akharinkhabar,623877,1959423,general_news,2026-08-02T16:33:51+00:00,10,2026-08-02T16:44:58.187017+00:00,10.9,5136,0,0,telegram
akharinkhabar,623877,1959423,general_news,2026-08-02T16:33:51+00:00,20,2026-08-02T16:55:15.757409+00:00,21.19,8191,0,0,telegram
akharinkhabar,623877,1959423,general_news,2026-08-02T16:33:51+00:00,30,2026-08-02T17:04:16.705215+00:00,30.21,10255,0,0,telegram
farsna,454073,1804817,general_news,2026-08-02T16:34:45+00:00,5,2026-08-02T16:41:09.273601+00:00,6.13,1715,0,14,telegram
farsna,454073,1804817,general_news,2026-08-02T16:34:45+00:00,10,2026-08-02T16:46:18.089839+00:00,11.29,2729,0,14,telegram
farsna,454073,1804817,general_news,2026-08-02T16:34:45+00:00,20,2026-08-02T16:55:18.704271+00:00,20.29,3733,0,24,telegram
farsna,454073,1804817,general_news,2026-08-02T16:34:45+00:00,30,2026-08-02T17:06:21.867757+00:00,31.35,4474,0,24,telegram
khabarfouri,555914,4814534,general_news,2026-08-02T16:34:59+00:00,5,2026-08-02T16:40:56.265561+00:00,5.9,3265,0,1,telegram
khabarfouri,555914,4814534,general_news,2026-08-02T16:34:59+00:00,10,2026-08-02T16:46:05.284693+00:00,11.05,5416,0,1,telegram
khabarfouri,555914,4814534,general_news,2026-08-02T16:34:59+00:00,20,2026-08-02T16:55:05.845021+00:00,20.06,7047,0,1,telegram
khabarfouri,555914,4814534,general_news,2026-08-02T16:34:59+00:00,30,2026-08-02T17:06:08.832800+00:00,31.11,9081,0,1,telegram
farsna,454074,1804817,general_news,2026-08-02T16:36:26+00:00,5,2026-08-02T16:42:26.411107+00:00,5.74,1682,0,1,telegram
farsna,454074,1804817,general_news,2026-08-02T16:36:26+00:00,10,2026-08-02T16:47:35.244363+00:00,10.89,2723,0,11,telegram
farsna,454074,1804817,general_news,2026-08-02T16:36:26+00:00,20,2026-08-02T16:57:53.235945+00:00,21.19,3735,0,23,telegram
farsna,454074,1804817,general_news,2026-08-02T16:36:26+00:00,30,2026-08-02T17:07:39.083888+00:00,30.95,4436,0,23,telegram
varzesh3,298727,1296311,sport,2026-08-02T16:36:41+00:00,5,2026-08-02T16:42:16.495550+00:00,5.49,10381,0,0,telegram
varzesh3,298727,1296311,sport,2026-08-02T16:36:41+00:00,10,2026-08-02T16:47:25.276184+00:00,10.64,16559,0,0,telegram
varzesh3,298727,1296311,sport,2026-08-02T16:36:41+00:00,20,2026-08-02T16:57:43.350081+00:00,20.94,26933,0,0,telegram
varzesh3,298727,1296311,sport,2026-08-02T16:36:41+00:00,30,2026-08-02T17:07:29.121384+00:00,30.7,36334,0,0,telegram
varzesh3,298728,1296311,sport,2026-08-02T16:36:44+00:00,5,2026-08-02T16:42:16.494830+00:00,5.44,9325,0,0,telegram
varzesh3,298728,1296311,sport,2026-08-02T16:36:44+00:00,10,2026-08-02T16:47:25.275661+00:00,10.59,17597,0,0,telegram
varzesh3,298728,1296311,sport,2026-08-02T16:36:44+00:00,20,2026-08-02T16:57:43.349525+00:00,20.89,27975,0,0,telegram
varzesh3,298728,1296311,sport,2026-08-02T16:36:44+00:00,30,2026-08-02T17:07:29.120842+00:00,30.65,36347,0,34,telegram
thezoomit,98289,129359,technology,2026-08-02T16:37:14+00:00,5,2026-08-02T16:43:27.860375+00:00,6.23,779,17,19,telegram
thezoomit,98289,129359,technology,2026-08-02T16:37:14+00:00,10,2026-08-02T16:47:19.524987+00:00,10.09,995,23,22,telegram
thezoomit,98289,129359,technology,2026-08-02T16:37:14+00:00,20,2026-08-02T16:57:37.340259+00:00,20.39,1495,28,28,telegram
thezoomit,98289,129359,technology,2026-08-02T16:37:14+00:00,30,2026-08-02T17:07:23.288441+00:00,30.15,2121,36,32,telegram
eghtesadonline,354161,75239,economy,2026-08-02T16:37:17+00:00,5,2026-08-02T16:43:35.143108+00:00,6.18,497,7,3,telegram
eghtesadonline,354161,75239,economy,2026-08-02T16:37:17+00:00,10,2026-08-02T16:47:26.729824+00:00,10.04,713,9,5,telegram
eghtesadonline,354161,75239,economy,2026-08-02T16:37:17+00:00,20,2026-08-02T16:57:44.747132+00:00,20.34,1399,16,8,telegram
eghtesadonline,354161,75239,economy,2026-08-02T16:37:17+00:00,30,2026-08-02T17:07:30.559617+00:00,30.1,1801,20,10,telegram
farsna,454075,1804817,general_news,2026-08-02T16:37:48+00:00,5,2026-08-02T16:43:43.713873+00:00,5.66,1381,0,0,telegram
farsna,454075,1804817,general_news,2026-08-02T16:37:48+00:00,10,2026-08-02T16:48:52.325365+00:00,10.81,2423,0,10,telegram
farsna,454075,1804817,general_news,2026-08-02T16:37:48+00:00,20,2026-08-02T16:59:10.484360+00:00,21.11,3746,0,10,telegram
farsna,454075,1804817,general_news,2026-08-02T16:37:48+00:00,30,2026-08-02T17:08:56.346116+00:00,30.87,4446,0,20,telegram
khabarfouri,555915,4814534,general_news,2026-08-02T16:38:04+00:00,5,2026-08-02T16:43:30.798738+00:00,5.39,2731,0,0,telegram
khabarfouri,555915,4814534,general_news,2026-08-02T16:38:04+00:00,10,2026-08-02T16:48:39.513726+00:00,10.54,4551,0,10,telegram
khabarfouri,555915,4814534,general_news,2026-08-02T16:38:04+00:00,20,2026-08-02T16:58:57.594466+00:00,20.84,6634,0,10,telegram
khabarfouri,555915,4814534,general_news,2026-08-02T16:38:04+00:00,30,2026-08-02T17:08:43.391122+00:00,30.6,8661,0,10,telegram
farsna,454076,1804817,general_news,2026-08-02T16:39:18+00:00,5,2026-08-02T16:45:01.048039+00:00,5.45,1697,0,11,telegram
farsna,454076,1804817,general_news,2026-08-02T16:39:18+00:00,10,2026-08-02T16:50:09.286782+00:00,10.59,2391,0,11,telegram
farsna,454076,1804817,general_news,2026-08-02T16:39:18+00:00,20,2026-08-02T17:00:27.565072+00:00,20.89,3747,0,22,telegram
farsna,454076,1804817,general_news,2026-08-02T16:39:18+00:00,30,2026-08-02T17:10:13.637476+00:00,30.66,4452,0,23,telegram
footballiapp,493168,49742,sport,2026-08-02T16:39:52+00:00,5,2026-08-02T16:46:06.704560+00:00,6.17,124,0,2,telegram
footballiapp,493168,49742,sport,2026-08-02T16:39:52+00:00,10,2026-08-02T16:49:57.990379+00:00,10.03,218,0,2,telegram
footballiapp,493168,49742,sport,2026-08-02T16:39:52+00:00,20,2026-08-02T17:00:16.210122+00:00,20.33,341,0,2,telegram
footballiapp,493168,49742,sport,2026-08-02T16:39:52+00:00,30,2026-08-02T17:10:02.146910+00:00,30.09,495,0,2,telegram
tweetychannel,409660,774907,social_entertainment,2026-08-02T16:40:21+00:00,5,2026-08-02T16:46:13.835861+00:00,5.69,2025,71,0,telegram
tweetychannel,409660,774907,social_entertainment,2026-08-02T16:40:21+00:00,10,2026-08-02T16:51:22.112871+00:00,10.83,3039,102,0,telegram
tweetychannel,409660,774907,social_entertainment,2026-08-02T16:40:21+00:00,20,2026-08-02T17:01:40.474629+00:00,21.13,5064,161,0,telegram
tweetychannel,409660,774907,social_entertainment,2026-08-02T16:40:21+00:00,30,2026-08-02T17:11:26.532748+00:00,30.9,6073,189,0,telegram
tweetychannel,409661,774907,social_entertainment,2026-08-02T16:40:29+00:00,5,2026-08-02T16:46:13.835689+00:00,5.55,2022,64,1,telegram
tweetychannel,409661,774907,social_entertainment,2026-08-02T16:40:29+00:00,10,2026-08-02T16:51:22.112849+00:00,10.69,3046,91,35,telegram
tweetychannel,409661,774907,social_entertainment,2026-08-02T16:40:29+00:00,20,2026-08-02T17:01:40.474601+00:00,21.0,5072,123,35,telegram
tweetychannel,409661,774907,social_entertainment,2026-08-02T16:40:29+00:00,30,2026-08-02T17:11:26.532732+00:00,30.76,6085,136,35,telegram
tweetychannel,409662,774907,social_entertainment,2026-08-02T16:40:29+00:00,5,2026-08-02T16:46:13.835665+00:00,5.55,2026,0,1,telegram
tweetychannel,409662,774907,social_entertainment,2026-08-02T16:40:29+00:00,10,2026-08-02T16:51:22.112827+00:00,10.69,3044,0,35,telegram
tweetychannel,409662,774907,social_entertainment,2026-08-02T16:40:29+00:00,20,2026-08-02T17:01:40.474577+00:00,21.0,5073,0,35,telegram
tweetychannel,409662,774907,social_entertainment,2026-08-02T16:40:29+00:00,30,2026-08-02T17:11:26.532718+00:00,30.76,6086,0,35,telegram
tweetychannel,409663,774907,social_entertainment,2026-08-02T16:40:29+00:00,5,2026-08-02T16:46:13.835509+00:00,5.55,2022,0,1,telegram
tweetychannel,409663,774907,social_entertainment,2026-08-02T16:40:29+00:00,10,2026-08-02T16:51:22.112802+00:00,10.69,3043,0,35,telegram
tweetychannel,409663,774907,social_entertainment,2026-08-02T16:40:29+00:00,20,2026-08-02T17:01:40.474544+00:00,21.0,5069,0,35,telegram
tweetychannel,409663,774907,social_entertainment,2026-08-02T16:40:29+00:00,30,2026-08-02T17:11:26.532704+00:00,30.76,6081,0,35,telegram
tweetychannel,409664,774907,social_entertainment,2026-08-02T16:41:08+00:00,5,2026-08-02T16:47:30.983304+00:00,6.19,2032,32,1,telegram
tweetychannel,409664,774907,social_entertainment,2026-08-02T16:41:08+00:00,10,2026-08-02T16:51:22.112637+00:00,10.04,3046,42,35,telegram
tweetychannel,409664,774907,social_entertainment,2026-08-02T16:41:08+00:00,20,2026-08-02T17:01:40.474238+00:00,20.35,5079,65,35,telegram
tweetychannel,409664,774907,social_entertainment,2026-08-02T16:41:08+00:00,30,2026-08-02T17:11:26.532689+00:00,30.11,6094,76,35,telegram
akharinkhabar,623878,1959423,general_news,2026-08-02T16:41:24+00:00,5,2026-08-02T16:47:32.396692+00:00,5.92,3083,0,0,telegram
akharinkhabar,623878,1959423,general_news,2026-08-02T16:41:24+00:00,10,2026-08-02T16:52:40.938019+00:00,11.06,5114,0,0,telegram
akharinkhabar,623878,1959423,general_news,2026-08-02T16:41:24+00:00,20,2026-08-02T17:01:41.912126+00:00,20.08,7192,0,0,telegram
akharinkhabar,623878,1959423,general_news,2026-08-02T16:41:24+00:00,30,2026-08-02T17:12:44.870780+00:00,31.13,10403,0,0,telegram
akharinkhabar,623879,1959423,general_news,2026-08-02T16:41:49+00:00,5,2026-08-02T16:47:32.396119+00:00,5.5,3081,0,1,telegram
akharinkhabar,623879,1959423,general_news,2026-08-02T16:41:49+00:00,10,2026-08-02T16:52:40.937501+00:00,10.64,5113,0,1,telegram
akharinkhabar,623879,1959423,general_news,2026-08-02T16:41:49+00:00,20,2026-08-02T17:02:59.385110+00:00,20.95,8200,0,1,telegram
akharinkhabar,623879,1959423,general_news,2026-08-02T16:41:49+00:00,30,2026-08-02T17:12:44.870471+00:00,30.72,10405,0,1,telegram
tweetychannel,409665,774907,social_entertainment,2026-08-02T16:41:51+00:00,5,2026-08-02T16:47:30.982535+00:00,5.47,2036,91,1,telegram
tweetychannel,409665,774907,social_entertainment,2026-08-02T16:41:51+00:00,10,2026-08-02T16:52:39.485830+00:00,10.61,4059,117,1,telegram
tweetychannel,409665,774907,social_entertainment,2026-08-02T16:41:51+00:00,20,2026-08-02T17:02:57.984566+00:00,20.92,6099,168,1,telegram
tweetychannel,409665,774907,social_entertainment,2026-08-02T16:41:51+00:00,30,2026-08-02T17:12:43.467788+00:00,30.68,7116,190,35,telegram
farsna,454078,1804817,general_news,2026-08-02T16:43:19+00:00,5,2026-08-02T16:48:52.324581+00:00,5.29,1393,0,10,telegram
farsna,454078,1804817,general_news,2026-08-02T16:43:19+00:00,10,2026-08-02T16:54:01.487534+00:00,10.44,2082,0,20,telegram
farsna,454078,1804817,general_news,2026-08-02T16:43:19+00:00,20,2026-08-02T17:04:19.691607+00:00,20.74,3445,0,20,telegram
farsna,454078,1804817,general_news,2026-08-02T16:43:19+00:00,30,2026-08-02T17:14:04.698701+00:00,30.5,4148,0,20,telegram
farsna,454079,1804817,general_news,2026-08-02T16:44:14+00:00,5,2026-08-02T16:50:09.286303+00:00,5.66,1363,0,11,telegram
farsna,454079,1804817,general_news,2026-08-02T16:44:14+00:00,10,2026-08-02T16:55:18.703538+00:00,10.81,2078,0,11,telegram
farsna,454079,1804817,general_news,2026-08-02T16:44:14+00:00,20,2026-08-02T17:06:21.867696+00:00,21.86,3455,0,21,telegram
farsna,454079,1804817,general_news,2026-08-02T16:44:14+00:00,30,2026-08-02T17:15:21.708894+00:00,30.87,4440,0,21,telegram
akharinkhabar,623880,1959423,general_news,2026-08-02T16:44:36+00:00,5,2026-08-02T16:50:06.423362+00:00,5.29,2040,0,0,telegram
akharinkhabar,623880,1959423,general_news,2026-08-02T16:44:36+00:00,10,2026-08-02T16:55:15.756918+00:00,10.44,4101,0,0,telegram
akharinkhabar,623880,1959423,general_news,2026-08-02T16:44:36+00:00,20,2026-08-02T17:06:18.998721+00:00,21.5,7159,0,0,telegram
akharinkhabar,623880,1959423,general_news,2026-08-02T16:44:36+00:00,30,2026-08-02T17:15:18.880656+00:00,30.5,9700,0,1,telegram
tweetychannel,409666,774907,social_entertainment,2026-08-02T16:44:51+00:00,5,2026-08-02T16:50:05.032189+00:00,5.04,2043,51,0,telegram
tweetychannel,409666,774907,social_entertainment,2026-08-02T16:44:51+00:00,10,2026-08-02T16:55:14.349129+00:00,10.19,4077,67,0,telegram
tweetychannel,409666,774907,social_entertainment,2026-08-02T16:44:51+00:00,20,2026-08-02T17:06:17.546747+00:00,21.25,6108,80,0,telegram
tweetychannel,409666,774907,social_entertainment,2026-08-02T16:44:51+00:00,30,2026-08-02T17:15:17.491011+00:00,30.25,7129,90,34,telegram
footballiapp,493169,49742,sport,2026-08-02T16:45:09+00:00,5,2026-08-02T16:51:14.939227+00:00,6.03,125,0,1,telegram
footballiapp,493169,49742,sport,2026-08-02T16:45:09+00:00,10,2026-08-02T16:56:24.436354+00:00,11.18,187,1,3,telegram
footballiapp,493169,49742,sport,2026-08-02T16:45:09+00:00,20,2026-08-02T17:06:10.335412+00:00,20.95,310,1,4,telegram
footballiapp,493169,49742,sport,2026-08-02T16:45:09+00:00,30,2026-08-02T17:16:27.485830+00:00,31.23,523,1,6,telegram
eghtesadonline,354162,75239,economy,2026-08-02T16:47:03+00:00,5,2026-08-02T16:52:35.194726+00:00,5.41,502,10,5,telegram
eghtesadonline,354162,75239,economy,2026-08-02T16:47:03+00:00,10,2026-08-02T16:57:44.746726+00:00,10.57,841,12,8,telegram
eghtesadonline,354162,75239,economy,2026-08-02T16:47:03+00:00,20,2026-08-02T17:07:30.558757+00:00,20.33,1274,19,9,telegram
eghtesadonline,354162,75239,economy,2026-08-02T16:47:03+00:00,30,2026-08-02T17:17:47.497499+00:00,30.62,1865,20,10,telegram
tweetychannel,409667,774907,social_entertainment,2026-08-02T16:50:23+00:00,5,2026-08-02T16:56:31.601666+00:00,5.95,2050,62,1,telegram
tweetychannel,409667,774907,social_entertainment,2026-08-02T16:50:23+00:00,10,2026-08-02T17:01:40.474128+00:00,11.1,4070,94,1,telegram
tweetychannel,409667,774907,social_entertainment,2026-08-02T16:50:23+00:00,20,2026-08-02T17:11:26.532651+00:00,20.86,5093,115,35,telegram
tweetychannel,409667,774907,social_entertainment,2026-08-02T16:50:23+00:00,30,2026-08-02T17:21:43.575939+00:00,31.14,7118,139,35,telegram
tweetychannel,409668,774907,social_entertainment,2026-08-02T16:53:11+00:00,5,2026-08-02T16:59:06.182404+00:00,5.72,2047,154,1,telegram
tweetychannel,409668,774907,social_entertainment,2026-08-02T16:53:11+00:00,10,2026-08-02T17:04:15.307135+00:00,10.88,3058,190,1,telegram
tweetychannel,409668,774907,social_entertainment,2026-08-02T16:53:11+00:00,20,2026-08-02T17:14:00.505682+00:00,20.63,5089,240,35,telegram
tweetychannel,409668,774907,social_entertainment,2026-08-02T16:53:11+00:00,30,2026-08-02T17:24:18.205046+00:00,30.92,7111,285,35,telegram
farsna,454080,1804817,general_news,2026-08-02T16:55:15+00:00,5,2026-08-02T17:01:44.819479+00:00,6.23,1385,0,10,telegram
farsna,454080,1804817,general_news,2026-08-02T16:55:15+00:00,10,2026-08-02T17:06:21.867668+00:00,10.85,2073,0,11,telegram
farsna,454080,1804817,general_news,2026-08-02T16:55:15+00:00,20,2026-08-02T17:16:38.811086+00:00,21.13,3115,0,11,telegram
farsna,454080,1804817,general_news,2026-08-02T16:55:15+00:00,30,2026-08-02T17:25:39.578160+00:00,30.14,4133,0,22,telegram
farsna,454081,1804817,general_news,2026-08-02T16:55:18+00:00,5,2026-08-02T17:01:44.819214+00:00,6.18,1385,0,11,telegram
farsna,454081,1804817,general_news,2026-08-02T16:55:18+00:00,10,2026-08-02T17:06:21.867242+00:00,10.8,2072,0,11,telegram
farsna,454081,1804817,general_news,2026-08-02T16:55:18+00:00,20,2026-08-02T17:16:38.810934+00:00,21.08,3428,0,21,telegram
farsna,454081,1804817,general_news,2026-08-02T16:55:18+00:00,30,2026-08-02T17:25:39.578136+00:00,30.09,4437,0,22,telegram
khabarfouri,555916,4814534,general_news,2026-08-02T16:55:52+00:00,5,2026-08-02T17:01:31.885700+00:00,5.61,3043,0,0,telegram
khabarfouri,555916,4814534,general_news,2026-08-02T16:55:52+00:00,10,2026-08-02T17:06:08.832237+00:00,10.23,5090,0,0,telegram
khabarfouri,555916,4814534,general_news,2026-08-02T16:55:52+00:00,20,2026-08-02T17:16:26.022954+00:00,20.52,8137,0,0,telegram
khabarfouri,555916,4814534,general_news,2026-08-02T16:55:52+00:00,30,2026-08-02T17:26:43.902809+00:00,30.81,11214,0,1,telegram
tweetychannel,409669,774907,social_entertainment,2026-08-02T16:56:07+00:00,5,2026-08-02T17:01:40.473720+00:00,5.36,2040,82,34,telegram
tweetychannel,409669,774907,social_entertainment,2026-08-02T16:56:07+00:00,10,2026-08-02T17:07:34.835428+00:00,11.27,3063,104,34,telegram
tweetychannel,409669,774907,social_entertainment,2026-08-02T16:56:07+00:00,20,2026-08-02T17:16:34.557939+00:00,20.27,5100,133,34,telegram
tweetychannel,409669,774907,social_entertainment,2026-08-02T16:56:07+00:00,30,2026-08-02T17:26:52.639064+00:00,30.56,6120,153,34,telegram
thezoomit,98290,129359,technology,2026-08-02T16:57:17+00:00,5,2026-08-02T17:02:46.157522+00:00,5.48,693,5,1,telegram
thezoomit,98290,129359,technology,2026-08-02T16:57:17+00:00,10,2026-08-02T17:07:23.287922+00:00,10.1,1007,7,1,telegram
thezoomit,98290,129359,technology,2026-08-02T16:57:17+00:00,20,2026-08-02T17:17:40.249656+00:00,20.38,1508,8,1,telegram
thezoomit,98290,129359,technology,2026-08-02T16:57:17+00:00,30,2026-08-02T17:27:58.267647+00:00,30.68,1819,8,1,telegram
thezoomit,98291,129359,technology,2026-08-02T16:59:25+00:00,5,2026-08-02T17:06:05.961500+00:00,6.68,785,16,16,telegram
thezoomit,98291,129359,technology,2026-08-02T16:59:25+00:00,10,2026-08-02T17:09:57.826529+00:00,10.54,1062,22,21,telegram
thezoomit,98291,129359,technology,2026-08-02T16:59:25+00:00,20,2026-08-02T17:20:14.663708+00:00,20.82,1504,27,32,telegram
thezoomit,98291,129359,technology,2026-08-02T16:59:25+00:00,30,2026-08-02T17:30:32.535867+00:00,31.12,1906,33,40,telegram
footballiapp,493170,49742,sport,2026-08-02T16:59:49+00:00,5,2026-08-02T17:06:10.335384+00:00,6.28,125,0,1,telegram
footballiapp,493170,49742,sport,2026-08-02T16:59:49+00:00,10,2026-08-02T17:10:02.146389+00:00,10.14,248,0,3,telegram
footballiapp,493170,49742,sport,2026-08-02T16:59:49+00:00,20,2026-08-02T17:20:18.909099+00:00,20.42,433,0,3,telegram
footballiapp,493170,49742,sport,2026-08-02T16:59:49+00:00,30,2026-08-02T17:30:36.790186+00:00,30.72,558,0,4,telegram
footballiapp,493171,49742,sport,2026-08-02T16:59:58+00:00,5,2026-08-02T17:06:10.334935+00:00,6.13,94,1,1,telegram
footballiapp,493171,49742,sport,2026-08-02T16:59:58+00:00,10,2026-08-02T17:11:19.414064+00:00,11.28,309,1,1,telegram
footballiapp,493171,49742,sport,2026-08-02T16:59:58+00:00,20,2026-08-02T17:20:18.909078+00:00,20.27,494,3,1,telegram
footballiapp,493171,49742,sport,2026-08-02T16:59:58+00:00,30,2026-08-02T17:30:36.789946+00:00,30.57,589,3,1,telegram
tweetychannel,409670,774907,social_entertainment,2026-08-02T17:01:01+00:00,5,2026-08-02T17:06:17.546532+00:00,5.08,1025,1,0,telegram
tweetychannel,409670,774907,social_entertainment,2026-08-02T17:01:01+00:00,10,2026-08-02T17:11:26.532280+00:00,10.23,3050,2,0,telegram
tweetychannel,409670,774907,social_entertainment,2026-08-02T17:01:01+00:00,20,2026-08-02T17:21:43.575919+00:00,20.51,5080,2,0,telegram
tweetychannel,409670,774907,social_entertainment,2026-08-02T17:01:01+00:00,30,2026-08-02T17:32:01.491512+00:00,30.81,6102,2,0,telegram
tweetychannel,409671,774907,social_entertainment,2026-08-02T17:02:33+00:00,5,2026-08-02T17:08:52.079726+00:00,6.12,2033,38,2,telegram
tweetychannel,409671,774907,social_entertainment,2026-08-02T17:02:33+00:00,10,2026-08-02T17:14:00.505634+00:00,11.27,3065,55,2,telegram
tweetychannel,409671,774907,social_entertainment,2026-08-02T17:02:33+00:00,20,2026-08-02T17:23:00.804319+00:00,20.27,5093,85,36,telegram
tweetychannel,409671,774907,social_entertainment,2026-08-02T17:02:33+00:00,30,2026-08-02T17:33:18.555160+00:00,30.56,6113,106,36,telegram
tweetychannel,409672,774907,social_entertainment,2026-08-02T17:03:08+00:00,5,2026-08-02T17:08:52.079595+00:00,5.54,1032,11,0,telegram
tweetychannel,409672,774907,social_entertainment,2026-08-02T17:03:08+00:00,10,2026-08-02T17:14:00.505594+00:00,10.68,5073,30,36,telegram
tweetychannel,409672,774907,social_entertainment,2026-08-02T17:03:08+00:00,20,2026-08-02T17:24:18.203384+00:00,20.97,6102,46,36,telegram
tweetychannel,409672,774907,social_entertainment,2026-08-02T17:03:08+00:00,30,2026-08-02T17:34:35.807159+00:00,31.27,7125,59,36,telegram
tweetfrsi,21593,663661,entertainment,2026-08-02T17:04:15+00:00,5,2026-08-02T17:10:06.414189+00:00,5.71,956,79,15,telegram
tweetfrsi,21593,663661,entertainment,2026-08-02T17:04:15+00:00,10,2026-08-02T17:15:14.689812+00:00,10.85,1352,116,20,telegram
tweetfrsi,21593,663661,entertainment,2026-08-02T17:04:15+00:00,20,2026-08-02T17:25:32.408137+00:00,21.14,2293,155,27,telegram
tweetfrsi,21593,663661,entertainment,2026-08-02T17:04:15+00:00,30,2026-08-02T17:34:32.956921+00:00,30.15,2875,184,30,telegram
digiato,111029,111106,technology,2026-08-02T17:04:50+00:00,5,2026-08-02T17:09:59.291050+00:00,5.13,559,5,3,telegram
digiato,111029,111106,technology,2026-08-02T17:04:50+00:00,10,2026-08-02T17:15:07.598167+00:00,10.27,904,9,5,telegram
digiato,111029,111106,technology,2026-08-02T17:04:50+00:00,20,2026-08-02T17:25:25.274641+00:00,20.56,1365,14,6,telegram
digiato,111029,111106,technology,2026-08-02T17:04:50+00:00,30,2026-08-02T17:35:42.881918+00:00,30.85,1835,17,7,telegram
varzesh3,298729,1296311,sport,2026-08-02T17:05:20+00:00,5,2026-08-02T17:11:20.932669+00:00,5.91,11385,0,1,telegram
varzesh3,298729,1296311,sport,2026-08-02T17:05:20+00:00,10,2026-08-02T17:16:28.921974+00:00,11.05,17694,0,36,telegram
varzesh3,298729,1296311,sport,2026-08-02T17:05:20+00:00,20,2026-08-02T17:25:29.565388+00:00,20.06,27119,0,37,telegram
varzesh3,298729,1296311,sport,2026-08-02T17:05:20+00:00,30,2026-08-02T17:35:47.148661+00:00,30.35,41611,0,72,telegram
footballiapp,493172,49742,sport,2026-08-02T17:06:08+00:00,5,2026-08-02T17:11:19.412352+00:00,5.11,245,5,7,telegram
footballiapp,493172,49742,sport,2026-08-02T17:06:08+00:00,10,2026-08-02T17:16:27.485746+00:00,10.25,396,9,9,telegram
footballiapp,493172,49742,sport,2026-08-02T17:06:08+00:00,20,2026-08-02T17:26:45.330776+00:00,20.55,555,11,15,telegram
footballiapp,493172,49742,sport,2026-08-02T17:06:08+00:00,30,2026-08-02T17:37:21.337109+00:00,31.14,679,12,18,telegram
tweetychannel,409673,774907,social_entertainment,2026-08-02T17:08:31+00:00,5,2026-08-02T17:14:00.502474+00:00,5.3,2043,30,0,telegram
tweetychannel,409673,774907,social_entertainment,2026-08-02T17:08:31+00:00,10,2026-08-02T17:19:08.885867+00:00,10.44,4079,38,0,telegram
tweetychannel,409673,774907,social_entertainment,2026-08-02T17:08:31+00:00,20,2026-08-02T17:29:26.871850+00:00,20.74,5105,46,0,telegram
tweetychannel,409673,774907,social_entertainment,2026-08-02T17:08:31+00:00,30,2026-08-02T17:38:45.701295+00:00,30.05,6120,50,0,telegram
khabarfouri,555917,4814534,general_news,2026-08-02T17:10:27+00:00,5,2026-08-02T17:16:26.021413+00:00,5.93,3044,0,1,telegram
khabarfouri,555917,4814534,general_news,2026-08-02T17:10:27+00:00,10,2026-08-02T17:21:34.613316+00:00,11.08,5100,0,1,telegram
khabarfouri,555917,4814534,general_news,2026-08-02T17:10:27+00:00,20,2026-08-02T17:30:35.369709+00:00,20.09,8159,0,1,telegram
khabarfouri,555917,4814534,general_news,2026-08-02T17:10:27+00:00,30,2026-08-02T17:41:10.996178+00:00,30.68,11219,0,1,telegram
tweetychannel,409674,774907,social_entertainment,2026-08-02T17:12:13+00:00,5,2026-08-02T17:17:51.803339+00:00,5.45,2056,10,68,telegram
tweetychannel,409674,774907,social_entertainment,2026-08-02T17:12:13+00:00,10,2026-08-02T17:23:00.802769+00:00,10.6,3078,12,103,telegram
tweetychannel,409674,774907,social_entertainment,2026-08-02T17:12:13+00:00,20,2026-08-02T17:33:18.555104+00:00,20.9,5106,19,139,telegram
tweetychannel,409674,774907,social_entertainment,2026-08-02T17:12:13+00:00,30,2026-08-02T17:42:36.729145+00:00,30.2,6121,23,174,telegram
farsna,454082,1804817,general_news,2026-08-02T17:13:50+00:00,5,2026-08-02T17:19:13.253017+00:00,5.12,1372,0,12,telegram
farsna,454082,1804817,general_news,2026-08-02T17:13:50+00:00,10,2026-08-02T17:24:22.429682+00:00,10.27,2063,0,12,telegram
farsna,454082,1804817,general_news,2026-08-02T17:13:50+00:00,20,2026-08-02T17:34:40.034862+00:00,20.57,3096,0,22,telegram
farsna,454082,1804817,general_news,2026-08-02T17:13:50+00:00,30,2026-08-02T17:45:15.570544+00:00,31.16,3797,0,22,telegram
eghtesadonline,354163,75239,economy,2026-08-02T17:14:11+00:00,5,2026-08-02T17:20:21.803705+00:00,6.06,711,0,0,telegram
eghtesadonline,354163,75239,economy,2026-08-02T17:14:11+00:00,10,2026-08-02T17:25:30.964327+00:00,11.21,1201,3,0,telegram
eghtesadonline,354163,75239,economy,2026-08-02T17:14:11+00:00,20,2026-08-02T17:34:31.372889+00:00,20.22,1728,4,1,telegram
eghtesadonline,354163,75239,economy,2026-08-02T17:14:11+00:00,30,2026-08-02T17:45:07.024972+00:00,30.81,2166,4,1,telegram
tweetychannel,409675,774907,social_entertainment,2026-08-02T17:14:19+00:00,5,2026-08-02T17:20:26.109458+00:00,5.92,2057,42,0,telegram
tweetychannel,409675,774907,social_entertainment,2026-08-02T17:14:19+00:00,10,2026-08-02T17:25:35.357803+00:00,11.08,4079,59,34,telegram
tweetychannel,409675,774907,social_entertainment,2026-08-02T17:14:19+00:00,20,2026-08-02T17:34:35.806650+00:00,20.08,5101,75,35,telegram
tweetychannel,409675,774907,social_entertainment,2026-08-02T17:14:19+00:00,30,2026-08-02T17:45:11.344490+00:00,30.67,6118,92,69,telegram
footballiapp,493173,49742,sport,2026-08-02T17:14:53+00:00,5,2026-08-02T17:20:18.908716+00:00,5.36,126,1,3,telegram
footballiapp,493173,49742,sport,2026-08-02T17:14:53+00:00,10,2026-08-02T17:25:28.116597+00:00,10.51,252,1,3,telegram
footballiapp,493173,49742,sport,2026-08-02T17:14:53+00:00,20,2026-08-02T17:35:45.714175+00:00,20.8,375,1,3,telegram
footballiapp,493173,49742,sport,2026-08-02T17:14:53+00:00,30,2026-08-02T17:45:04.039560+00:00,30.11,528,2,4,telegram
tweetfrsi,21594,663661,entertainment,2026-08-02T17:15:02+00:00,5,2026-08-02T17:20:23.246382+00:00,5.21,880,65,4,telegram
tweetfrsi,21594,663661,entertainment,2026-08-02T17:15:02+00:00,10,2026-08-02T17:25:32.407648+00:00,10.36,1367,109,9,telegram
tweetfrsi,21594,663661,entertainment,2026-08-02T17:15:02+00:00,20,2026-08-02T17:35:49.981946+00:00,20.65,2227,177,19,telegram
tweetfrsi,21594,663661,entertainment,2026-08-02T17:15:02+00:00,30,2026-08-02T17:46:25.506270+00:00,31.25,3115,231,26,telegram
farsna,454083,1804817,general_news,2026-08-02T17:15:08+00:00,5,2026-08-02T17:20:30.364081+00:00,5.11,1360,0,12,telegram
farsna,454083,1804817,general_news,2026-08-02T17:15:08+00:00,10,2026-08-02T17:25:39.577367+00:00,10.26,2055,0,13,telegram
farsna,454083,1804817,general_news,2026-08-02T17:15:08+00:00,20,2026-08-02T17:35:57.079908+00:00,20.55,3099,0,13,telegram
farsna,454083,1804817,general_news,2026-08-02T17:15:08+00:00,30,2026-08-02T17:46:32.566188+00:00,31.15,3794,0,13,telegram
tweetychannel,409676,774907,social_entertainment,2026-08-02T17:15:49+00:00,5,2026-08-02T17:21:43.575838+00:00,5.71,2054,79,34,telegram
tweetychannel,409676,774907,social_entertainment,2026-08-02T17:15:49+00:00,10,2026-08-02T17:26:52.638885+00:00,10.86,4079,114,34,telegram
tweetychannel,409676,774907,social_entertainment,2026-08-02T17:15:49+00:00,20,2026-08-02T17:37:28.567635+00:00,21.46,6110,162,68,telegram
tweetychannel,409676,774907,social_entertainment,2026-08-02T17:15:49+00:00,30,2026-08-02T17:46:28.354174+00:00,30.46,7123,184,69,telegram
footballiapp,493174,49742,sport,2026-08-02T17:16:01+00:00,5,2026-08-02T17:21:36.056521+00:00,5.51,128,5,1,telegram
footballiapp,493174,49742,sport,2026-08-02T17:16:01+00:00,10,2026-08-02T17:26:45.330715+00:00,10.66,286,5,1,telegram
footballiapp,493174,49742,sport,2026-08-02T17:16:01+00:00,20,2026-08-02T17:37:21.337097+00:00,21.26,442,8,1,telegram
footballiapp,493174,49742,sport,2026-08-02T17:16:01+00:00,30,2026-08-02T17:46:21.279181+00:00,30.26,534,8,1,telegram
footballiapp,493175,49742,sport,2026-08-02T17:16:01+00:00,5,2026-08-02T17:21:36.056508+00:00,5.51,128,0,1,telegram
footballiapp,493175,49742,sport,2026-08-02T17:16:01+00:00,10,2026-08-02T17:26:45.330692+00:00,10.66,286,0,1,telegram
footballiapp,493175,49742,sport,2026-08-02T17:16:01+00:00,20,2026-08-02T17:37:21.337090+00:00,21.26,443,0,1,telegram
footballiapp,493175,49742,sport,2026-08-02T17:16:01+00:00,30,2026-08-02T17:46:21.279162+00:00,30.26,565,0,1,telegram
footballiapp,493176,49742,sport,2026-08-02T17:16:01+00:00,5,2026-08-02T17:21:36.056495+00:00,5.51,128,0,1,telegram
footballiapp,493176,49742,sport,2026-08-02T17:16:01+00:00,10,2026-08-02T17:26:45.330672+00:00,10.66,285,0,1,telegram
footballiapp,493176,49742,sport,2026-08-02T17:16:01+00:00,20,2026-08-02T17:37:21.337080+00:00,21.26,412,0,1,telegram
footballiapp,493176,49742,sport,2026-08-02T17:16:01+00:00,30,2026-08-02T17:46:21.279143+00:00,30.26,565,0,1,telegram
footballiapp,493177,49742,sport,2026-08-02T17:16:01+00:00,5,2026-08-02T17:21:36.056481+00:00,5.51,128,0,1,telegram
footballiapp,493177,49742,sport,2026-08-02T17:16:01+00:00,10,2026-08-02T17:26:45.330651+00:00,10.66,285,0,1,telegram
footballiapp,493177,49742,sport,2026-08-02T17:16:01+00:00,20,2026-08-02T17:37:21.337073+00:00,21.26,441,0,1,telegram
footballiapp,493177,49742,sport,2026-08-02T17:16:01+00:00,30,2026-08-02T17:46:21.279122+00:00,30.26,564,0,1,telegram
footballiapp,493178,49742,sport,2026-08-02T17:16:01+00:00,5,2026-08-02T17:21:36.056466+00:00,5.51,127,0,1,telegram
footballiapp,493178,49742,sport,2026-08-02T17:16:01+00:00,10,2026-08-02T17:26:45.330631+00:00,10.66,285,0,1,telegram
footballiapp,493178,49742,sport,2026-08-02T17:16:01+00:00,20,2026-08-02T17:37:21.337066+00:00,21.26,442,0,1,telegram
footballiapp,493178,49742,sport,2026-08-02T17:16:01+00:00,30,2026-08-02T17:46:21.278975+00:00,30.26,564,0,1,telegram
footballiapp,493179,49742,sport,2026-08-02T17:16:02+00:00,5,2026-08-02T17:21:36.056448+00:00,5.49,127,0,1,telegram
footballiapp,493179,49742,sport,2026-08-02T17:16:02+00:00,10,2026-08-02T17:26:45.330606+00:00,10.65,285,0,1,telegram
footballiapp,493179,49742,sport,2026-08-02T17:16:02+00:00,20,2026-08-02T17:37:21.337008+00:00,21.24,440,0,1,telegram
footballiapp,493179,49742,sport,2026-08-02T17:16:02+00:00,30,2026-08-02T17:46:21.278950+00:00,30.25,562,0,1,telegram
footballiapp,493180,49742,sport,2026-08-02T17:16:02+00:00,5,2026-08-02T17:21:36.056117+00:00,5.49,127,0,1,telegram
footballiapp,493180,49742,sport,2026-08-02T17:16:02+00:00,10,2026-08-02T17:26:45.330062+00:00,10.65,285,0,1,telegram
footballiapp,493180,49742,sport,2026-08-02T17:16:02+00:00,20,2026-08-02T17:37:21.337000+00:00,21.24,440,0,1,telegram
footballiapp,493180,49742,sport,2026-08-02T17:16:02+00:00,30,2026-08-02T17:46:21.278340+00:00,30.25,562,0,1,telegram
khabarfouri,555918,4814534,general_news,2026-08-02T17:18:25+00:00,5,2026-08-02T17:24:09.393827+00:00,5.69,3057,0,0,telegram
khabarfouri,555918,4814534,general_news,2026-08-02T17:18:25+00:00,10,2026-08-02T17:29:18.315391+00:00,10.84,5098,0,0,telegram
khabarfouri,555918,4814534,general_news,2026-08-02T17:18:25+00:00,20,2026-08-02T17:38:37.259020+00:00,20.15,8157,0,0,telegram
khabarfouri,555918,4814534,general_news,2026-08-02T17:18:25+00:00,30,2026-08-02T17:48:53.913767+00:00,30.43,10204,0,0,telegram
eghtesadonline,354164,75239,economy,2026-08-02T17:19:01+00:00,5,2026-08-02T17:24:13.772332+00:00,5.09,676,3,2,telegram
eghtesadonline,354164,75239,economy,2026-08-02T17:19:01+00:00,10,2026-08-02T17:29:22.575466+00:00,10.24,1043,8,4,telegram
eghtesadonline,354164,75239,economy,2026-08-02T17:19:01+00:00,20,2026-08-02T17:39:58.275668+00:00,20.83,1665,12,5,telegram
eghtesadonline,354164,75239,economy,2026-08-02T17:19:01+00:00,30,2026-08-02T17:50:15.572835+00:00,31.12,2196,13,5,telegram
tweetychannel,409677,774907,social_entertainment,2026-08-02T17:19:08+00:00,5,2026-08-02T17:25:35.357773+00:00,6.26,2058,10,0,telegram
tweetychannel,409677,774907,social_entertainment,2026-08-02T17:19:08+00:00,10,2026-08-02T17:29:26.871335+00:00,10.12,4084,12,2,telegram
tweetychannel,409677,774907,social_entertainment,2026-08-02T17:19:08+00:00,20,2026-08-02T17:40:02.569393+00:00,20.72,5114,23,36,telegram
tweetychannel,409677,774907,social_entertainment,2026-08-02T17:19:08+00:00,30,2026-08-02T17:50:19.917320+00:00,31.0,7126,26,36,telegram
tweetychannel,409678,774907,social_entertainment,2026-08-02T17:20:23+00:00,5,2026-08-02T17:25:35.357744+00:00,5.01,2052,72,34,telegram
tweetychannel,409678,774907,social_entertainment,2026-08-02T17:20:23+00:00,10,2026-08-02T17:30:43.818495+00:00,10.16,4081,111,36,telegram
tweetychannel,409678,774907,social_entertainment,2026-08-02T17:20:23+00:00,20,2026-08-02T17:41:19.639846+00:00,20.75,6110,145,70,telegram
tweetychannel,409678,774907,social_entertainment,2026-08-02T17:20:23+00:00,30,2026-08-02T17:51:37.241760+00:00,31.04,7124,161,105,telegram
tweetychannel,409679,774907,social_entertainment,2026-08-02T17:20:23+00:00,5,2026-08-02T17:25:35.357619+00:00,5.01,2045,0,36,telegram
tweetychannel,409679,774907,social_entertainment,2026-08-02T17:20:23+00:00,10,2026-08-02T17:30:43.818341+00:00,10.16,4076,0,36,telegram
tweetychannel,409679,774907,social_entertainment,2026-08-02T17:20:23+00:00,20,2026-08-02T17:41:19.639670+00:00,20.75,6108,0,70,telegram
tweetychannel,409679,774907,social_entertainment,2026-08-02T17:20:23+00:00,30,2026-08-02T17:51:37.241670+00:00,31.04,7123,0,105,telegram
akharinkhabar,623881,1959423,general_news,2026-08-02T17:21:01+00:00,5,2026-08-02T17:26:54.029874+00:00,5.66,2457,0,0,telegram
akharinkhabar,623881,1959423,general_news,2026-08-02T17:21:01+00:00,10,2026-08-02T17:32:02.911755+00:00,10.81,4483,0,0,telegram
akharinkhabar,623881,1959423,general_news,2026-08-02T17:21:01+00:00,20,2026-08-02T17:41:21.107747+00:00,20.12,7562,0,0,telegram
akharinkhabar,623881,1959423,general_news,2026-08-02T17:21:01+00:00,30,2026-08-02T17:51:38.674576+00:00,30.41,10632,0,0,telegram
akharinkhabar,623882,1959423,general_news,2026-08-02T17:21:21+00:00,5,2026-08-02T17:26:54.028428+00:00,5.33,2451,0,0,telegram
akharinkhabar,623882,1959423,general_news,2026-08-02T17:21:21+00:00,10,2026-08-02T17:32:02.910274+00:00,10.48,4479,0,0,telegram
akharinkhabar,623882,1959423,general_news,2026-08-02T17:21:21+00:00,20,2026-08-02T17:42:38.137909+00:00,21.07,7571,0,0,telegram
akharinkhabar,623882,1959423,general_news,2026-08-02T17:21:21+00:00,30,2026-08-02T17:51:38.674435+00:00,30.07,11647,0,0,telegram
eghtesadonline,354165,75239,economy,2026-08-02T17:21:24+00:00,5,2026-08-02T17:26:48.118231+00:00,5.28,644,1,3,telegram
eghtesadonline,354165,75239,economy,2026-08-02T17:21:24+00:00,10,2026-08-02T17:31:57.195619+00:00,10.43,1042,1,3,telegram
eghtesadonline,354165,75239,economy,2026-08-02T17:21:24+00:00,20,2026-08-02T17:42:32.465569+00:00,21.02,1602,1,3,telegram
eghtesadonline,354165,75239,economy,2026-08-02T17:21:24+00:00,30,2026-08-02T17:51:32.964039+00:00,30.02,2101,1,3,telegram
farsna,454084,1804817,general_news,2026-08-02T17:21:55+00:00,5,2026-08-02T17:28:14.001220+00:00,6.05,1044,0,1,telegram
farsna,454084,1804817,general_news,2026-08-02T17:21:55+00:00,10,2026-08-02T17:33:22.826724+00:00,11.2,2055,0,12,telegram
farsna,454084,1804817,general_news,2026-08-02T17:21:55+00:00,20,2026-08-02T17:42:40.958327+00:00,20.5,3096,0,12,telegram
farsna,454084,1804817,general_news,2026-08-02T17:21:55+00:00,30,2026-08-02T17:52:58.840208+00:00,30.8,4682,0,15,telegram
footballiapp,493181,49742,sport,2026-08-02T17:22:04+00:00,5,2026-08-02T17:28:02.560358+00:00,5.9,254,0,4,telegram
footballiapp,493181,49742,sport,2026-08-02T17:22:04+00:00,10,2026-08-02T17:33:11.405388+00:00,11.05,316,0,4,telegram
footballiapp,493181,49742,sport,2026-08-02T17:22:04+00:00,20,2026-08-02T17:42:29.613750+00:00,20.35,468,0,5,telegram
footballiapp,493181,49742,sport,2026-08-02T17:22:04+00:00,30,2026-08-02T17:52:47.414525+00:00,30.65,564,0,5,telegram
footballiapp,493182,49742,sport,2026-08-02T17:22:35+00:00,5,2026-08-02T17:28:02.559531+00:00,5.38,222,5,8,telegram
footballiapp,493182,49742,sport,2026-08-02T17:22:35+00:00,10,2026-08-02T17:33:11.405292+00:00,10.53,316,7,11,telegram
footballiapp,493182,49742,sport,2026-08-02T17:22:35+00:00,20,2026-08-02T17:43:46.784396+00:00,21.12,561,11,14,telegram
footballiapp,493182,49742,sport,2026-08-02T17:22:35+00:00,30,2026-08-02T17:52:47.412927+00:00,30.13,656,15,16,telegram
tweetychannel,409680,774907,social_entertainment,2026-08-02T17:25:02+00:00,5,2026-08-02T17:30:43.817518+00:00,5.51,2040,71,36,telegram
tweetychannel,409680,774907,social_entertainment,2026-08-02T17:25:02+00:00,10,2026-08-02T17:35:52.840145+00:00,10.65,3067,105,36,telegram
tweetychannel,409680,774907,social_entertainment,2026-08-02T17:25:02+00:00,20,2026-08-02T17:46:28.354109+00:00,21.25,6100,142,36,telegram
tweetychannel,409680,774907,social_entertainment,2026-08-02T17:25:02+00:00,30,2026-08-02T17:55:29.026809+00:00,30.25,7116,171,70,telegram
tweetychannel,409681,774907,social_entertainment,2026-08-02T17:26:08+00:00,5,2026-08-02T17:32:01.491316+00:00,5.7,2040,67,0,telegram
tweetychannel,409681,774907,social_entertainment,2026-08-02T17:26:08+00:00,10,2026-08-02T17:37:28.567607+00:00,11.14,4075,93,0,telegram
tweetychannel,409681,774907,social_entertainment,2026-08-02T17:26:08+00:00,20,2026-08-02T17:46:28.354081+00:00,20.15,6103,115,0,telegram
tweetychannel,409681,774907,social_entertainment,2026-08-02T17:26:08+00:00,30,2026-08-02T17:56:46.258180+00:00,30.44,7121,138,0,telegram
footballiapp,493183,49742,sport,2026-08-02T17:27:07+00:00,5,2026-08-02T17:33:11.405269+00:00,6.0,125,0,1,telegram
footballiapp,493183,49742,sport,2026-08-02T17:27:07+00:00,10,2026-08-02T17:37:21.336980+00:00,10.16,247,3,1,telegram
footballiapp,493183,49742,sport,2026-08-02T17:27:07+00:00,20,2026-08-02T17:47:38.266741+00:00,20.45,494,3,2,telegram
footballiapp,493183,49742,sport,2026-08-02T17:27:07+00:00,30,2026-08-02T17:57:56.495262+00:00,30.75,589,3,2,telegram
footballiapp,493184,49742,sport,2026-08-02T17:27:07+00:00,5,2026-08-02T17:33:11.405245+00:00,6.0,125,0,1,telegram
footballiapp,493184,49742,sport,2026-08-02T17:27:07+00:00,10,2026-08-02T17:37:21.336973+00:00,10.16,249,0,1,telegram
footballiapp,493184,49742,sport,2026-08-02T17:27:07+00:00,20,2026-08-02T17:47:38.266723+00:00,20.45,495,0,2,telegram
footballiapp,493184,49742,sport,2026-08-02T17:27:07+00:00,30,2026-08-02T17:57:56.495243+00:00,30.75,590,0,2,telegram
footballiapp,493185,49742,sport,2026-08-02T17:27:07+00:00,5,2026-08-02T17:33:11.405222+00:00,6.0,125,0,1,telegram
footballiapp,493185,49742,sport,2026-08-02T17:27:07+00:00,10,2026-08-02T17:37:21.336966+00:00,10.16,249,0,1,telegram
footballiapp,493185,49742,sport,2026-08-02T17:27:07+00:00,20,2026-08-02T17:47:38.266702+00:00,20.45,525,0,2,telegram
footballiapp,493185,49742,sport,2026-08-02T17:27:07+00:00,30,2026-08-02T17:57:56.495222+00:00,30.75,590,0,2,telegram
footballiapp,493186,49742,sport,2026-08-02T17:27:07+00:00,5,2026-08-02T17:33:11.405197+00:00,6.0,125,0,1,telegram
footballiapp,493186,49742,sport,2026-08-02T17:27:07+00:00,10,2026-08-02T17:37:21.336959+00:00,10.16,249,0,1,telegram
footballiapp,493186,49742,sport,2026-08-02T17:27:07+00:00,20,2026-08-02T17:47:38.266682+00:00,20.45,495,0,2,telegram
footballiapp,493186,49742,sport,2026-08-02T17:27:07+00:00,30,2026-08-02T17:57:56.495200+00:00,30.75,590,0,2,telegram
footballiapp,493187,49742,sport,2026-08-02T17:27:07+00:00,5,2026-08-02T17:33:11.405166+00:00,6.0,125,0,1,telegram
footballiapp,493187,49742,sport,2026-08-02T17:27:07+00:00,10,2026-08-02T17:37:21.336952+00:00,10.16,280,0,1,telegram
footballiapp,493187,49742,sport,2026-08-02T17:27:07+00:00,20,2026-08-02T17:47:38.266662+00:00,20.45,525,0,2,telegram
footballiapp,493187,49742,sport,2026-08-02T17:27:07+00:00,30,2026-08-02T17:57:56.495000+00:00,30.75,621,0,2,telegram
footballiapp,493188,49742,sport,2026-08-02T17:27:08+00:00,5,2026-08-02T17:33:11.405132+00:00,5.98,125,0,1,telegram
footballiapp,493188,49742,sport,2026-08-02T17:27:08+00:00,10,2026-08-02T17:37:21.336943+00:00,10.14,249,0,1,telegram
footballiapp,493188,49742,sport,2026-08-02T17:27:08+00:00,20,2026-08-02T17:47:38.266635+00:00,20.43,525,0,2,telegram
footballiapp,493188,49742,sport,2026-08-02T17:27:08+00:00,30,2026-08-02T17:57:56.494972+00:00,30.73,621,0,2,telegram
footballiapp,493189,49742,sport,2026-08-02T17:27:08+00:00,5,2026-08-02T17:33:11.404391+00:00,5.98,125,0,1,telegram
footballiapp,493189,49742,sport,2026-08-02T17:27:08+00:00,10,2026-08-02T17:37:21.336791+00:00,10.14,249,0,1,telegram
footballiapp,493189,49742,sport,2026-08-02T17:27:08+00:00,20,2026-08-02T17:47:38.264191+00:00,20.43,525,0,2,telegram
footballiapp,493189,49742,sport,2026-08-02T17:27:08+00:00,30,2026-08-02T17:57:56.492825+00:00,30.73,621,0,2,telegram
varzesh3,298730,1296311,sport,2026-08-02T17:28:31+00:00,5,2026-08-02T17:34:29.922182+00:00,5.88,14508,0,2,telegram
varzesh3,298730,1296311,sport,2026-08-02T17:28:31+00:00,10,2026-08-02T17:38:40.101478+00:00,10.05,20692,0,36,telegram
varzesh3,298730,1296311,sport,2026-08-02T17:28:31+00:00,20,2026-08-02T17:48:56.835102+00:00,20.33,35218,0,36,telegram
varzesh3,298730,1296311,sport,2026-08-02T17:28:31+00:00,30,2026-08-02T17:59:15.198630+00:00,30.64,47656,0,70,telegram
thezoomit,98292,129359,technology,2026-08-02T17:30:05+00:00,5,2026-08-02T17:35:41.452269+00:00,5.6,565,13,7,telegram
thezoomit,98292,129359,technology,2026-08-02T17:30:05+00:00,10,2026-08-02T17:41:08.166606+00:00,11.05,932,18,15,telegram
thezoomit,98292,129359,technology,2026-08-02T17:30:05+00:00,20,2026-08-02T17:50:08.343570+00:00,20.05,1333,23,25,telegram
thezoomit,98292,129359,technology,2026-08-02T17:30:05+00:00,30,2026-08-02T18:00:26.731164+00:00,30.36,1678,27,30,telegram
digiato,111030,111106,technology,2026-08-02T17:30:29+00:00,5,2026-08-02T17:35:42.880594+00:00,5.2,500,3,3,telegram
digiato,111030,111106,technology,2026-08-02T17:30:29+00:00,10,2026-08-02T17:41:09.576706+00:00,10.65,938,5,6,telegram
digiato,111030,111106,technology,2026-08-02T17:30:29+00:00,20,2026-08-02T17:51:27.108803+00:00,20.94,1342,17,7,telegram
digiato,111030,111106,technology,2026-08-02T17:30:29+00:00,30,2026-08-02T18:01:45.743191+00:00,31.25,1994,20,9,telegram
tweetychannel,409682,774907,social_entertainment,2026-08-02T17:31:01+00:00,5,2026-08-02T17:37:28.567584+00:00,6.26,19,0,0,telegram
tweetychannel,409682,774907,social_entertainment,2026-08-02T17:31:01+00:00,10,2026-08-02T17:41:19.639511+00:00,10.12,24,0,0,telegram
tweetychannel,409682,774907,social_entertainment,2026-08-02T17:31:01+00:00,20,2026-08-02T17:51:37.241614+00:00,20.41,2033,1,0,telegram
tweetychannel,409682,774907,social_entertainment,2026-08-02T17:31:01+00:00,30,2026-08-02T18:01:55.723645+00:00,30.71,2040,1,0,telegram
tweetychannel,409683,774907,social_entertainment,2026-08-02T17:32:09+00:00,5,2026-08-02T17:37:28.566956+00:00,5.13,2040,57,35,telegram
tweetychannel,409683,774907,social_entertainment,2026-08-02T17:32:09+00:00,10,2026-08-02T17:42:36.728933+00:00,10.27,3067,80,35,telegram
tweetychannel,409683,774907,social_entertainment,2026-08-02T17:32:09+00:00,20,2026-08-02T17:52:54.605105+00:00,20.56,6109,103,69,telegram
tweetychannel,409683,774907,social_entertainment,2026-08-02T17:32:09+00:00,30,2026-08-02T18:03:13.004479+00:00,30.87,8132,118,69,telegram
tweetfrsi,21595,663661,entertainment,2026-08-02T17:33:23+00:00,5,2026-08-02T17:38:42.884325+00:00,5.18,929,87,22,telegram
tweetfrsi,21595,663661,entertainment,2026-08-02T17:33:23+00:00,10,2026-08-02T17:43:51.051158+00:00,10.32,1504,136,27,telegram
tweetfrsi,21595,663661,entertainment,2026-08-02T17:33:23+00:00,20,2026-08-02T17:54:08.804456+00:00,20.62,2238,187,36,telegram
tweetfrsi,21595,663661,entertainment,2026-08-02T17:33:23+00:00,30,2026-08-02T18:04:27.331277+00:00,30.92,2792,229,45,telegram
khabarfouri,555919,4814534,general_news,2026-08-02T17:34:23+00:00,5,2026-08-02T17:39:54.084610+00:00,5.47,2056,0,0,telegram
khabarfouri,555919,4814534,general_news,2026-08-02T17:34:23+00:00,10,2026-08-02T17:45:02.601358+00:00,10.61,5110,0,0,telegram
khabarfouri,555919,4814534,general_news,2026-08-02T17:34:23+00:00,20,2026-08-02T17:55:20.364797+00:00,20.9,7155,0,0,telegram
khabarfouri,555919,4814534,general_news,2026-08-02T17:34:23+00:00,30,2026-08-02T18:05:38.728378+00:00,31.21,9203,0,0,telegram
akharinkhabar,623883,1959423,general_news,2026-08-02T17:34:34+00:00,5,2026-08-02T17:40:03.948951+00:00,5.28,2055,0,0,telegram
akharinkhabar,623883,1959423,general_news,2026-08-02T17:34:34+00:00,10,2026-08-02T17:45:12.788446+00:00,10.42,5112,0,0,telegram
akharinkhabar,623883,1959423,general_news,2026-08-02T17:34:34+00:00,20,2026-08-02T17:55:30.532427+00:00,20.72,9210,0,0,telegram
akharinkhabar,623883,1959423,general_news,2026-08-02T17:34:34+00:00,30,2026-08-02T18:05:48.807001+00:00,31.03,12258,0,0,telegram
footballiapp,493190,49742,sport,2026-08-02T17:34:57+00:00,5,2026-08-02T17:41:12.402730+00:00,6.18,276,6,6,telegram
footballiapp,493190,49742,sport,2026-08-02T17:34:57+00:00,10,2026-08-02T17:45:04.039458+00:00,10.04,369,8,7,telegram
footballiapp,493190,49742,sport,2026-08-02T17:34:57+00:00,20,2026-08-02T17:55:21.809941+00:00,20.34,554,10,10,telegram
footballiapp,493190,49742,sport,2026-08-02T17:34:57+00:00,30,2026-08-02T18:05:40.197321+00:00,30.64,651,10,11,telegram
khabarfouri,555920,4814534,general_news,2026-08-02T17:39:09+00:00,5,2026-08-02T17:45:02.599671+00:00,5.84,3065,0,0,telegram
khabarfouri,555920,4814534,general_news,2026-08-02T17:39:09+00:00,10,2026-08-02T17:50:11.321076+00:00,10.99,5094,0,0,telegram
khabarfouri,555920,4814534,general_news,2026-08-02T17:39:09+00:00,20,2026-08-02T17:59:12.222867+00:00,20.0,7146,0,0,telegram
khabarfouri,555920,4814534,general_news,2026-08-02T17:39:09+00:00,30,2026-08-02T18:09:48.659511+00:00,30.61,10187,0,0,telegram
eghtesadonline,354166,75239,economy,2026-08-02T17:39:37+00:00,5,2026-08-02T17:45:07.024751+00:00,5.37,438,2,1,telegram
eghtesadonline,354166,75239,economy,2026-08-02T17:39:37+00:00,10,2026-08-02T17:50:15.572781+00:00,10.52,937,2,2,telegram
eghtesadonline,354166,75239,economy,2026-08-02T17:39:37+00:00,20,2026-08-02T18:00:34.010480+00:00,20.83,1617,3,2,telegram
eghtesadonline,354166,75239,economy,2026-08-02T17:39:37+00:00,30,2026-08-02T18:09:52.897546+00:00,30.14,2082,3,3,telegram
tweetychannel,409684,774907,social_entertainment,2026-08-02T17:40:26+00:00,5,2026-08-02T17:46:28.353425+00:00,5.85,3047,48,34,telegram
tweetychannel,409684,774907,social_entertainment,2026-08-02T17:40:26+00:00,10,2026-08-02T17:51:37.240917+00:00,10.99,4063,68,68,telegram
tweetychannel,409684,774907,social_entertainment,2026-08-02T17:40:26+00:00,20,2026-08-02T18:00:38.384034+00:00,20.01,6087,82,103,telegram
tweetychannel,409684,774907,social_entertainment,2026-08-02T17:40:26+00:00,30,2026-08-02T18:11:14.270828+00:00,30.61,8107,103,103,telegram
tweetychannel,409685,774907,social_entertainment,2026-08-02T17:42:16+00:00,5,2026-08-02T17:47:45.337192+00:00,5.3,3041,46,0,telegram
tweetychannel,409685,774907,social_entertainment,2026-08-02T17:42:16+00:00,10,2026-08-02T17:52:54.604531+00:00,10.45,4061,75,34,telegram
tweetychannel,409685,774907,social_entertainment,2026-08-02T17:42:16+00:00,20,2026-08-02T18:03:13.004277+00:00,20.75,7098,112,34,telegram
tweetychannel,409685,774907,social_entertainment,2026-08-02T17:42:16+00:00,30,2026-08-02T18:12:31.462554+00:00,30.06,8113,142,34,telegram
tweetychannel,409686,774907,social_entertainment,2026-08-02T17:43:04+00:00,5,2026-08-02T17:49:02.649758+00:00,5.78,3042,34,0,telegram
tweetychannel,409686,774907,social_entertainment,2026-08-02T17:43:04+00:00,10,2026-08-02T17:54:11.699136+00:00,10.93,4064,51,0,telegram
tweetychannel,409686,774907,social_entertainment,2026-08-02T17:43:04+00:00,20,2026-08-02T18:04:30.139820+00:00,21.24,7096,71,0,telegram
tweetychannel,409686,774907,social_entertainment,2026-08-02T17:43:04+00:00,30,2026-08-02T18:13:48.860819+00:00,30.55,8115,81,0,telegram
khabarfouri,555921,4814534,general_news,2026-08-02T17:43:11+00:00,5,2026-08-02T17:48:53.913275+00:00,5.66,3053,0,0,telegram
khabarfouri,555921,4814534,general_news,2026-08-02T17:43:11+00:00,10,2026-08-02T17:54:03.145244+00:00,10.82,5092,0,0,telegram
khabarfouri,555921,4814534,general_news,2026-08-02T17:43:11+00:00,20,2026-08-02T18:04:21.619135+00:00,21.12,7146,0,0,telegram
khabarfouri,555921,4814534,general_news,2026-08-02T17:43:11+00:00,30,2026-08-02T18:13:40.097883+00:00,30.43,10211,0,0,telegram
akharinkhabar,623884,1959423,general_news,2026-08-02T17:43:21+00:00,5,2026-08-02T17:49:04.080087+00:00,5.5,3048,0,0,telegram
akharinkhabar,623884,1959423,general_news,2026-08-02T17:43:21+00:00,10,2026-08-02T17:54:13.135553+00:00,10.65,5117,0,0,telegram
akharinkhabar,623884,1959423,general_news,2026-08-02T17:43:21+00:00,20,2026-08-02T18:04:31.535197+00:00,20.96,9183,0,0,telegram
akharinkhabar,623884,1959423,general_news,2026-08-02T17:43:21+00:00,30,2026-08-02T18:13:50.294675+00:00,30.27,12248,0,0,telegram
eghtesadonline,354167,75239,economy,2026-08-02T17:44:36+00:00,5,2026-08-02T17:50:15.572341+00:00,5.54,686,0,5,telegram
eghtesadonline,354167,75239,economy,2026-08-02T17:44:36+00:00,10,2026-08-02T17:55:24.678607+00:00,10.69,1026,4,9,telegram
eghtesadonline,354167,75239,economy,2026-08-02T17:44:36+00:00,20,2026-08-02T18:05:43.087589+00:00,20.99,1829,6,10,telegram
eghtesadonline,354167,75239,economy,2026-08-02T17:44:36+00:00,30,2026-08-02T18:15:01.713577+00:00,30.3,2168,8,10,telegram
footballiapp,493191,49742,sport,2026-08-02T17:44:52+00:00,5,2026-08-02T17:50:12.730303+00:00,5.27,124,0,2,telegram
footballiapp,493191,49742,sport,2026-08-02T17:44:52+00:00,10,2026-08-02T17:55:21.809489+00:00,10.42,218,0,2,telegram
footballiapp,493191,49742,sport,2026-08-02T17:44:52+00:00,20,2026-08-02T18:05:40.197143+00:00,20.73,376,0,4,telegram
footballiapp,493191,49742,sport,2026-08-02T17:44:52+00:00,30,2026-08-02T18:14:58.855632+00:00,30.04,472,0,7,telegram
akharinkhabar,623885,1959423,general_news,2026-08-02T17:45:28+00:00,5,2026-08-02T17:51:38.673831+00:00,5.96,3050,0,0,telegram
akharinkhabar,623885,1959423,general_news,2026-08-02T17:45:28+00:00,10,2026-08-02T17:56:47.646711+00:00,11.11,5092,0,0,telegram
akharinkhabar,623885,1959423,general_news,2026-08-02T17:45:28+00:00,20,2026-08-02T18:05:48.806958+00:00,20.13,9169,0,0,telegram
akharinkhabar,623885,1959423,general_news,2026-08-02T17:45:28+00:00,30,2026-08-02T18:16:24.368677+00:00,30.72,12234,0,0,telegram
farsna,454085,1804817,general_news,2026-08-02T17:46:00+00:00,5,2026-08-02T17:51:41.564061+00:00,5.42,1513,0,33,telegram
farsna,454085,1804817,general_news,2026-08-02T17:46:00+00:00,10,2026-08-02T17:56:50.533025+00:00,10.58,2167,0,33,telegram
farsna,454085,1804817,general_news,2026-08-02T17:46:00+00:00,20,2026-08-02T18:07:09.092000+00:00,20.88,3128,0,33,telegram
farsna,454085,1804817,general_news,2026-08-02T17:46:00+00:00,30,2026-08-02T18:16:27.218552+00:00,30.19,3518,0,44,telegram
varzesh3,298731,1296311,sport,2026-08-02T17:47:49+00:00,5,2026-08-02T17:54:06.000975+00:00,6.18,12439,0,2,telegram
varzesh3,298731,1296311,sport,2026-08-02T17:47:49+00:00,10,2026-08-02T17:57:57.922552+00:00,10.05,18634,0,36,telegram
varzesh3,298731,1296311,sport,2026-08-02T17:47:49+00:00,20,2026-08-02T18:08:34.459098+00:00,20.66,32163,0,37,telegram
varzesh3,298731,1296311,sport,2026-08-02T17:47:49+00:00,30,2026-08-02T18:18:54.747105+00:00,30.99,46628,0,37,telegram
varzesh3,298732,1296311,sport,2026-08-02T17:47:50+00:00,5,2026-08-02T17:54:06.000963+00:00,6.17,12400,0,2,telegram
varzesh3,298732,1296311,sport,2026-08-02T17:47:50+00:00,10,2026-08-02T17:57:57.922539+00:00,10.03,18660,0,36,telegram
varzesh3,298732,1296311,sport,2026-08-02T17:47:50+00:00,20,2026-08-02T18:08:34.459078+00:00,20.64,31117,0,37,telegram
varzesh3,298732,1296311,sport,2026-08-02T17:47:50+00:00,30,2026-08-02T18:18:54.747084+00:00,30.97,45590,0,37,telegram
varzesh3,298733,1296311,sport,2026-08-02T17:47:50+00:00,5,2026-08-02T17:54:06.000947+00:00,6.17,12435,0,2,telegram
varzesh3,298733,1296311,sport,2026-08-02T17:47:50+00:00,10,2026-08-02T17:57:57.922524+00:00,10.03,18645,0,2,telegram
varzesh3,298733,1296311,sport,2026-08-02T17:47:50+00:00,20,2026-08-02T18:08:34.459054+00:00,20.64,32127,0,37,telegram
varzesh3,298733,1296311,sport,2026-08-02T17:47:50+00:00,30,2026-08-02T18:18:54.747058+00:00,30.97,46657,0,37,telegram
varzesh3,298734,1296311,sport,2026-08-02T17:47:50+00:00,5,2026-08-02T17:54:06.000611+00:00,6.17,11384,0,2,telegram
varzesh3,298734,1296311,sport,2026-08-02T17:47:50+00:00,10,2026-08-02T17:57:57.922239+00:00,10.03,18655,0,2,telegram
varzesh3,298734,1296311,sport,2026-08-02T17:47:50+00:00,20,2026-08-02T18:08:34.458909+00:00,20.64,32165,0,37,telegram
varzesh3,298734,1296311,sport,2026-08-02T17:47:50+00:00,30,2026-08-02T18:18:54.745790+00:00,30.97,45581,0,37,telegram
farsna,454086,1804817,general_news,2026-08-02T17:50:09+00:00,5,2026-08-02T17:55:33.345291+00:00,5.14,1031,0,0,telegram
farsna,454086,1804817,general_news,2026-08-02T17:50:09+00:00,10,2026-08-02T18:00:42.693754+00:00,10.29,1399,0,0,telegram
farsna,454086,1804817,general_news,2026-08-02T17:50:09+00:00,20,2026-08-02T18:11:18.452469+00:00,20.89,2367,0,0,telegram
farsna,454086,1804817,general_news,2026-08-02T17:50:09+00:00,30,2026-08-02T18:21:42.024102+00:00,31.27,3060,0,0,telegram
farsna,454087,1804817,general_news,2026-08-02T17:50:20+00:00,5,2026-08-02T17:56:50.532987+00:00,6.24,1056,0,0,telegram
farsna,454087,1804817,general_news,2026-08-02T17:50:20+00:00,10,2026-08-02T18:00:42.693140+00:00,10.11,1408,0,0,telegram
farsna,454087,1804817,general_news,2026-08-02T17:50:20+00:00,20,2026-08-02T18:11:18.451885+00:00,20.71,2376,0,0,telegram
farsna,454087,1804817,general_news,2026-08-02T17:50:20+00:00,30,2026-08-02T18:21:42.024094+00:00,31.09,3072,0,0,telegram
digiato,111032,111106,technology,2026-08-02T17:50:38+00:00,5,2026-08-02T17:56:36.322040+00:00,5.94,660,10,14,telegram
digiato,111032,111106,technology,2026-08-02T17:50:38+00:00,10,2026-08-02T18:01:45.742695+00:00,11.1,1004,13,26,telegram
digiato,111032,111106,technology,2026-08-02T17:50:38+00:00,20,2026-08-02T18:11:04.276816+00:00,20.41,1470,18,42,telegram
digiato,111032,111106,technology,2026-08-02T17:50:38+00:00,30,2026-08-02T18:21:27.103317+00:00,30.79,1873,28,60,telegram
farsna,454088,1804817,general_news,2026-08-02T17:51:08+00:00,5,2026-08-02T17:56:50.532489+00:00,5.44,1034,0,0,telegram
farsna,454088,1804817,general_news,2026-08-02T17:51:08+00:00,10,2026-08-02T18:01:59.900708+00:00,10.6,1705,0,0,telegram
farsna,454088,1804817,general_news,2026-08-02T17:51:08+00:00,20,2026-08-02T18:12:35.721518+00:00,21.19,2748,0,0,telegram
farsna,454088,1804817,general_news,2026-08-02T17:51:08+00:00,30,2026-08-02T18:21:42.024086+00:00,30.29,3376,0,0,telegram
farsna,454089,1804817,general_news,2026-08-02T17:54:06+00:00,5,2026-08-02T17:59:25.325332+00:00,5.05,732,0,0,telegram
farsna,454089,1804817,general_news,2026-08-02T17:54:06+00:00,10,2026-08-02T18:04:34.311840+00:00,10.21,1699,0,0,telegram
farsna,454089,1804817,general_news,2026-08-02T17:54:06+00:00,20,2026-08-02T18:15:10.270783+00:00,20.8,2699,0,0,telegram
farsna,454089,1804817,general_news,2026-08-02T17:54:06+00:00,30,2026-08-02T18:25:35.842381+00:00,31.22,3405,0,0,telegram
farsna,454090,1804817,general_news,2026-08-02T17:54:06+00:00,5,2026-08-02T17:59:25.325309+00:00,5.05,731,0,0,telegram
farsna,454090,1804817,general_news,2026-08-02T17:54:06+00:00,10,2026-08-02T18:04:34.311813+00:00,10.21,1697,0,0,telegram
farsna,454090,1804817,general_news,2026-08-02T17:54:06+00:00,20,2026-08-02T18:15:10.270761+00:00,20.8,2698,0,0,telegram
farsna,454090,1804817,general_news,2026-08-02T17:54:06+00:00,30,2026-08-02T18:25:35.842359+00:00,31.22,3404,0,0,telegram
farsna,454091,1804817,general_news,2026-08-02T17:54:06+00:00,5,2026-08-02T17:59:25.325285+00:00,5.05,731,0,0,telegram
farsna,454091,1804817,general_news,2026-08-02T17:54:06+00:00,10,2026-08-02T18:04:34.311794+00:00,10.21,1697,0,0,telegram
farsna,454091,1804817,general_news,2026-08-02T17:54:06+00:00,20,2026-08-02T18:15:10.270738+00:00,20.8,2698,0,0,telegram
farsna,454091,1804817,general_news,2026-08-02T17:54:06+00:00,30,2026-08-02T18:25:35.842331+00:00,31.22,3404,0,0,telegram
farsna,454092,1804817,general_news,2026-08-02T17:54:06+00:00,5,2026-08-02T17:59:25.325258+00:00,5.05,731,0,0,telegram
farsna,454092,1804817,general_news,2026-08-02T17:54:06+00:00,10,2026-08-02T18:04:34.311772+00:00,10.21,1697,0,0,telegram
farsna,454092,1804817,general_news,2026-08-02T17:54:06+00:00,20,2026-08-02T18:15:10.270716+00:00,20.8,2698,0,0,telegram
farsna,454092,1804817,general_news,2026-08-02T17:54:06+00:00,30,2026-08-02T18:25:35.842312+00:00,31.22,3404,0,0,telegram
farsna,454093,1804817,general_news,2026-08-02T17:54:06+00:00,5,2026-08-02T17:59:25.325212+00:00,5.05,731,0,0,telegram
farsna,454093,1804817,general_news,2026-08-02T17:54:06+00:00,10,2026-08-02T18:04:34.311750+00:00,10.21,1697,0,0,telegram
farsna,454093,1804817,general_news,2026-08-02T17:54:06+00:00,20,2026-08-02T18:15:10.270693+00:00,20.8,3027,0,0,telegram
farsna,454093,1804817,general_news,2026-08-02T17:54:06+00:00,30,2026-08-02T18:25:35.842292+00:00,31.22,3703,0,0,telegram
farsna,454094,1804817,general_news,2026-08-02T17:54:06+00:00,5,2026-08-02T17:59:25.325174+00:00,5.05,730,0,0,telegram
farsna,454094,1804817,general_news,2026-08-02T17:54:06+00:00,10,2026-08-02T18:04:34.311725+00:00,10.21,1697,0,0,telegram
farsna,454094,1804817,general_news,2026-08-02T17:54:06+00:00,20,2026-08-02T18:15:10.270673+00:00,20.8,2997,0,0,telegram
farsna,454094,1804817,general_news,2026-08-02T17:54:06+00:00,30,2026-08-02T18:25:35.842272+00:00,31.22,3706,0,0,telegram
farsna,454095,1804817,general_news,2026-08-02T17:54:06+00:00,5,2026-08-02T17:59:25.324300+00:00,5.05,730,0,0,telegram
farsna,454095,1804817,general_news,2026-08-02T17:54:06+00:00,10,2026-08-02T18:04:34.311489+00:00,10.21,1697,0,0,telegram
farsna,454095,1804817,general_news,2026-08-02T17:54:06+00:00,20,2026-08-02T18:15:10.270647+00:00,20.8,2997,0,0,telegram
farsna,454095,1804817,general_news,2026-08-02T17:54:06+00:00,30,2026-08-02T18:25:35.842241+00:00,31.22,3706,0,0,telegram
eghtesadonline,354168,75239,economy,2026-08-02T17:55:13+00:00,5,2026-08-02T18:00:34.009810+00:00,5.23,613,0,6,telegram
eghtesadonline,354168,75239,economy,2026-08-02T17:55:13+00:00,10,2026-08-02T18:05:43.087290+00:00,10.38,1077,1,6,telegram
eghtesadonline,354168,75239,economy,2026-08-02T17:55:13+00:00,20,2026-08-02T18:16:18.684546+00:00,20.97,1539,1,7,telegram
eghtesadonline,354168,75239,economy,2026-08-02T17:55:13+00:00,30,2026-08-02T18:25:27.149969+00:00,30.11,1877,2,7,telegram
eghtesadonline,354169,75239,economy,2026-08-02T17:58:19+00:00,5,2026-08-02T18:04:25.928605+00:00,5.99,738,3,0,telegram
eghtesadonline,354169,75239,economy,2026-08-02T17:58:19+00:00,10,2026-08-02T18:08:35.846147+00:00,10.16,1015,5,2,telegram
eghtesadonline,354169,75239,economy,2026-08-02T17:58:19+00:00,20,2026-08-02T18:18:56.244545+00:00,20.49,1448,7,2,telegram
eghtesadonline,354169,75239,economy,2026-08-02T17:58:19+00:00,30,2026-08-02T18:29:20.357759+00:00,30.89,1788,10,2,telegram
akharinkhabar,623886,1959423,general_news,2026-08-02T17:59:25+00:00,5,2026-08-02T18:05:48.806846+00:00,6.18,4094,0,0,telegram
akharinkhabar,623886,1959423,general_news,2026-08-02T17:59:25+00:00,10,2026-08-02T18:09:58.557103+00:00,10.34,5129,0,0,telegram
akharinkhabar,623886,1959423,general_news,2026-08-02T17:59:25+00:00,20,2026-08-02T18:20:20.849461+00:00,20.69,8190,0,0,telegram
akharinkhabar,623886,1959423,general_news,2026-08-02T17:59:25+00:00,30,2026-08-02T18:30:43.802504+00:00,31.09,11248,0,0,telegram
footballiapp,493192,49742,sport,2026-08-02T17:59:58+00:00,5,2026-08-02T18:05:40.196652+00:00,5.63,126,0,3,telegram
footballiapp,493192,49742,sport,2026-08-02T17:59:58+00:00,10,2026-08-02T18:11:07.203198+00:00,11.08,219,0,3,telegram
footballiapp,493192,49742,sport,2026-08-02T17:59:58+00:00,20,2026-08-02T18:20:11.794718+00:00,20.14,375,0,5,telegram
footballiapp,493192,49742,sport,2026-08-02T17:59:58+00:00,30,2026-08-02T18:30:35.092868+00:00,30.54,500,0,6,telegram
thezoomit,98293,129359,technology,2026-08-02T18:00:06+00:00,5,2026-08-02T18:05:35.764776+00:00,5.49,655,20,10,telegram
thezoomit,98293,129359,technology,2026-08-02T18:00:06+00:00,10,2026-08-02T18:11:02.808117+00:00,10.94,1031,25,16,telegram
thezoomit,98293,129359,technology,2026-08-02T18:00:06+00:00,20,2026-08-02T18:20:07.031009+00:00,20.01,1503,36,25,telegram
thezoomit,98293,129359,technology,2026-08-02T18:00:06+00:00,30,2026-08-02T18:30:30.673351+00:00,30.41,1876,44,27,telegram
tweetychannel,409687,774907,social_entertainment,2026-08-02T18:00:29+00:00,5,2026-08-02T18:05:47.371259+00:00,5.11,2030,87,0,telegram
tweetychannel,409687,774907,social_entertainment,2026-08-02T18:00:29+00:00,10,2026-08-02T18:11:14.270793+00:00,10.56,3056,123,0,telegram
tweetychannel,409687,774907,social_entertainment,2026-08-02T18:00:29+00:00,20,2026-08-02T18:21:37.566967+00:00,20.94,5087,164,0,telegram
tweetychannel,409687,774907,social_entertainment,2026-08-02T18:00:29+00:00,30,2026-08-02T18:30:42.312614+00:00,30.02,7106,200,35,telegram
khabarfouri,555922,4814534,general_news,2026-08-02T18:00:48+00:00,5,2026-08-02T18:06:55.986134+00:00,6.08,2049,0,0,telegram
khabarfouri,555922,4814534,general_news,2026-08-02T18:00:48+00:00,10,2026-08-02T18:11:05.700919+00:00,10.24,5111,0,0,telegram
khabarfouri,555922,4814534,general_news,2026-08-02T18:00:48+00:00,20,2026-08-02T18:21:28.568060+00:00,20.62,8144,0,0,telegram
khabarfouri,555922,4814534,general_news,2026-08-02T18:00:48+00:00,30,2026-08-02T18:31:52.521181+00:00,31.0,10178,0,0,telegram
khabarfouri,555923,4814534,general_news,2026-08-02T18:00:48+00:00,5,2026-08-02T18:06:55.985995+00:00,6.08,3055,0,0,telegram
khabarfouri,555923,4814534,general_news,2026-08-02T18:00:48+00:00,10,2026-08-02T18:11:05.700732+00:00,10.24,5111,0,0,telegram
khabarfouri,555923,4814534,general_news,2026-08-02T18:00:48+00:00,20,2026-08-02T18:21:28.568039+00:00,20.62,8146,0,0,telegram
khabarfouri,555923,4814534,general_news,2026-08-02T18:00:48+00:00,30,2026-08-02T18:31:52.521161+00:00,31.0,10177,0,0,telegram
khabarfouri,555924,4814534,general_news,2026-08-02T18:00:48+00:00,5,2026-08-02T18:06:55.985973+00:00,6.08,3055,0,0,telegram
khabarfouri,555924,4814534,general_news,2026-08-02T18:00:48+00:00,10,2026-08-02T18:11:05.700708+00:00,10.24,5110,0,0,telegram
khabarfouri,555924,4814534,general_news,2026-08-02T18:00:48+00:00,20,2026-08-02T18:21:28.567869+00:00,20.62,8145,0,0,telegram
khabarfouri,555924,4814534,general_news,2026-08-02T18:00:48+00:00,30,2026-08-02T18:31:52.521142+00:00,31.0,10178,0,0,telegram
khabarfouri,555925,4814534,general_news,2026-08-02T18:00:48+00:00,5,2026-08-02T18:06:55.985949+00:00,6.08,3051,0,0,telegram
khabarfouri,555925,4814534,general_news,2026-08-02T18:00:48+00:00,10,2026-08-02T18:11:05.700688+00:00,10.24,5111,0,0,telegram
khabarfouri,555925,4814534,general_news,2026-08-02T18:00:48+00:00,20,2026-08-02T18:21:28.567843+00:00,20.62,8147,0,0,telegram
khabarfouri,555925,4814534,general_news,2026-08-02T18:00:48+00:00,30,2026-08-02T18:31:52.521122+00:00,31.0,10181,0,0,telegram
khabarfouri,555926,4814534,general_news,2026-08-02T18:00:48+00:00,5,2026-08-02T18:06:55.985797+00:00,6.08,3053,0,0,telegram
khabarfouri,555926,4814534,general_news,2026-08-02T18:00:48+00:00,10,2026-08-02T18:11:05.700661+00:00,10.24,5113,0,0,telegram
khabarfouri,555926,4814534,general_news,2026-08-02T18:00:48+00:00,20,2026-08-02T18:21:28.567444+00:00,20.62,8147,0,0,telegram
khabarfouri,555926,4814534,general_news,2026-08-02T18:00:48+00:00,30,2026-08-02T18:31:52.521097+00:00,31.0,10181,0,0,telegram
farsna,454096,1804817,general_news,2026-08-02T18:01:04+00:00,5,2026-08-02T18:07:09.091325+00:00,5.81,1047,0,10,telegram
farsna,454096,1804817,general_news,2026-08-02T18:01:04+00:00,10,2026-08-02T18:12:35.720871+00:00,11.26,2008,0,10,telegram
farsna,454096,1804817,general_news,2026-08-02T18:01:04+00:00,20,2026-08-02T18:21:42.023823+00:00,20.35,3003,0,10,telegram
farsna,454096,1804817,general_news,2026-08-02T18:01:04+00:00,30,2026-08-02T18:32:06.362243+00:00,30.73,3709,0,10,telegram
akharinkhabar,623887,1959423,general_news,2026-08-02T18:01:22+00:00,5,2026-08-02T18:07:06.197616+00:00,5.51,3083,0,0,telegram
akharinkhabar,623887,1959423,general_news,2026-08-02T18:01:22+00:00,10,2026-08-02T18:12:32.871226+00:00,10.96,5140,0,0,telegram
akharinkhabar,623887,1959423,general_news,2026-08-02T18:01:22+00:00,20,2026-08-02T18:21:39.063508+00:00,20.05,8200,0,1,telegram
akharinkhabar,623887,1959423,general_news,2026-08-02T18:01:22+00:00,30,2026-08-02T18:32:03.373537+00:00,30.43,11267,0,1,telegram
tweetychannel,409688,774907,social_entertainment,2026-08-02T18:03:01+00:00,5,2026-08-02T18:08:40.044344+00:00,5.46,2034,0,0,telegram
tweetychannel,409688,774907,social_entertainment,2026-08-02T18:03:01+00:00,10,2026-08-02T18:13:48.860622+00:00,10.6,3059,0,0,telegram
tweetychannel,409688,774907,social_entertainment,2026-08-02T18:03:01+00:00,20,2026-08-02T18:24:13.592723+00:00,21.0,6119,0,0,telegram
tweetychannel,409688,774907,social_entertainment,2026-08-02T18:03:01+00:00,30,2026-08-02T18:33:20.633018+00:00,30.11,9145,0,0,telegram
footballiapp,493193,49742,sport,2026-08-02T18:03:47+00:00,5,2026-08-02T18:09:50.052869+00:00,5.98,96,0,1,telegram
footballiapp,493193,49742,sport,2026-08-02T18:03:47+00:00,10,2026-08-02T18:14:58.855596+00:00,11.12,222,0,2,telegram
footballiapp,493193,49742,sport,2026-08-02T18:03:47+00:00,20,2026-08-02T18:24:06.047439+00:00,20.24,407,0,2,telegram
footballiapp,493193,49742,sport,2026-08-02T18:03:47+00:00,30,2026-08-02T18:34:31.387489+00:00,30.66,529,0,2,telegram
footballiapp,493194,49742,sport,2026-08-02T18:03:48+00:00,5,2026-08-02T18:09:50.052492+00:00,5.96,96,0,1,telegram
footballiapp,493194,49742,sport,2026-08-02T18:03:48+00:00,10,2026-08-02T18:14:58.855577+00:00,11.1,222,0,2,telegram
footballiapp,493194,49742,sport,2026-08-02T18:03:48+00:00,20,2026-08-02T18:24:06.047422+00:00,20.22,408,0,2,telegram
footballiapp,493194,49742,sport,2026-08-02T18:03:48+00:00,30,2026-08-02T18:34:31.387469+00:00,30.64,529,0,2,telegram
footballiapp,493195,49742,sport,2026-08-02T18:03:48+00:00,5,2026-08-02T18:09:50.052424+00:00,5.96,97,0,1,telegram
footballiapp,493195,49742,sport,2026-08-02T18:03:48+00:00,10,2026-08-02T18:14:58.855551+00:00,11.1,222,0,2,telegram
footballiapp,493195,49742,sport,2026-08-02T18:03:48+00:00,20,2026-08-02T18:24:06.047401+00:00,20.22,408,0,2,telegram
footballiapp,493195,49742,sport,2026-08-02T18:03:48+00:00,30,2026-08-02T18:34:31.387445+00:00,30.64,499,0,2,telegram
footballiapp,493196,49742,sport,2026-08-02T18:03:48+00:00,5,2026-08-02T18:09:50.051604+00:00,5.96,127,0,1,telegram
footballiapp,493196,49742,sport,2026-08-02T18:03:48+00:00,10,2026-08-02T18:14:58.855279+00:00,11.1,222,0,2,telegram
footballiapp,493196,49742,sport,2026-08-02T18:03:48+00:00,20,2026-08-02T18:24:06.046999+00:00,20.22,407,0,2,telegram
footballiapp,493196,49742,sport,2026-08-02T18:03:48+00:00,30,2026-08-02T18:34:31.386939+00:00,30.64,499,0,2,telegram
tweetfrsi,21596,663661,entertainment,2026-08-02T18:03:51+00:00,5,2026-08-02T18:09:54.321868+00:00,5.91,1013,38,17,telegram
tweetfrsi,21596,663661,entertainment,2026-08-02T18:03:51+00:00,10,2026-08-02T18:15:03.154335+00:00,11.05,1535,61,20,telegram
tweetfrsi,21596,663661,entertainment,2026-08-02T18:03:51+00:00,20,2026-08-02T18:24:10.641906+00:00,20.17,2662,89,28,telegram
tweetfrsi,21596,663661,entertainment,2026-08-02T18:03:51+00:00,30,2026-08-02T18:34:35.874815+00:00,30.59,3306,106,32,telegram
farsna,454097,1804817,general_news,2026-08-02T18:04:04+00:00,5,2026-08-02T18:10:01.373089+00:00,5.69,1039,0,10,telegram
farsna,454097,1804817,general_news,2026-08-02T18:04:04+00:00,10,2026-08-02T18:15:10.270034+00:00,10.84,1696,0,10,telegram
farsna,454097,1804817,general_news,2026-08-02T18:04:04+00:00,20,2026-08-02T18:25:35.841625+00:00,21.26,3029,0,10,telegram
farsna,454097,1804817,general_news,2026-08-02T18:04:04+00:00,30,2026-08-02T18:34:43.392099+00:00,30.37,4035,0,10,telegram
akharinkhabar,623888,1959423,general_news,2026-08-02T18:04:30+00:00,5,2026-08-02T18:09:58.556647+00:00,5.26,3081,0,0,telegram
akharinkhabar,623888,1959423,general_news,2026-08-02T18:04:30+00:00,10,2026-08-02T18:15:07.419133+00:00,10.4,4118,0,0,telegram
akharinkhabar,623888,1959423,general_news,2026-08-02T18:04:30+00:00,20,2026-08-02T18:25:32.941492+00:00,20.82,8183,0,0,telegram
akharinkhabar,623888,1959423,general_news,2026-08-02T18:04:30+00:00,30,2026-08-02T18:35:58.502824+00:00,31.24,11240,0,0,telegram
tweetychannel,409689,774907,social_entertainment,2026-08-02T18:04:32+00:00,5,2026-08-02T18:09:57.135011+00:00,5.23,2041,22,0,telegram
tweetychannel,409689,774907,social_entertainment,2026-08-02T18:04:32+00:00,10,2026-08-02T18:15:05.982303+00:00,10.37,3067,34,34,telegram
tweetychannel,409689,774907,social_entertainment,2026-08-02T18:04:32+00:00,20,2026-08-02T18:25:31.463647+00:00,20.79,7132,56,71,telegram
tweetychannel,409689,774907,social_entertainment,2026-08-02T18:04:32+00:00,30,2026-08-02T18:35:57.003575+00:00,31.21,9158,66,105,telegram
tweetychannel,409690,774907,social_entertainment,2026-08-02T18:05:11+00:00,5,2026-08-02T18:11:14.270077+00:00,5.86,2044,92,35,telegram
tweetychannel,409690,774907,social_entertainment,2026-08-02T18:05:11+00:00,10,2026-08-02T18:16:22.956780+00:00,11.01,3066,124,35,telegram
tweetychannel,409690,774907,social_entertainment,2026-08-02T18:05:11+00:00,20,2026-08-02T18:25:31.463637+00:00,20.14,7134,164,69,telegram
tweetychannel,409690,774907,social_entertainment,2026-08-02T18:05:11+00:00,30,2026-08-02T18:35:57.003547+00:00,30.56,9162,184,69,telegram
khabarfouri,555927,4814534,general_news,2026-08-02T18:05:39+00:00,5,2026-08-02T18:11:05.700141+00:00,5.39,3051,0,34,telegram
khabarfouri,555927,4814534,general_news,2026-08-02T18:05:39+00:00,10,2026-08-02T18:16:14.481944+00:00,10.54,5105,0,34,telegram
khabarfouri,555927,4814534,general_news,2026-08-02T18:05:39+00:00,20,2026-08-02T18:26:40.423790+00:00,20.97,8146,0,68,telegram
khabarfouri,555927,4814534,general_news,2026-08-02T18:05:39+00:00,30,2026-08-02T18:35:47.946512+00:00,30.09,10179,0,68,telegram
eghtesadonline,354170,75239,economy,2026-08-02T18:06:22+00:00,5,2026-08-02T18:12:27.225234+00:00,5.96,428,0,0,telegram
eghtesadonline,354170,75239,economy,2026-08-02T18:06:22+00:00,10,2026-08-02T18:17:37.710092+00:00,11.11,709,0,0,telegram
eghtesadonline,354170,75239,economy,2026-08-02T18:06:22+00:00,20,2026-08-02T18:26:44.877563+00:00,20.25,1048,0,1,telegram
eghtesadonline,354170,75239,economy,2026-08-02T18:06:22+00:00,30,2026-08-02T18:37:10.653323+00:00,30.68,1696,1,1,telegram
khabarfouri,555928,4814534,general_news,2026-08-02T18:06:45+00:00,5,2026-08-02T18:12:23.001785+00:00,5.58,3050,0,0,telegram
khabarfouri,555928,4814534,general_news,2026-08-02T18:06:45+00:00,10,2026-08-02T18:17:32.817443+00:00,10.72,5106,0,0,telegram
khabarfouri,555928,4814534,general_news,2026-08-02T18:06:45+00:00,20,2026-08-02T18:27:58.074370+00:00,21.16,8143,0,0,telegram
khabarfouri,555928,4814534,general_news,2026-08-02T18:06:45+00:00,30,2026-08-02T18:37:06.167723+00:00,30.3,10177,0,0,telegram
varzesh3,298735,1296311,sport,2026-08-02T18:07:15+00:00,5,2026-08-02T18:12:25.815245+00:00,5.08,11402,0,2,telegram
varzesh3,298735,1296311,sport,2026-08-02T18:07:15+00:00,10,2026-08-02T18:17:36.148832+00:00,10.22,20688,0,2,telegram
varzesh3,298735,1296311,sport,2026-08-02T18:07:15+00:00,20,2026-08-02T18:28:01.129958+00:00,20.66,33168,0,2,telegram
varzesh3,298735,1296311,sport,2026-08-02T18:07:15+00:00,30,2026-08-02T18:38:27.255896+00:00,31.1,43524,0,2,telegram
footballiapp,493197,49742,sport,2026-08-02T18:10:00+00:00,5,2026-08-02T18:16:15.862270+00:00,6.19,159,0,2,telegram
footballiapp,493197,49742,sport,2026-08-02T18:10:00+00:00,10,2026-08-02T18:20:11.794507+00:00,10.11,251,0,2,telegram
footballiapp,493197,49742,sport,2026-08-02T18:10:00+00:00,20,2026-08-02T18:30:35.092073+00:00,20.51,436,0,3,telegram
footballiapp,493197,49742,sport,2026-08-02T18:10:00+00:00,30,2026-08-02T18:40:22.180437+00:00,30.29,529,0,4,telegram
farsna,454098,1804817,general_news,2026-08-02T18:12:26+00:00,5,2026-08-02T18:17:46.962036+00:00,5.04,971,0,1,telegram
farsna,454098,1804817,general_news,2026-08-02T18:12:26+00:00,10,2026-08-02T18:22:59.912822+00:00,10.29,1669,0,11,telegram
farsna,454098,1804817,general_news,2026-08-02T18:12:26+00:00,20,2026-08-02T18:33:25.183734+00:00,20.69,2709,0,11,telegram
farsna,454098,1804817,general_news,2026-08-02T18:12:26+00:00,30,2026-08-02T18:43:10.192858+00:00,30.46,4070,0,11,telegram
tweetychannel,409691,774907,social_entertainment,2026-08-02T18:13:04+00:00,5,2026-08-02T18:19:00.669404+00:00,5.74,2032,20,0,telegram
tweetychannel,409691,774907,social_entertainment,2026-08-02T18:13:04+00:00,10,2026-08-02T18:24:13.592677+00:00,10.95,5094,27,34,telegram
tweetychannel,409691,774907,social_entertainment,2026-08-02T18:13:04+00:00,20,2026-08-02T18:33:20.629574+00:00,20.06,8136,30,35,telegram
tweetychannel,409691,774907,social_entertainment,2026-08-02T18:13:04+00:00,30,2026-08-02T18:44:23.581484+00:00,31.12,10154,33,35,telegram
khabarfouri,555929,4814534,general_news,2026-08-02T18:13:54+00:00,5,2026-08-02T18:20:10.228961+00:00,6.21,2034,0,0,telegram
khabarfouri,555929,4814534,general_news,2026-08-02T18:13:54+00:00,10,2026-08-02T18:24:04.563861+00:00,10.12,4069,0,0,telegram
khabarfouri,555929,4814534,general_news,2026-08-02T18:13:54+00:00,20,2026-08-02T18:34:29.871544+00:00,20.54,7119,0,0,telegram
khabarfouri,555929,4814534,general_news,2026-08-02T18:13:54+00:00,30,2026-08-02T18:44:14.671827+00:00,30.29,10156,0,0,telegram
footballiapp,493198,49742,sport,2026-08-02T18:14:52+00:00,5,2026-08-02T18:20:11.794043+00:00,5.24,185,0,3,telegram
footballiapp,493198,49742,sport,2026-08-02T18:14:52+00:00,10,2026-08-02T18:25:24.127530+00:00,10.46,310,0,3,telegram
footballiapp,493198,49742,sport,2026-08-02T18:14:52+00:00,20,2026-08-02T18:35:49.444192+00:00,20.88,461,0,4,telegram
footballiapp,493198,49742,sport,2026-08-02T18:14:52+00:00,30,2026-08-02T18:45:34.323198+00:00,30.62,556,0,4,telegram
tweetfrsi,21597,663661,entertainment,2026-08-02T18:15:09+00:00,5,2026-08-02T18:21:34.521608+00:00,6.27,1166,56,35,telegram
tweetfrsi,21597,663661,entertainment,2026-08-02T18:15:09+00:00,10,2026-08-02T18:25:28.594779+00:00,10.17,1650,63,41,telegram
tweetfrsi,21597,663661,entertainment,2026-08-02T18:15:09+00:00,20,2026-08-02T18:35:53.998665+00:00,20.59,2384,83,56,telegram
tweetfrsi,21597,663661,entertainment,2026-08-02T18:15:09+00:00,30,2026-08-02T18:45:38.849434+00:00,30.34,3643,120,71,telegram
persiantwix,9543,1045661,entertainment,2026-08-02T18:15:10+00:00,5,2026-08-02T18:21:36.020207+00:00,6.25,2947,224,35,telegram
persiantwix,9543,1045661,entertainment,2026-08-02T18:15:10+00:00,10,2026-08-02T18:25:30.019679+00:00,10.16,4164,280,55,telegram
persiantwix,9543,1045661,entertainment,2026-08-02T18:15:10+00:00,20,2026-08-02T18:35:55.473780+00:00,20.58,6937,441,66,telegram
persiantwix,9543,1045661,entertainment,2026-08-02T18:15:10+00:00,30,2026-08-02T18:45:40.273625+00:00,30.32,8759,536,86,telegram
footballiapp,493199,49742,sport,2026-08-02T18:16:06+00:00,5,2026-08-02T18:21:30.031501+00:00,5.32,216,1,5,telegram
footballiapp,493199,49742,sport,2026-08-02T18:16:06+00:00,10,2026-08-02T18:26:41.904912+00:00,10.52,341,2,6,telegram
footballiapp,493199,49742,sport,2026-08-02T18:16:06+00:00,20,2026-08-02T18:37:07.674547+00:00,20.95,491,3,9,telegram
footballiapp,493199,49742,sport,2026-08-02T18:16:06+00:00,30,2026-08-02T18:46:52.250638+00:00,30.69,616,4,11,telegram
akharinkhabar,623889,1959423,general_news,2026-08-02T18:18:04+00:00,5,2026-08-02T18:24:15.147616+00:00,5.95,3076,0,0,telegram
akharinkhabar,623889,1959423,general_news,2026-08-02T18:18:04+00:00,10,2026-08-02T18:29:26.294157+00:00,11.14,5124,0,0,telegram
akharinkhabar,623889,1959423,general_news,2026-08-02T18:18:04+00:00,20,2026-08-02T18:38:34.642264+00:00,20.28,8181,0,0,telegram
akharinkhabar,623889,1959423,general_news,2026-08-02T18:18:04+00:00,30,2026-08-02T18:48:18.863797+00:00,30.02,11264,0,0,telegram
tweetychannel,409692,774907,social_entertainment,2026-08-02T18:18:15+00:00,5,2026-08-02T18:24:13.592093+00:00,5.77,4080,228,37,telegram
tweetychannel,409692,774907,social_entertainment,2026-08-02T18:18:15+00:00,10,2026-08-02T18:29:24.812437+00:00,10.96,6116,260,72,telegram
tweetychannel,409692,774907,social_entertainment,2026-08-02T18:18:15+00:00,20,2026-08-02T18:38:33.161944+00:00,20.1,9142,297,73,telegram
tweetychannel,409692,774907,social_entertainment,2026-08-02T18:18:15+00:00,30,2026-08-02T18:49:35.440865+00:00,31.13,11159,331,73,telegram
akharinkhabar,623890,1959423,general_news,2026-08-02T18:18:44+00:00,5,2026-08-02T18:24:15.147415+00:00,5.29,3069,0,1,telegram
akharinkhabar,623890,1959423,general_news,2026-08-02T18:18:44+00:00,10,2026-08-02T18:29:26.293671+00:00,10.48,5113,0,1,telegram
akharinkhabar,623890,1959423,general_news,2026-08-02T18:18:44+00:00,20,2026-08-02T18:40:31.057075+00:00,21.56,8195,0,1,telegram
akharinkhabar,623890,1959423,general_news,2026-08-02T18:18:44+00:00,30,2026-08-02T18:49:36.943872+00:00,30.65,12281,0,1,telegram
tweetychannel,409693,774907,social_entertainment,2026-08-02T18:20:09+00:00,5,2026-08-02T18:25:31.463409+00:00,5.17,2053,83,2,telegram
tweetychannel,409693,774907,social_entertainment,2026-08-02T18:20:09+00:00,10,2026-08-02T18:30:42.312538+00:00,10.36,6105,111,36,telegram
tweetychannel,409693,774907,social_entertainment,2026-08-02T18:20:09+00:00,20,2026-08-02T18:40:29.525818+00:00,20.14,8122,134,36,telegram
tweetychannel,409693,774907,social_entertainment,2026-08-02T18:20:09+00:00,30,2026-08-02T18:50:53.224800+00:00,30.53,10141,166,36,telegram
khabarfouri,555930,4814534,general_news,2026-08-02T18:21:34+00:00,5,2026-08-02T18:26:40.422239+00:00,5.05,2036,0,0,telegram
khabarfouri,555930,4814534,general_news,2026-08-02T18:21:34+00:00,10,2026-08-02T18:31:52.520918+00:00,10.23,5080,0,0,telegram
khabarfouri,555930,4814534,general_news,2026-08-02T18:21:34+00:00,20,2026-08-02T18:41:38.570736+00:00,20.02,8126,0,0,telegram
khabarfouri,555930,4814534,general_news,2026-08-02T18:21:34+00:00,30,2026-08-02T18:52:03.561516+00:00,30.42,10173,0,0,telegram
tweetychannel,409694,774907,social_entertainment,2026-08-02T18:22:24+00:00,5,2026-08-02T18:28:07.068170+00:00,5.51,3057,108,1,telegram
tweetychannel,409694,774907,social_entertainment,2026-08-02T18:22:24+00:00,10,2026-08-02T18:33:20.629522+00:00,10.73,6103,140,1,telegram
tweetychannel,409694,774907,social_entertainment,2026-08-02T18:22:24+00:00,20,2026-08-02T18:43:05.663687+00:00,20.49,8114,168,1,telegram
tweetychannel,409694,774907,social_entertainment,2026-08-02T18:22:24+00:00,30,2026-08-02T18:53:30.557484+00:00,30.91,10134,196,1,telegram
tweetychannel,409695,774907,social_entertainment,2026-08-02T18:25:27+00:00,5,2026-08-02T18:30:42.311992+00:00,5.06,4072,14,35,telegram
tweetychannel,409695,774907,social_entertainment,2026-08-02T18:25:27+00:00,10,2026-08-02T18:35:57.003049+00:00,10.29,6090,28,69,telegram
tweetychannel,409695,774907,social_entertainment,2026-08-02T18:25:27+00:00,20,2026-08-02T18:45:41.779146+00:00,20.04,8109,41,69,telegram
tweetychannel,409695,774907,social_entertainment,2026-08-02T18:25:27+00:00,30,2026-08-02T18:56:12.521439+00:00,30.51,10130,56,69,telegram
tweetychannel,409696,774907,social_entertainment,2026-08-02T18:26:04+00:00,5,2026-08-02T18:32:01.836534+00:00,5.73,5078,41,36,telegram
tweetychannel,409696,774907,social_entertainment,2026-08-02T18:26:04+00:00,10,2026-08-02T18:37:15.231702+00:00,10.98,6096,46,36,telegram
tweetychannel,409696,774907,social_entertainment,2026-08-02T18:26:04+00:00,20,2026-08-02T18:46:59.532090+00:00,20.72,9121,55,70,telegram
tweetychannel,409696,774907,social_entertainment,2026-08-02T18:26:04+00:00,30,2026-08-02T18:57:31.862783+00:00,31.24,11144,72,70,telegram
footballiapp,493200,49742,sport,2026-08-02T18:27:22+00:00,5,2026-08-02T18:33:12.755406+00:00,5.76,122,1,0,telegram
footballiapp,493200,49742,sport,2026-08-02T18:27:22+00:00,10,2026-08-02T18:38:25.694435+00:00,10.98,214,2,0,telegram
footballiapp,493200,49742,sport,2026-08-02T18:27:22+00:00,20,2026-08-02T18:48:09.930681+00:00,20.72,398,2,0,telegram
footballiapp,493200,49742,sport,2026-08-02T18:27:22+00:00,30,2026-08-02T18:58:42.425699+00:00,31.26,553,2,0,telegram
tweetychannel,409697,774907,social_entertainment,2026-08-02T18:27:56+00:00,5,2026-08-02T18:33:20.629353+00:00,5.19,5077,273,346,telegram
tweetychannel,409697,774907,social_entertainment,2026-08-02T18:27:56+00:00,10,2026-08-02T18:38:33.161866+00:00,10.41,6093,323,414,telegram
tweetychannel,409697,774907,social_entertainment,2026-08-02T18:27:56+00:00,20,2026-08-02T18:48:17.382322+00:00,20.15,9130,415,483,telegram
tweetychannel,409697,774907,social_entertainment,2026-08-02T18:27:56+00:00,30,2026-08-02T18:58:49.944356+00:00,30.69,12191,491,551,telegram
footballiapp,493201,49742,sport,2026-08-02T18:29:58+00:00,5,2026-08-02T18:35:49.443983+00:00,5.78,122,0,2,telegram
footballiapp,493201,49742,sport,2026-08-02T18:29:58+00:00,10,2026-08-02T18:40:22.180076+00:00,10.32,246,0,2,telegram
footballiapp,493201,49742,sport,2026-08-02T18:29:58+00:00,20,2026-08-02T18:50:45.903195+00:00,20.72,461,0,2,telegram
footballiapp,493201,49742,sport,2026-08-02T18:29:58+00:00,30,2026-08-02T19:01:18.607750+00:00,31.26,616,0,2,telegram
persiantwix,9544,1045661,entertainment,2026-08-02T18:30:00+00:00,5,2026-08-02T18:35:55.473141+00:00,5.74,2771,329,20,telegram
persiantwix,9544,1045661,entertainment,2026-08-02T18:30:00+00:00,10,2026-08-02T18:40:28.033590+00:00,10.29,3990,485,30,telegram
persiantwix,9544,1045661,entertainment,2026-08-02T18:30:00+00:00,20,2026-08-02T18:50:51.758917+00:00,20.68,5822,713,41,telegram
persiantwix,9544,1045661,entertainment,2026-08-02T18:30:00+00:00,30,2026-08-02T19:01:24.497018+00:00,31.23,8467,890,55,telegram
thezoomit,98294,129359,technology,2026-08-02T18:30:09+00:00,5,2026-08-02T18:35:44.904825+00:00,5.59,686,9,9,telegram
thezoomit,98294,129359,technology,2026-08-02T18:30:09+00:00,10,2026-08-02T18:40:17.635225+00:00,10.14,931,15,9,telegram
thezoomit,98294,129359,technology,2026-08-02T18:30:09+00:00,20,2026-08-02T18:50:41.383047+00:00,20.53,1399,24,13,telegram
thezoomit,98294,129359,technology,2026-08-02T18:30:09+00:00,30,2026-08-02T19:01:14.085660+00:00,31.08,1990,32,15,telegram
thezoomit,98295,129359,technology,2026-08-02T18:30:09+00:00,5,2026-08-02T18:35:44.904810+00:00,5.59,748,0,9,telegram
thezoomit,98295,129359,technology,2026-08-02T18:30:09+00:00,10,2026-08-02T18:40:17.635199+00:00,10.14,1054,0,9,telegram
thezoomit,98295,129359,technology,2026-08-02T18:30:09+00:00,20,2026-08-02T18:50:41.382559+00:00,20.53,1553,0,13,telegram
thezoomit,98295,129359,technology,2026-08-02T18:30:09+00:00,30,2026-08-02T19:01:14.085642+00:00,31.08,2205,0,15,telegram
thezoomit,98296,129359,technology,2026-08-02T18:30:09+00:00,5,2026-08-02T18:35:44.904518+00:00,5.59,716,0,9,telegram
thezoomit,98296,129359,technology,2026-08-02T18:30:09+00:00,10,2026-08-02T18:40:17.634408+00:00,10.14,993,0,9,telegram
thezoomit,98296,129359,technology,2026-08-02T18:30:09+00:00,20,2026-08-02T18:50:41.381827+00:00,20.53,1553,0,13,telegram
thezoomit,98296,129359,technology,2026-08-02T18:30:09+00:00,30,2026-08-02T19:01:14.085625+00:00,31.08,2205,0,15,telegram
farsna,454099,1804817,general_news,2026-08-02T18:30:25+00:00,5,2026-08-02T18:36:01.512698+00:00,5.33,1055,0,24,telegram
farsna,454099,1804817,general_news,2026-08-02T18:30:25+00:00,10,2026-08-02T18:41:52.106798+00:00,11.17,2049,0,34,telegram
farsna,454099,1804817,general_news,2026-08-02T18:30:25+00:00,20,2026-08-02T18:50:57.789709+00:00,20.27,3076,0,44,telegram
farsna,454099,1804817,general_news,2026-08-02T18:30:25+00:00,30,2026-08-02T19:01:30.433307+00:00,30.81,4701,0,54,telegram
eghtesadonline,354171,75239,economy,2026-08-02T18:31:08+00:00,5,2026-08-02T18:37:10.652789+00:00,5.91,648,5,3,telegram
eghtesadonline,354171,75239,economy,2026-08-02T18:31:08+00:00,10,2026-08-02T18:41:43.183339+00:00,10.45,985,11,3,telegram
eghtesadonline,354171,75239,economy,2026-08-02T18:31:08+00:00,20,2026-08-02T18:52:08.200733+00:00,20.85,1641,15,5,telegram
eghtesadonline,354171,75239,economy,2026-08-02T18:31:08+00:00,30,2026-08-02T19:01:21.547312+00:00,30.1,1889,18,5,telegram
khabarfouri,555931,4814534,general_news,2026-08-02T18:31:36+00:00,5,2026-08-02T18:37:06.167526+00:00,5.45,2047,0,0,telegram
khabarfouri,555931,4814534,general_news,2026-08-02T18:31:36+00:00,10,2026-08-02T18:42:56.597256+00:00,11.29,5086,0,0,telegram
khabarfouri,555931,4814534,general_news,2026-08-02T18:31:36+00:00,20,2026-08-02T18:52:03.561023+00:00,20.38,7135,0,0,telegram
khabarfouri,555931,4814534,general_news,2026-08-02T18:31:36+00:00,30,2026-08-02T19:02:34.901968+00:00,30.93,9178,0,0,telegram
thezoomit,98297,129359,technology,2026-08-02T18:31:37+00:00,5,2026-08-02T18:37:03.063943+00:00,5.43,718,29,28,telegram
thezoomit,98297,129359,technology,2026-08-02T18:31:37+00:00,10,2026-08-02T18:42:53.589676+00:00,11.27,1062,45,43,telegram
thezoomit,98297,129359,technology,2026-08-02T18:31:37+00:00,20,2026-08-02T18:52:00.519846+00:00,20.37,1683,63,53,telegram
thezoomit,98297,129359,technology,2026-08-02T18:31:37+00:00,30,2026-08-02T19:02:31.922049+00:00,30.91,2402,74,56,telegram
tweetychannel,409698,774907,social_entertainment,2026-08-02T18:33:01+00:00,5,2026-08-02T18:38:33.161376+00:00,5.33,2026,1,0,telegram
tweetychannel,409698,774907,social_entertainment,2026-08-02T18:33:01+00:00,10,2026-08-02T18:44:23.580857+00:00,11.17,4055,4,0,telegram
tweetychannel,409698,774907,social_entertainment,2026-08-02T18:33:01+00:00,20,2026-08-02T18:53:30.557450+00:00,20.29,7085,5,0,telegram
tweetychannel,409698,774907,social_entertainment,2026-08-02T18:33:01+00:00,30,2026-08-02T19:04:01.479676+00:00,30.8,10127,6,0,telegram
tweetfrsi,21598,663661,entertainment,2026-08-02T18:34:55+00:00,5,2026-08-02T18:40:26.585455+00:00,5.37,1201,44,18,telegram
tweetfrsi,21598,663661,entertainment,2026-08-02T18:34:55+00:00,10,2026-08-02T18:45:38.848911+00:00,10.57,1780,72,20,telegram
tweetfrsi,21598,663661,entertainment,2026-08-02T18:34:55+00:00,20,2026-08-02T18:56:09.377790+00:00,21.04,2613,101,29,telegram
tweetfrsi,21598,663661,entertainment,2026-08-02T18:34:55+00:00,30,2026-08-02T19:05:16.471687+00:00,30.2,3686,131,37,telegram
footballiapp,493202,49742,sport,2026-08-02T18:37:27+00:00,5,2026-08-02T18:42:58.106087+00:00,5.44,185,6,3,telegram
footballiapp,493202,49742,sport,2026-08-02T18:37:27+00:00,10,2026-08-02T18:48:09.930313+00:00,10.64,278,6,4,telegram
footballiapp,493202,49742,sport,2026-08-02T18:37:27+00:00,20,2026-08-02T18:58:42.425639+00:00,21.18,495,6,7,telegram
footballiapp,493202,49742,sport,2026-08-02T18:37:27+00:00,30,2026-08-02T19:07:48.254444+00:00,30.27,649,6,10,telegram
akharinkhabar,623891,1959423,general_news,2026-08-02T18:39:25+00:00,5,2026-08-02T18:45:43.241559+00:00,6.07,3093,0,2,telegram
akharinkhabar,623891,1959423,general_news,2026-08-02T18:39:25+00:00,10,2026-08-02T18:50:54.761477+00:00,11.27,5141,0,2,telegram
akharinkhabar,623891,1959423,general_news,2026-08-02T18:39:25+00:00,20,2026-08-02T19:00:09.545310+00:00,20.51,9205,0,2,telegram
akharinkhabar,623891,1959423,general_news,2026-08-02T18:39:25+00:00,30,2026-08-02T19:11:59.835708+00:00,32.32,11256,0,2,telegram
tweetychannel,409699,774907,social_entertainment,2026-08-02T18:40:18+00:00,5,2026-08-02T18:45:41.778588+00:00,5.19,3045,135,34,telegram
tweetychannel,409699,774907,social_entertainment,2026-08-02T18:40:18+00:00,10,2026-08-02T18:50:53.224283+00:00,10.38,4063,226,34,telegram
tweetychannel,409699,774907,social_entertainment,2026-08-02T18:40:18+00:00,20,2026-08-02T19:01:25.940112+00:00,20.93,9118,300,35,telegram
tweetychannel,409699,774907,social_entertainment,2026-08-02T18:40:18+00:00,30,2026-08-02T19:11:58.207701+00:00,31.44,10135,332,69,telegram
akharinkhabar,623892,1959423,general_news,2026-08-02T18:43:21+00:00,5,2026-08-02T18:49:36.943319+00:00,6.03,3065,0,0,telegram
akharinkhabar,623892,1959423,general_news,2026-08-02T18:43:21+00:00,10,2026-08-02T18:54:51.055842+00:00,11.25,5111,0,0,telegram
akharinkhabar,623892,1959423,general_news,2026-08-02T18:43:21+00:00,20,2026-08-02T19:04:02.954694+00:00,20.47,8174,0,0,telegram
akharinkhabar,623892,1959423,general_news,2026-08-02T18:43:21+00:00,30,2026-08-02T19:14:37.695300+00:00,31.03,12226,0,0,telegram
eghtesadonline,354172,75239,economy,2026-08-02T18:47:19+00:00,5,2026-08-02T18:53:26.203553+00:00,5.99,499,0,5,telegram
eghtesadonline,354172,75239,economy,2026-08-02T18:47:19+00:00,10,2026-08-02T18:58:45.447819+00:00,11.31,744,0,5,telegram
eghtesadonline,354172,75239,economy,2026-08-02T18:47:19+00:00,20,2026-08-02T19:07:51.511057+00:00,20.41,1300,0,7,telegram
eghtesadonline,354172,75239,economy,2026-08-02T18:47:19+00:00,30,2026-08-02T19:18:26.068709+00:00,30.99,1795,0,7,telegram
tweetychannel,409700,774907,social_entertainment,2026-08-02T18:47:29+00:00,5,2026-08-02T18:53:30.557057+00:00,5.83,2034,40,34,telegram
tweetychannel,409700,774907,social_entertainment,2026-08-02T18:47:29+00:00,10,2026-08-02T18:58:49.944314+00:00,11.14,5082,67,68,telegram
tweetychannel,409700,774907,social_entertainment,2026-08-02T18:47:29+00:00,20,2026-08-02T19:07:55.872779+00:00,20.24,8108,79,68,telegram
tweetychannel,409700,774907,social_entertainment,2026-08-02T18:47:29+00:00,30,2026-08-02T19:18:30.515441+00:00,30.82,9129,91,103,telegram
eghtesadonline,354173,75239,economy,2026-08-02T18:48:02+00:00,5,2026-08-02T18:53:26.203252+00:00,5.28,442,1,0,telegram
eghtesadonline,354173,75239,economy,2026-08-02T18:48:02+00:00,10,2026-08-02T18:58:45.447137+00:00,10.59,689,1,0,telegram
eghtesadonline,354173,75239,economy,2026-08-02T18:48:02+00:00,20,2026-08-02T19:09:09.600309+00:00,20.99,1520,1,0,telegram
eghtesadonline,354173,75239,economy,2026-08-02T18:48:02+00:00,30,2026-08-02T19:18:26.067737+00:00,30.27,1890,1,0,telegram
farsna,454100,1804817,general_news,2026-08-02T18:49:27+00:00,5,2026-08-02T18:54:56.344792+00:00,5.15,1008,0,11,telegram
farsna,454100,1804817,general_news,2026-08-02T18:49:27+00:00,10,2026-08-02T19:00:12.546943+00:00,10.48,2023,0,11,telegram
farsna,454100,1804817,general_news,2026-08-02T18:49:27+00:00,20,2026-08-02T19:12:03.219260+00:00,22.29,3386,0,21,telegram
farsna,454100,1804817,general_news,2026-08-02T18:49:27+00:00,30,2026-08-02T19:19:53.129498+00:00,30.15,4048,0,21,telegram
footballiapp,493203,49742,sport,2026-08-02T18:50:04+00:00,5,2026-08-02T18:56:04.557340+00:00,5.89,186,0,2,telegram
footballiapp,493203,49742,sport,2026-08-02T18:50:04+00:00,10,2026-08-02T19:01:18.607206+00:00,11.16,310,0,2,telegram
footballiapp,493203,49742,sport,2026-08-02T18:50:04+00:00,20,2026-08-02T19:11:50.410533+00:00,21.67,525,0,2,telegram
footballiapp,493203,49742,sport,2026-08-02T18:50:04+00:00,30,2026-08-02T19:20:59.244932+00:00,30.84,652,1,4,telegram
thezoomit,98298,129359,technology,2026-08-02T18:50:09+00:00,5,2026-08-02T18:55:58.919733+00:00,5.81,870,8,19,telegram
thezoomit,98298,129359,technology,2026-08-02T18:50:09+00:00,10,2026-08-02T19:01:14.085584+00:00,11.08,1339,15,21,telegram
thezoomit,98298,129359,technology,2026-08-02T18:50:09+00:00,20,2026-08-02T19:11:45.205723+00:00,21.59,1897,17,26,telegram
thezoomit,98298,129359,technology,2026-08-02T18:50:09+00:00,30,2026-08-02T19:20:54.670532+00:00,30.76,2239,24,27,telegram
thezoomit,98299,129359,technology,2026-08-02T18:50:09+00:00,5,2026-08-02T18:55:58.919722+00:00,5.81,774,0,19,telegram
thezoomit,98299,129359,technology,2026-08-02T18:50:09+00:00,10,2026-08-02T19:01:14.085564+00:00,11.08,1368,0,21,telegram
thezoomit,98299,129359,technology,2026-08-02T18:50:09+00:00,20,2026-08-02T19:11:45.205710+00:00,21.59,2051,0,26,telegram
thezoomit,98299,129359,technology,2026-08-02T18:50:09+00:00,30,2026-08-02T19:20:54.670509+00:00,30.76,2454,0,27,telegram
thezoomit,98300,129359,technology,2026-08-02T18:50:10+00:00,5,2026-08-02T18:55:58.919310+00:00,5.79,808,0,19,telegram
thezoomit,98300,129359,technology,2026-08-02T18:50:10+00:00,10,2026-08-02T19:01:14.085161+00:00,11.06,1368,0,21,telegram
thezoomit,98300,129359,technology,2026-08-02T18:50:10+00:00,20,2026-08-02T19:11:45.205695+00:00,21.57,2053,0,26,telegram
thezoomit,98300,129359,technology,2026-08-02T18:50:10+00:00,30,2026-08-02T19:20:54.670463+00:00,30.74,2486,0,27,telegram
akharinkhabar,623893,1959423,general_news,2026-08-02T18:51:44+00:00,5,2026-08-02T18:57:33.348671+00:00,5.57,3064,0,0,telegram
akharinkhabar,623893,1959423,general_news,2026-08-02T18:51:44+00:00,10,2026-08-02T19:02:45.112365+00:00,10.79,5107,0,0,telegram
akharinkhabar,623893,1959423,general_news,2026-08-02T18:51:44+00:00,20,2026-08-02T19:11:59.835685+00:00,20.0,7171,0,0,telegram
akharinkhabar,623893,1959423,general_news,2026-08-02T18:51:44+00:00,30,2026-08-02T19:22:26.376391+00:00,30.47,11239,0,0,telegram
akharinkhabar,623894,1959423,general_news,2026-08-02T18:51:44+00:00,5,2026-08-02T18:57:33.348315+00:00,5.57,3067,0,0,telegram
akharinkhabar,623894,1959423,general_news,2026-08-02T18:51:44+00:00,10,2026-08-02T19:02:45.111417+00:00,10.79,5107,0,0,telegram
akharinkhabar,623894,1959423,general_news,2026-08-02T18:51:44+00:00,20,2026-08-02T19:11:59.835348+00:00,20.0,8169,0,0,telegram
akharinkhabar,623894,1959423,general_news,2026-08-02T18:51:44+00:00,30,2026-08-02T19:22:26.375885+00:00,30.47,11244,0,0,telegram
footballiapp,493204,49742,sport,2026-08-02T18:53:18+00:00,5,2026-08-02T18:58:42.423295+00:00,5.33,186,0,5,telegram
footballiapp,493204,49742,sport,2026-08-02T18:53:18+00:00,10,2026-08-02T19:03:54.113141+00:00,10.52,279,1,5,telegram
footballiapp,493204,49742,sport,2026-08-02T18:53:18+00:00,20,2026-08-02T19:14:28.236175+00:00,21.08,526,6,9,telegram
footballiapp,493204,49742,sport,2026-08-02T18:53:18+00:00,30,2026-08-02T19:23:35.484959+00:00,30.21,651,6,9,telegram
akharinkhabar,623895,1959423,general_news,2026-08-02T18:53:25+00:00,5,2026-08-02T18:58:51.569178+00:00,5.21,2067,0,0,telegram
akharinkhabar,623895,1959423,general_news,2026-08-02T18:53:25+00:00,10,2026-08-02T19:04:02.954198+00:00,10.4,4111,0,0,telegram
akharinkhabar,623895,1959423,general_news,2026-08-02T18:53:25+00:00,20,2026-08-02T19:14:37.694404+00:00,20.97,7172,0,0,telegram
akharinkhabar,623895,1959423,general_news,2026-08-02T18:53:25+00:00,30,2026-08-02T19:23:44.399564+00:00,30.09,11256,0,0,telegram
tweetychannel,409701,774907,social_entertainment,2026-08-02T18:53:25+00:00,5,2026-08-02T18:58:49.944203+00:00,5.21,4069,183,69,telegram
tweetychannel,409701,774907,social_entertainment,2026-08-02T18:53:25+00:00,10,2026-08-02T19:04:01.479648+00:00,10.4,6101,245,69,telegram
tweetychannel,409701,774907,social_entertainment,2026-08-02T18:53:25+00:00,20,2026-08-02T19:14:36.173490+00:00,20.97,8124,307,104,telegram
tweetychannel,409701,774907,social_entertainment,2026-08-02T18:53:25+00:00,30,2026-08-02T19:23:42.937465+00:00,30.09,9138,333,104,telegram
varzesh3,298736,1296311,sport,2026-08-02T18:54:35+00:00,5,2026-08-02T19:00:02.087998+00:00,5.35,12413,0,70,telegram
varzesh3,298736,1296311,sport,2026-08-02T18:54:35+00:00,10,2026-08-02T19:05:13.586200+00:00,10.54,19667,0,139,telegram
varzesh3,298736,1296311,sport,2026-08-02T18:54:35+00:00,20,2026-08-02T19:15:48.319311+00:00,21.11,32085,0,209,telegram
varzesh3,298736,1296311,sport,2026-08-02T18:54:35+00:00,30,2026-08-02T19:24:54.944386+00:00,30.23,40360,0,278,telegram
tweetychannel,409702,774907,social_entertainment,2026-08-02T18:55:49+00:00,5,2026-08-02T19:01:25.940056+00:00,5.41,4076,200,107,telegram
tweetychannel,409702,774907,social_entertainment,2026-08-02T18:55:49+00:00,10,2026-08-02T19:06:37.587955+00:00,10.6,6098,264,175,telegram
tweetychannel,409702,774907,social_entertainment,2026-08-02T18:55:49+00:00,20,2026-08-02T19:17:12.386588+00:00,21.19,8120,323,209,telegram
tweetychannel,409702,774907,social_entertainment,2026-08-02T18:55:49+00:00,30,2026-08-02T19:26:18.692124+00:00,30.29,9142,356,209,telegram
tweetychannel,409703,774907,social_entertainment,2026-08-02T18:57:02+00:00,5,2026-08-02T19:02:43.642942+00:00,5.49,4066,45,34,telegram
tweetychannel,409703,774907,social_entertainment,2026-08-02T18:57:02+00:00,10,2026-08-02T19:07:55.872686+00:00,10.69,6085,61,34,telegram
tweetychannel,409703,774907,social_entertainment,2026-08-02T18:57:02+00:00,20,2026-08-02T19:18:30.515401+00:00,21.27,7105,76,68,telegram
tweetychannel,409703,774907,social_entertainment,2026-08-02T18:57:02+00:00,30,2026-08-02T19:27:36.345766+00:00,30.37,8119,86,68,telegram
farsna,454101,1804817,general_news,2026-08-02T18:57:04+00:00,5,2026-08-02T19:02:47.990043+00:00,5.46,1370,0,10,telegram
farsna,454101,1804817,general_news,2026-08-02T18:57:04+00:00,10,2026-08-02T19:08:00.294632+00:00,10.66,2040,0,21,telegram
farsna,454101,1804817,general_news,2026-08-02T18:57:04+00:00,20,2026-08-02T19:18:34.959415+00:00,21.24,3363,0,21,telegram
farsna,454101,1804817,general_news,2026-08-02T18:57:04+00:00,30,2026-08-02T19:27:40.684635+00:00,30.34,4043,0,31,telegram
tweetychannel,409704,774907,social_entertainment,2026-08-02T18:58:00+00:00,5,2026-08-02T19:04:01.479546+00:00,5.82,4057,95,0,telegram
tweetychannel,409704,774907,social_entertainment,2026-08-02T18:58:00+00:00,10,2026-08-02T19:09:14.021703+00:00,11.02,6079,115,0,telegram
tweetychannel,409704,774907,social_entertainment,2026-08-02T18:58:00+00:00,20,2026-08-02T19:18:30.515374+00:00,20.3,8104,140,0,telegram
tweetychannel,409704,774907,social_entertainment,2026-08-02T18:58:00+00:00,30,2026-08-02T19:28:54.256220+00:00,30.7,9120,150,0,telegram
persiantwix,9545,1045661,entertainment,2026-08-02T19:00:00+00:00,5,2026-08-02T19:05:17.995443+00:00,5.12,3879,547,29,telegram
persiantwix,9545,1045661,entertainment,2026-08-02T19:00:00+00:00,10,2026-08-02T19:11:56.593099+00:00,11.74,6333,891,49,telegram
persiantwix,9545,1045661,entertainment,2026-08-02T19:00:00+00:00,20,2026-08-02T19:21:05.203727+00:00,20.91,8482,1143,49,telegram
persiantwix,9545,1045661,entertainment,2026-08-02T19:00:00+00:00,30,2026-08-02T19:31:28.482563+00:00,31.3,10914,1375,59,telegram
thezoomit,98301,129359,technology,2026-08-02T19:00:09+00:00,5,2026-08-02T19:06:25.410976+00:00,6.27,871,9,6,telegram
thezoomit,98301,129359,technology,2026-08-02T19:00:09+00:00,10,2026-08-02T19:11:45.204914+00:00,11.59,1247,11,8,telegram
thezoomit,98301,129359,technology,2026-08-02T19:00:09+00:00,20,2026-08-02T19:20:54.669217+00:00,20.76,1741,17,13,telegram
thezoomit,98301,129359,technology,2026-08-02T19:00:09+00:00,30,2026-08-02T19:31:18.128965+00:00,31.15,2212,21,15,telegram
tweetfrsi,21599,663661,entertainment,2026-08-02T19:00:51+00:00,5,2026-08-02T19:06:34.520970+00:00,5.57,1317,60,10,telegram
tweetfrsi,21599,663661,entertainment,2026-08-02T19:00:51+00:00,10,2026-08-02T19:11:55.104018+00:00,10.89,2115,84,20,telegram
tweetfrsi,21599,663661,entertainment,2026-08-02T19:00:51+00:00,20,2026-08-02T19:21:03.712854+00:00,20.06,2942,119,26,telegram
tweetfrsi,21599,663661,entertainment,2026-08-02T19:00:51+00:00,30,2026-08-02T19:31:27.058226+00:00,30.45,3699,144,29,telegram
tweetychannel,409705,774907,social_entertainment,2026-08-02T19:01:01+00:00,5,2026-08-02T19:06:37.587523+00:00,5.4,3038,4,0,telegram
tweetychannel,409705,774907,social_entertainment,2026-08-02T19:01:01+00:00,10,2026-08-02T19:11:58.207680+00:00,10.72,5058,4,0,telegram
tweetychannel,409705,774907,social_entertainment,2026-08-02T19:01:01+00:00,20,2026-08-02T19:22:24.810377+00:00,21.19,7094,4,0,telegram
tweetychannel,409705,774907,social_entertainment,2026-08-02T19:01:01+00:00,30,2026-08-02T19:31:29.970395+00:00,30.28,8104,8,0,telegram
tweetychannel,409706,774907,social_entertainment,2026-08-02T19:01:03+00:00,5,2026-08-02T19:06:37.587103+00:00,5.37,3035,116,35,telegram
tweetychannel,409706,774907,social_entertainment,2026-08-02T19:01:03+00:00,10,2026-08-02T19:11:58.207671+00:00,10.69,5060,154,35,telegram
tweetychannel,409706,774907,social_entertainment,2026-08-02T19:01:03+00:00,20,2026-08-02T19:22:24.810356+00:00,21.16,7095,203,35,telegram
tweetychannel,409706,774907,social_entertainment,2026-08-02T19:01:03+00:00,30,2026-08-02T19:31:29.970369+00:00,30.25,9109,230,69,telegram
farsna,454102,1804817,general_news,2026-08-02T19:01:04+00:00,5,2026-08-02T19:06:42.095478+00:00,5.35,1041,0,0,telegram
farsna,454102,1804817,general_news,2026-08-02T19:01:04+00:00,10,2026-08-02T19:12:03.219136+00:00,10.67,1717,0,11,telegram
farsna,454102,1804817,general_news,2026-08-02T19:01:04+00:00,20,2026-08-02T19:22:29.371164+00:00,21.14,3033,0,11,telegram
farsna,454102,1804817,general_news,2026-08-02T19:01:04+00:00,30,2026-08-02T19:31:34.424479+00:00,30.23,4020,0,11,telegram
tweetychannel,409707,774907,social_entertainment,2026-08-02T19:02:01+00:00,5,2026-08-02T19:07:55.872089+00:00,5.71,3043,56,34,telegram
tweetychannel,409707,774907,social_entertainment,2026-08-02T19:02:01+00:00,10,2026-08-02T19:13:17.280897+00:00,11.06,5066,75,34,telegram
tweetychannel,409707,774907,social_entertainment,2026-08-02T19:02:01+00:00,20,2026-08-02T19:22:24.810327+00:00,20.19,7103,94,68,telegram
tweetychannel,409707,774907,social_entertainment,2026-08-02T19:02:01+00:00,30,2026-08-02T19:32:47.999977+00:00,30.58,9116,101,68,telegram
eghtesadonline,354174,75239,economy,2026-08-02T19:02:09+00:00,5,2026-08-02T19:07:51.509214+00:00,5.57,713,4,2,telegram
eghtesadonline,354174,75239,economy,2026-08-02T19:02:09+00:00,10,2026-08-02T19:13:12.795338+00:00,10.92,1146,7,5,telegram
eghtesadonline,354174,75239,economy,2026-08-02T19:02:09+00:00,20,2026-08-02T19:22:20.377589+00:00,20.06,1520,9,6,telegram
eghtesadonline,354174,75239,economy,2026-08-02T19:02:09+00:00,30,2026-08-02T19:32:43.551160+00:00,30.44,2047,11,6,telegram
tweetychannel,409708,774907,social_entertainment,2026-08-02T19:02:54+00:00,5,2026-08-02T19:09:14.021436+00:00,6.12,3048,61,1,telegram
tweetychannel,409708,774907,social_entertainment,2026-08-02T19:02:54+00:00,10,2026-08-02T19:13:17.280764+00:00,10.17,5069,77,36,telegram
tweetychannel,409708,774907,social_entertainment,2026-08-02T19:02:54+00:00,20,2026-08-02T19:23:42.937380+00:00,20.61,8109,101,36,telegram
tweetychannel,409708,774907,social_entertainment,2026-08-02T19:02:54+00:00,30,2026-08-02T19:34:06.472030+00:00,31.0,9125,113,36,telegram
footballiapp,493205,49742,sport,2026-08-02T19:03:57+00:00,5,2026-08-02T19:09:06.542659+00:00,5.07,155,4,0,telegram
footballiapp,493205,49742,sport,2026-08-02T19:03:57+00:00,10,2026-08-02T19:14:28.234896+00:00,10.43,341,5,0,telegram
footballiapp,493205,49742,sport,2026-08-02T19:03:57+00:00,20,2026-08-02T19:24:53.403198+00:00,20.86,498,5,0,telegram
footballiapp,493205,49742,sport,2026-08-02T19:03:57+00:00,30,2026-08-02T19:35:17.365326+00:00,31.25,622,5,0,telegram
footballiapp,493206,49742,sport,2026-08-02T19:05:01+00:00,5,2026-08-02T19:11:50.408733+00:00,6.72,248,6,6,telegram
footballiapp,493206,49742,sport,2026-08-02T19:05:01+00:00,10,2026-08-02T19:15:46.781525+00:00,10.68,341,6,8,telegram
footballiapp,493206,49742,sport,2026-08-02T19:05:01+00:00,20,2026-08-02T19:26:11.358074+00:00,21.09,499,7,11,telegram
footballiapp,493206,49742,sport,2026-08-02T19:05:01+00:00,30,2026-08-02T19:35:17.365298+00:00,30.19,684,7,12,telegram
tweetychannel,409709,774907,social_entertainment,2026-08-02T19:05:39+00:00,5,2026-08-02T19:11:58.207550+00:00,6.09,3033,50,1,telegram
tweetychannel,409709,774907,social_entertainment,2026-08-02T19:05:39+00:00,10,2026-08-02T19:15:54.388423+00:00,10.05,5062,66,1,telegram
tweetychannel,409709,774907,social_entertainment,2026-08-02T19:05:39+00:00,20,2026-08-02T19:26:18.692087+00:00,20.46,7101,89,35,telegram
tweetychannel,409709,774907,social_entertainment,2026-08-02T19:05:39+00:00,30,2026-08-02T19:36:44.139993+00:00,30.86,9123,101,35,telegram
eghtesadonline,354175,75239,economy,2026-08-02T19:09:58+00:00,5,2026-08-02T19:15:49.809481+00:00,5.73,466,0,5,telegram
eghtesadonline,354175,75239,economy,2026-08-02T19:09:58+00:00,10,2026-08-02T19:21:02.204683+00:00,10.94,713,1,6,telegram
eghtesadonline,354175,75239,economy,2026-08-02T19:09:58+00:00,20,2026-08-02T19:30:07.859430+00:00,20.03,1150,2,7,telegram
eghtesadonline,354175,75239,economy,2026-08-02T19:09:58+00:00,30,2026-08-02T19:40:34.675021+00:00,30.48,1861,4,8,telegram
farsna,454103,1804817,general_news,2026-08-02T19:11:04+00:00,5,2026-08-02T19:17:16.914695+00:00,5.94,1006,0,3,telegram
farsna,454103,1804817,general_news,2026-08-02T19:11:04+00:00,10,2026-08-02T19:22:29.370633+00:00,11.14,1693,0,3,telegram
farsna,454103,1804817,general_news,2026-08-02T19:11:04+00:00,20,2026-08-02T19:31:34.424150+00:00,20.23,2691,0,13,telegram
farsna,454103,1804817,general_news,2026-08-02T19:11:04+00:00,30,2026-08-02T19:43:47.092902+00:00,32.43,4405,0,13,telegram
tweetychannel,409710,774907,social_entertainment,2026-08-02T19:11:11+00:00,5,2026-08-02T19:17:12.385857+00:00,5.82,3049,80,1,telegram
tweetychannel,409710,774907,social_entertainment,2026-08-02T19:11:11+00:00,10,2026-08-02T19:22:24.809678+00:00,11.02,5070,95,35,telegram
tweetychannel,409710,774907,social_entertainment,2026-08-02T19:11:11+00:00,20,2026-08-02T19:31:29.970319+00:00,20.11,7090,113,35,telegram
tweetychannel,409710,774907,social_entertainment,2026-08-02T19:11:11+00:00,30,2026-08-02T19:43:42.522699+00:00,32.31,9118,135,35,telegram
tweetychannel,409711,774907,social_entertainment,2026-08-02T19:12:50+00:00,5,2026-08-02T19:18:30.514781+00:00,5.47,2041,25,1,telegram
tweetychannel,409711,774907,social_entertainment,2026-08-02T19:12:50+00:00,10,2026-08-02T19:23:42.936037+00:00,10.68,4071,42,35,telegram
tweetychannel,409711,774907,social_entertainment,2026-08-02T19:12:50+00:00,20,2026-08-02T19:34:06.471988+00:00,21.06,7101,53,35,telegram
tweetychannel,409711,774907,social_entertainment,2026-08-02T19:12:50+00:00,30,2026-08-02T19:43:42.522691+00:00,30.66,9121,59,69,telegram
khabarfouri,555932,4814534,general_news,2026-08-02T19:14:57+00:00,5,2026-08-02T19:20:57.674320+00:00,5.96,3353,0,0,telegram
khabarfouri,555932,4814534,general_news,2026-08-02T19:14:57+00:00,10,2026-08-02T19:26:09.877390+00:00,11.16,6718,0,0,telegram
khabarfouri,555932,4814534,general_news,2026-08-02T19:14:57+00:00,20,2026-08-02T19:35:15.710952+00:00,20.25,11126,0,0,telegram
khabarfouri,555932,4814534,general_news,2026-08-02T19:14:57+00:00,30,2026-08-02T19:46:09.789776+00:00,31.16,13171,0,0,telegram
khabarfouri,555933,4814534,general_news,2026-08-02T19:16:54+00:00,5,2026-08-02T19:22:15.810727+00:00,5.31,3054,0,32,telegram
khabarfouri,555933,4814534,general_news,2026-08-02T19:16:54+00:00,10,2026-08-02T19:27:27.545874+00:00,10.51,7452,0,42,telegram
khabarfouri,555933,4814534,general_news,2026-08-02T19:16:54+00:00,20,2026-08-02T19:37:53.554565+00:00,20.93,11518,0,42,telegram
khabarfouri,555933,4814534,general_news,2026-08-02T19:16:54+00:00,30,2026-08-02T19:47:27.906634+00:00,30.51,14559,0,77,telegram
akharinkhabar,623896,1959423,general_news,2026-08-02T19:18:16+00:00,5,2026-08-02T19:23:44.399362+00:00,5.24,4088,0,0,telegram
akharinkhabar,623896,1959423,general_news,2026-08-02T19:18:16+00:00,10,2026-08-02T19:28:55.706436+00:00,10.43,6143,0,0,telegram
akharinkhabar,623896,1959423,general_news,2026-08-02T19:18:16+00:00,20,2026-08-02T19:39:22.419574+00:00,20.88,10203,0,0,telegram
akharinkhabar,623896,1959423,general_news,2026-08-02T19:18:16+00:00,30,2026-08-02T19:48:58.405965+00:00,30.45,12257,0,0,telegram
akharinkhabar,623897,1959423,general_news,2026-08-02T19:19:24+00:00,5,2026-08-02T19:25:02.433629+00:00,5.41,3084,0,0,telegram
akharinkhabar,623897,1959423,general_news,2026-08-02T19:19:24+00:00,10,2026-08-02T19:30:13.651184+00:00,10.6,6141,0,0,telegram
akharinkhabar,623897,1959423,general_news,2026-08-02T19:19:24+00:00,20,2026-08-02T19:40:40.716193+00:00,21.04,10204,0,0,telegram
akharinkhabar,623897,1959423,general_news,2026-08-02T19:19:24+00:00,30,2026-08-02T19:50:19.200779+00:00,30.66,12261,0,0,telegram
tweetychannel,409712,774907,social_entertainment,2026-08-02T19:20:16+00:00,5,2026-08-02T19:26:18.691821+00:00,5.84,2045,145,36,telegram
tweetychannel,409712,774907,social_entertainment,2026-08-02T19:20:16+00:00,10,2026-08-02T19:31:29.969824+00:00,11.03,5067,220,36,telegram
tweetychannel,409712,774907,social_entertainment,2026-08-02T19:20:16+00:00,20,2026-08-02T19:40:39.149317+00:00,20.18,7088,269,70,telegram
tweetychannel,409712,774907,social_entertainment,2026-08-02T19:20:16+00:00,30,2026-08-02T19:51:37.365243+00:00,31.13,8106,311,70,telegram
akharinkhabar,623898,1959423,general_news,2026-08-02T19:20:50+00:00,5,2026-08-02T19:26:20.145539+00:00,5.28,3082,0,0,telegram
akharinkhabar,623898,1959423,general_news,2026-08-02T19:20:50+00:00,10,2026-08-02T19:31:31.429255+00:00,10.46,6145,0,0,telegram
akharinkhabar,623898,1959423,general_news,2026-08-02T19:20:50+00:00,20,2026-08-02T19:43:44.159903+00:00,22.66,10226,0,0,telegram
akharinkhabar,623898,1959423,general_news,2026-08-02T19:20:50+00:00,30,2026-08-02T19:51:38.961282+00:00,30.56,13254,0,0,telegram
khabarfouri,555934,4814534,general_news,2026-08-02T19:23:21+00:00,5,2026-08-02T19:28:45.273018+00:00,5.35,4220,0,0,telegram
khabarfouri,555934,4814534,general_news,2026-08-02T19:23:21+00:00,10,2026-08-02T19:33:57.246043+00:00,10.55,7263,0,1,telegram
khabarfouri,555934,4814534,general_news,2026-08-02T19:23:21+00:00,20,2026-08-02T19:43:33.433232+00:00,20.15,10309,0,35,telegram
khabarfouri,555934,4814534,general_news,2026-08-02T19:23:21+00:00,30,2026-08-02T19:54:05.260622+00:00,30.68,13380,0,35,telegram
footballiapp,493207,49742,sport,2026-08-02T19:25:34+00:00,5,2026-08-02T19:31:22.629385+00:00,5.73,157,0,1,telegram
footballiapp,493207,49742,sport,2026-08-02T19:25:34+00:00,10,2026-08-02T19:36:36.391295+00:00,10.94,281,0,1,telegram
footballiapp,493207,49742,sport,2026-08-02T19:25:34+00:00,20,2026-08-02T19:46:11.358005+00:00,20.54,436,0,2,telegram
footballiapp,493207,49742,sport,2026-08-02T19:25:34+00:00,30,2026-08-02T19:56:42.771872+00:00,31.07,530,0,2,telegram
akharinkhabar,623899,1959423,general_news,2026-08-02T19:27:19+00:00,5,2026-08-02T19:32:49.458690+00:00,5.28,3070,0,0,telegram
akharinkhabar,623899,1959423,general_news,2026-08-02T19:27:19+00:00,10,2026-08-02T19:38:04.289443+00:00,10.52,5109,0,0,telegram
akharinkhabar,623899,1959423,general_news,2026-08-02T19:27:19+00:00,20,2026-08-02T19:47:38.582518+00:00,20.09,8172,0,0,telegram
akharinkhabar,623899,1959423,general_news,2026-08-02T19:27:19+00:00,30,2026-08-02T19:58:09.790836+00:00,30.62,13275,0,0,telegram
tweetychannel,409713,774907,social_entertainment,2026-08-02T19:28:42+00:00,5,2026-08-02T19:34:06.471954+00:00,5.2,3043,85,0,telegram
tweetychannel,409713,774907,social_entertainment,2026-08-02T19:28:42+00:00,10,2026-08-02T19:39:20.950658+00:00,10.44,4063,142,35,telegram
tweetychannel,409713,774907,social_entertainment,2026-08-02T19:28:42+00:00,20,2026-08-02T19:48:56.601976+00:00,20.01,6076,196,36,telegram
tweetychannel,409713,774907,social_entertainment,2026-08-02T19:28:42+00:00,30,2026-08-02T19:59:26.140634+00:00,30.53,8097,241,72,telegram
tweetychannel,409714,774907,social_entertainment,2026-08-02T19:28:53+00:00,5,2026-08-02T19:34:06.471664+00:00,5.01,3048,55,34,telegram
tweetychannel,409714,774907,social_entertainment,2026-08-02T19:28:53+00:00,10,2026-08-02T19:39:20.950079+00:00,10.26,4069,79,34,telegram
tweetychannel,409714,774907,social_entertainment,2026-08-02T19:28:53+00:00,20,2026-08-02T19:50:17.465045+00:00,21.17,6087,102,68,telegram
tweetychannel,409714,774907,social_entertainment,2026-08-02T19:28:53+00:00,30,2026-08-02T19:59:26.140612+00:00,30.35,7102,117,68,telegram
tweetychannel,409715,774907,social_entertainment,2026-08-02T19:29:31+00:00,5,2026-08-02T19:35:24.961632+00:00,5.69,3053,96,0,telegram
tweetychannel,409715,774907,social_entertainment,2026-08-02T19:29:31+00:00,10,2026-08-02T19:40:39.149296+00:00,10.93,5072,120,0,telegram
tweetychannel,409715,774907,social_entertainment,2026-08-02T19:29:31+00:00,20,2026-08-02T19:50:17.465018+00:00,20.54,6085,150,0,telegram
tweetychannel,409715,774907,social_entertainment,2026-08-02T19:29:31+00:00,30,2026-08-02T20:00:44.111924+00:00,31.01,7100,178,0,telegram
footballiapp,493208,49742,sport,2026-08-02T19:29:58+00:00,5,2026-08-02T19:35:17.364887+00:00,5.24,159,4,2,telegram
footballiapp,493208,49742,sport,2026-08-02T19:29:58+00:00,10,2026-08-02T19:40:31.498360+00:00,10.48,252,4,2,telegram
footballiapp,493208,49742,sport,2026-08-02T19:29:58+00:00,20,2026-08-02T19:50:08.993155+00:00,20.09,407,5,2,telegram
footballiapp,493208,49742,sport,2026-08-02T19:29:58+00:00,30,2026-08-02T20:00:36.678493+00:00,30.56,503,5,3,telegram
persiantwix,9546,1045661,entertainment,2026-08-02T19:30:00+00:00,5,2026-08-02T19:35:23.460057+00:00,5.2,2425,129,20,telegram
persiantwix,9546,1045661,entertainment,2026-08-02T19:30:00+00:00,10,2026-08-02T19:40:37.643921+00:00,10.44,3640,175,30,telegram
persiantwix,9546,1045661,entertainment,2026-08-02T19:30:00+00:00,20,2026-08-02T19:50:15.458397+00:00,20.06,4891,254,30,telegram
persiantwix,9546,1045661,entertainment,2026-08-02T19:30:00+00:00,30,2026-08-02T20:00:42.647947+00:00,30.53,6724,302,42,telegram
eghtesadonline,354176,75239,economy,2026-08-02T19:30:19+00:00,5,2026-08-02T19:36:39.559066+00:00,6.19,656,5,3,telegram
eghtesadonline,354176,75239,economy,2026-08-02T19:30:19+00:00,10,2026-08-02T19:40:34.674589+00:00,10.13,903,5,3,telegram
eghtesadonline,354176,75239,economy,2026-08-02T19:30:19+00:00,20,2026-08-02T19:51:32.858311+00:00,21.08,1456,5,3,telegram
eghtesadonline,354176,75239,economy,2026-08-02T19:30:19+00:00,30,2026-08-02T20:00:39.684505+00:00,30.21,1823,5,3,telegram
tweetychannel,409716,774907,social_entertainment,2026-08-02T19:31:21+00:00,5,2026-08-02T19:36:44.139900+00:00,5.16,3050,38,0,telegram
tweetychannel,409716,774907,social_entertainment,2026-08-02T19:31:21+00:00,10,2026-08-02T19:43:42.522637+00:00,12.15,5079,52,1,telegram
tweetychannel,409716,774907,social_entertainment,2026-08-02T19:31:21+00:00,20,2026-08-02T19:51:37.365068+00:00,20.04,6091,61,1,telegram
tweetychannel,409716,774907,social_entertainment,2026-08-02T19:31:21+00:00,30,2026-08-02T20:02:02.275422+00:00,30.48,8107,79,35,telegram
tweetychannel,409717,774907,social_entertainment,2026-08-02T19:32:04+00:00,5,2026-08-02T19:38:02.758743+00:00,5.77,3055,39,0,telegram
tweetychannel,409717,774907,social_entertainment,2026-08-02T19:32:04+00:00,10,2026-08-02T19:43:42.522600+00:00,11.43,5072,55,0,telegram
tweetychannel,409717,774907,social_entertainment,2026-08-02T19:32:04+00:00,20,2026-08-02T19:52:55.961765+00:00,20.66,6088,72,0,telegram
tweetychannel,409717,774907,social_entertainment,2026-08-02T19:32:04+00:00,30,2026-08-02T20:03:20.386903+00:00,31.07,8104,85,0,telegram
digiato,111033,111106,technology,2026-08-02T19:32:15+00:00,5,2026-08-02T19:37:52.026465+00:00,5.58,697,32,13,telegram
digiato,111033,111106,technology,2026-08-02T19:32:15+00:00,10,2026-08-02T19:43:31.878020+00:00,11.25,1099,47,19,telegram
digiato,111033,111106,technology,2026-08-02T19:32:15+00:00,20,2026-08-02T19:52:45.318430+00:00,20.47,1598,65,27,telegram
digiato,111033,111106,technology,2026-08-02T19:32:15+00:00,30,2026-08-02T20:03:09.824462+00:00,30.88,1978,75,31,telegram
tweetychannel,409718,774907,social_entertainment,2026-08-02T19:33:01+00:00,5,2026-08-02T19:39:20.949197+00:00,6.13,4062,1,0,telegram
tweetychannel,409718,774907,social_entertainment,2026-08-02T19:33:01+00:00,10,2026-08-02T19:43:42.522588+00:00,10.48,5078,1,0,telegram
tweetychannel,409718,774907,social_entertainment,2026-08-02T19:33:01+00:00,20,2026-08-02T19:54:14.393756+00:00,21.01,7101,1,0,telegram
tweetychannel,409718,774907,social_entertainment,2026-08-02T19:33:01+00:00,30,2026-08-02T20:03:20.386726+00:00,30.12,9122,1,0,telegram
tweetychannel,409719,774907,social_entertainment,2026-08-02T19:34:10+00:00,5,2026-08-02T19:40:39.149274+00:00,6.28,4058,13,34,telegram
tweetychannel,409719,774907,social_entertainment,2026-08-02T19:34:10+00:00,10,2026-08-02T19:45:00.767616+00:00,10.64,6084,22,35,telegram
tweetychannel,409719,774907,social_entertainment,2026-08-02T19:34:10+00:00,20,2026-08-02T19:55:32.229844+00:00,21.17,8110,31,69,telegram
tweetychannel,409719,774907,social_entertainment,2026-08-02T19:34:10+00:00,30,2026-08-02T20:04:38.409897+00:00,30.27,10129,37,104,telegram
tweetfrsi,21600,663661,entertainment,2026-08-02T19:34:26+00:00,5,2026-08-02T19:40:36.164764+00:00,6.01,1282,25,15,telegram
tweetfrsi,21600,663661,entertainment,2026-08-02T19:34:26+00:00,10,2026-08-02T19:44:57.819723+00:00,10.37,1736,40,22,telegram
tweetfrsi,21600,663661,entertainment,2026-08-02T19:34:26+00:00,20,2026-08-02T19:55:29.343361+00:00,20.9,2525,65,26,telegram
tweetfrsi,21600,663661,entertainment,2026-08-02T19:34:26+00:00,30,2026-08-02T20:04:35.423279+00:00,30.0,3108,78,30,telegram
tweetychannel,409720,774907,social_entertainment,2026-08-02T19:35:10+00:00,5,2026-08-02T19:40:39.149229+00:00,5.28,4057,45,36,telegram
tweetychannel,409720,774907,social_entertainment,2026-08-02T19:35:10+00:00,10,2026-08-02T19:46:18.776972+00:00,10.94,6090,58,36,telegram
tweetychannel,409720,774907,social_entertainment,2026-08-02T19:35:10+00:00,20,2026-08-02T19:55:32.229246+00:00,20.17,8113,78,70,telegram
tweetychannel,409720,774907,social_entertainment,2026-08-02T19:35:10+00:00,30,2026-08-02T20:05:56.366049+00:00,30.57,10135,96,71,telegram
tweetychannel,409721,774907,social_entertainment,2026-08-02T19:36:07+00:00,5,2026-08-02T19:43:42.522568+00:00,7.38,5076,125,0,telegram
tweetychannel,409721,774907,social_entertainment,2026-08-02T19:36:07+00:00,10,2026-08-02T19:47:37.104742+00:00,11.29,6091,153,0,telegram
tweetychannel,409721,774907,social_entertainment,2026-08-02T19:36:07+00:00,20,2026-08-02T19:56:50.295020+00:00,20.52,9124,196,0,telegram
tweetychannel,409721,774907,social_entertainment,2026-08-02T19:36:07+00:00,30,2026-08-02T20:07:14.468119+00:00,30.92,11145,235,0,telegram
tweetychannel,409722,774907,social_entertainment,2026-08-02T19:37:07+00:00,5,2026-08-02T19:43:42.522503+00:00,6.38,5078,46,104,telegram
tweetychannel,409722,774907,social_entertainment,2026-08-02T19:37:07+00:00,10,2026-08-02T19:47:37.104166+00:00,10.29,6090,59,138,telegram
tweetychannel,409722,774907,social_entertainment,2026-08-02T19:37:07+00:00,20,2026-08-02T19:58:08.293420+00:00,20.82,9131,83,172,telegram
tweetychannel,409722,774907,social_entertainment,2026-08-02T19:37:07+00:00,30,2026-08-02T20:08:34.980155+00:00,31.23,12160,92,206,telegram
khabarfouri,555935,4814534,general_news,2026-08-02T19:37:33+00:00,5,2026-08-02T19:43:33.432767+00:00,5.95,3058,0,0,telegram
khabarfouri,555935,4814534,general_news,2026-08-02T19:37:33+00:00,10,2026-08-02T19:48:46.500203+00:00,11.16,6104,0,0,telegram
khabarfouri,555935,4814534,general_news,2026-08-02T19:37:33+00:00,20,2026-08-02T19:57:59.423928+00:00,20.38,10182,0,0,telegram
khabarfouri,555935,4814534,general_news,2026-08-02T19:37:33+00:00,30,2026-08-02T20:08:25.314652+00:00,30.79,12231,0,0,telegram
tweetychannel,409723,774907,social_entertainment,2026-08-02T19:38:03+00:00,5,2026-08-02T19:43:42.522260+00:00,5.45,4064,229,34,telegram
tweetychannel,409723,774907,social_entertainment,2026-08-02T19:38:03+00:00,10,2026-08-02T19:48:56.601706+00:00,10.66,6089,295,35,telegram
tweetychannel,409723,774907,social_entertainment,2026-08-02T19:38:03+00:00,20,2026-08-02T19:59:26.140524+00:00,21.18,9122,414,35,telegram
tweetychannel,409723,774907,social_entertainment,2026-08-02T19:38:03+00:00,30,2026-08-02T20:08:34.980142+00:00,30.29,12155,468,69,telegram
farsna,454104,1804817,general_news,2026-08-02T19:39:00+00:00,5,2026-08-02T19:45:05.185585+00:00,5.8,1680,0,10,telegram
farsna,454104,1804817,general_news,2026-08-02T19:39:00+00:00,10,2026-08-02T19:50:22.371388+00:00,11.06,2963,0,10,telegram
farsna,454104,1804817,general_news,2026-08-02T19:39:00+00:00,20,2026-08-02T19:59:30.591945+00:00,20.23,3992,0,10,telegram
farsna,454104,1804817,general_news,2026-08-02T19:39:00+00:00,30,2026-08-02T20:09:58.271430+00:00,30.68,5003,0,10,telegram
footballiapp,493209,49742,sport,2026-08-02T19:39:18+00:00,5,2026-08-02T19:44:53.292905+00:00,5.5,157,0,0,telegram
footballiapp,493209,49742,sport,2026-08-02T19:39:18+00:00,10,2026-08-02T19:50:08.991152+00:00,10.76,248,0,0,telegram
footballiapp,493209,49742,sport,2026-08-02T19:39:18+00:00,20,2026-08-02T20:00:36.677927+00:00,21.23,375,0,1,telegram
footballiapp,493209,49742,sport,2026-08-02T19:39:18+00:00,30,2026-08-02T20:09:45.993542+00:00,30.38,528,0,1,telegram
tweetychannel,409724,774907,social_entertainment,2026-08-02T19:40:02+00:00,5,2026-08-02T19:46:18.776586+00:00,6.07,3057,100,2,telegram
tweetychannel,409724,774907,social_entertainment,2026-08-02T19:40:02+00:00,10,2026-08-02T19:50:17.464490+00:00,10.02,6082,136,2,telegram
tweetychannel,409724,774907,social_entertainment,2026-08-02T19:40:02+00:00,20,2026-08-02T20:00:44.111831+00:00,20.5,9115,200,36,telegram
tweetychannel,409724,774907,social_entertainment,2026-08-02T19:40:02+00:00,30,2026-08-02T20:11:11.862748+00:00,30.96,12149,228,36,telegram
farsna,454105,1804817,general_news,2026-08-02T19:41:57+00:00,5,2026-08-02T19:47:41.566629+00:00,5.46,1805,0,20,telegram
farsna,454105,1804817,general_news,2026-08-02T19:41:57+00:00,10,2026-08-02T19:53:00.605462+00:00,10.77,2789,0,20,telegram
farsna,454105,1804817,general_news,2026-08-02T19:41:57+00:00,20,2026-08-02T20:03:24.793933+00:00,21.18,4132,0,20,telegram
farsna,454105,1804817,general_news,2026-08-02T19:41:57+00:00,30,2026-08-02T20:12:34.306849+00:00,30.34,4860,0,21,telegram
khabarfouri,555936,4814534,general_news,2026-08-02T19:45:18+00:00,5,2026-08-02T19:51:28.042560+00:00,6.09,3061,0,0,telegram
khabarfouri,555936,4814534,general_news,2026-08-02T19:45:18+00:00,10,2026-08-02T19:55:23.345311+00:00,10.03,6117,0,0,telegram
khabarfouri,555936,4814534,general_news,2026-08-02T19:45:18+00:00,20,2026-08-02T20:05:47.317674+00:00,20.43,9180,0,0,telegram
khabarfouri,555936,4814534,general_news,2026-08-02T19:45:18+00:00,30,2026-08-02T20:15:24.914699+00:00,30.06,12229,0,0,telegram
tweetychannel,409725,774907,social_entertainment,2026-08-02T19:48:30+00:00,5,2026-08-02T19:54:14.393009+00:00,5.53,4050,200,4,telegram
tweetychannel,409725,774907,social_entertainment,2026-08-02T19:48:30+00:00,10,2026-08-02T19:59:26.140384+00:00,10.73,6067,260,38,telegram
tweetychannel,409725,774907,social_entertainment,2026-08-02T19:48:30+00:00,20,2026-08-02T20:09:53.735697+00:00,21.18,10113,329,38,telegram
tweetychannel,409725,774907,social_entertainment,2026-08-02T19:48:30+00:00,30,2026-08-02T20:19:29.684943+00:00,30.79,12148,405,38,telegram
varzesh3,298737,1296311,sport,2026-08-02T19:48:52+00:00,5,2026-08-02T19:54:08.500605+00:00,5.16,14478,0,2,telegram
varzesh3,298737,1296311,sport,2026-08-02T19:48:52+00:00,10,2026-08-02T19:59:20.262623+00:00,10.37,21684,0,36,telegram
varzesh3,298737,1296311,sport,2026-08-02T19:48:52+00:00,20,2026-08-02T20:09:47.555449+00:00,20.82,34115,0,36,telegram
varzesh3,298737,1296311,sport,2026-08-02T19:48:52+00:00,30,2026-08-02T20:19:23.817096+00:00,30.42,43420,0,36,telegram
akharinkhabar,623900,1959423,general_news,2026-08-02T19:49:40+00:00,5,2026-08-02T19:55:33.674686+00:00,5.67,4087,0,0,telegram
akharinkhabar,623900,1959423,general_news,2026-08-02T19:49:40+00:00,10,2026-08-02T20:00:45.581384+00:00,10.86,6152,0,0,telegram
akharinkhabar,623900,1959423,general_news,2026-08-02T19:49:40+00:00,20,2026-08-02T20:09:55.302494+00:00,20.02,10230,0,0,telegram
akharinkhabar,623900,1959423,general_news,2026-08-02T19:49:40+00:00,30,2026-08-02T20:20:49.028414+00:00,30.92,14329,0,0,telegram
farsna,454106,1804817,general_news,2026-08-02T19:50:09+00:00,5,2026-08-02T19:55:36.705954+00:00,5.18,1025,0,1,telegram
farsna,454106,1804817,general_news,2026-08-02T19:50:09+00:00,10,2026-08-02T20:00:48.522244+00:00,10.38,1723,0,2,telegram
farsna,454106,1804817,general_news,2026-08-02T19:50:09+00:00,20,2026-08-02T20:11:16.366331+00:00,20.84,3067,0,2,telegram
farsna,454106,1804817,general_news,2026-08-02T19:50:09+00:00,30,2026-08-02T20:20:52.000627+00:00,30.44,3984,0,4,telegram
khabarfouri,555937,4814534,general_news,2026-08-02T19:50:16+00:00,5,2026-08-02T19:55:23.344565+00:00,5.07,3061,0,0,telegram
khabarfouri,555937,4814534,general_news,2026-08-02T19:50:16+00:00,10,2026-08-02T20:00:35.140066+00:00,10.26,6111,0,0,telegram
khabarfouri,555937,4814534,general_news,2026-08-02T19:50:16+00:00,20,2026-08-02T20:11:02.871185+00:00,20.72,9167,0,0,telegram
khabarfouri,555937,4814534,general_news,2026-08-02T19:50:16+00:00,30,2026-08-02T20:20:38.628810+00:00,30.32,12211,0,0,telegram
tweetychannel,409726,774907,social_entertainment,2026-08-02T19:50:30+00:00,5,2026-08-02T19:56:50.294114+00:00,6.13,3040,129,70,telegram
tweetychannel,409726,774907,social_entertainment,2026-08-02T19:50:30+00:00,10,2026-08-02T20:00:44.111348+00:00,10.03,6069,176,104,telegram
tweetychannel,409726,774907,social_entertainment,2026-08-02T19:50:30+00:00,20,2026-08-02T20:11:11.862676+00:00,20.49,9133,215,138,telegram
tweetychannel,409726,774907,social_entertainment,2026-08-02T19:50:30+00:00,30,2026-08-02T20:20:47.546261+00:00,30.09,12171,255,172,telegram
akharinkhabar,623901,1959423,general_news,2026-08-02T19:51:26+00:00,5,2026-08-02T19:56:51.780186+00:00,5.2,4061,0,0,telegram
akharinkhabar,623901,1959423,general_news,2026-08-02T19:51:26+00:00,10,2026-08-02T20:02:03.778746+00:00,10.4,6131,0,0,telegram
akharinkhabar,623901,1959423,general_news,2026-08-02T19:51:26+00:00,20,2026-08-02T20:12:31.326057+00:00,20.86,10218,0,0,telegram
akharinkhabar,623901,1959423,general_news,2026-08-02T19:51:26+00:00,30,2026-08-02T20:22:09.430898+00:00,30.45,14309,0,0,telegram
akharinkhabar,623902,1959423,general_news,2026-08-02T19:55:01+00:00,5,2026-08-02T20:00:45.581146+00:00,5.51,3095,0,0,telegram
akharinkhabar,623902,1959423,general_news,2026-08-02T19:55:01+00:00,10,2026-08-02T20:05:57.822045+00:00,10.72,6144,0,0,telegram
akharinkhabar,623902,1959423,general_news,2026-08-02T19:55:01+00:00,20,2026-08-02T20:15:35.429915+00:00,20.34,10244,0,0,telegram
akharinkhabar,623902,1959423,general_news,2026-08-02T19:55:01+00:00,30,2026-08-02T20:26:05.329994+00:00,30.84,13319,0,0,telegram
farsna,454107,1804817,general_news,2026-08-02T19:57:04+00:00,5,2026-08-02T20:03:24.793800+00:00,6.07,1041,0,0,telegram
farsna,454107,1804817,general_news,2026-08-02T19:57:04+00:00,10,2026-08-02T20:08:39.752085+00:00,11.28,2040,0,0,telegram
farsna,454107,1804817,general_news,2026-08-02T19:57:04+00:00,20,2026-08-02T20:18:16.160820+00:00,20.92,3100,0,1,telegram
farsna,454107,1804817,general_news,2026-08-02T19:57:04+00:00,30,2026-08-02T20:27:26.665508+00:00,30.09,3803,0,1,telegram
tweetychannel,409727,774907,social_entertainment,2026-08-02T19:58:58+00:00,5,2026-08-02T20:04:38.409504+00:00,5.47,5071,150,206,telegram
tweetychannel,409727,774907,social_entertainment,2026-08-02T19:58:58+00:00,10,2026-08-02T20:09:53.735285+00:00,10.72,6079,176,240,telegram
tweetychannel,409727,774907,social_entertainment,2026-08-02T19:58:58+00:00,20,2026-08-02T20:19:29.684889+00:00,20.32,10130,222,277,telegram
tweetychannel,409727,774907,social_entertainment,2026-08-02T19:58:58+00:00,30,2026-08-02T20:29:58.848034+00:00,30.81,13160,272,345,telegram
persiantwix,9547,1045661,entertainment,2026-08-02T20:00:00+00:00,5,2026-08-02T20:05:54.911712+00:00,5.73,3973,172,52,telegram
persiantwix,9547,1045661,entertainment,2026-08-02T20:00:00+00:00,10,2026-08-02T20:11:10.368254+00:00,10.99,5498,239,72,telegram
persiantwix,9547,1045661,entertainment,2026-08-02T20:00:00+00:00,20,2026-08-02T20:20:46.032563+00:00,20.59,7339,306,92,telegram
persiantwix,9547,1045661,entertainment,2026-08-02T20:00:00+00:00,30,2026-08-02T20:31:15.689362+00:00,31.08,9160,381,103,telegram
thezoomit,98302,129359,technology,2026-08-02T20:00:20+00:00,5,2026-08-02T20:05:44.300446+00:00,5.4,970,16,21,telegram
thezoomit,98302,129359,technology,2026-08-02T20:00:20+00:00,10,2026-08-02T20:10:59.776721+00:00,10.66,1283,22,31,telegram
thezoomit,98302,129359,technology,2026-08-02T20:00:20+00:00,20,2026-08-02T20:20:35.568228+00:00,20.25,1900,33,41,telegram
thezoomit,98302,129359,technology,2026-08-02T20:00:20+00:00,30,2026-08-02T20:31:05.019884+00:00,30.74,2521,43,52,telegram
thezoomit,98303,129359,technology,2026-08-02T20:00:20+00:00,5,2026-08-02T20:05:44.300422+00:00,5.4,964,0,20,telegram
thezoomit,98303,129359,technology,2026-08-02T20:00:20+00:00,10,2026-08-02T20:10:59.776714+00:00,10.66,1276,0,30,telegram
thezoomit,98303,129359,technology,2026-08-02T20:00:20+00:00,20,2026-08-02T20:20:35.568218+00:00,20.25,1893,0,40,telegram
thezoomit,98303,129359,technology,2026-08-02T20:00:20+00:00,30,2026-08-02T20:31:05.019864+00:00,30.74,2515,0,51,telegram
thezoomit,98304,129359,technology,2026-08-02T20:00:20+00:00,5,2026-08-02T20:05:44.300391+00:00,5.4,963,0,20,telegram
thezoomit,98304,129359,technology,2026-08-02T20:00:20+00:00,10,2026-08-02T20:10:59.776699+00:00,10.66,1275,0,30,telegram
thezoomit,98304,129359,technology,2026-08-02T20:00:20+00:00,20,2026-08-02T20:20:35.568205+00:00,20.25,1892,0,40,telegram
thezoomit,98304,129359,technology,2026-08-02T20:00:20+00:00,30,2026-08-02T20:31:05.019839+00:00,30.74,2514,0,51,telegram
thezoomit,98305,129359,technology,2026-08-02T20:00:20+00:00,5,2026-08-02T20:05:44.299819+00:00,5.4,976,0,20,telegram
thezoomit,98305,129359,technology,2026-08-02T20:00:20+00:00,10,2026-08-02T20:10:59.776477+00:00,10.66,1286,0,30,telegram
thezoomit,98305,129359,technology,2026-08-02T20:00:20+00:00,20,2026-08-02T20:20:35.567968+00:00,20.25,1902,0,40,telegram
thezoomit,98305,129359,technology,2026-08-02T20:00:20+00:00,30,2026-08-02T20:31:05.019444+00:00,30.74,2523,0,51,telegram
eghtesadonline,354177,75239,economy,2026-08-02T20:00:45+00:00,5,2026-08-02T20:07:09.974104+00:00,6.28,656,0,2,telegram
eghtesadonline,354177,75239,economy,2026-08-02T20:00:45+00:00,10,2026-08-02T20:11:07.436112+00:00,10.24,969,0,3,telegram
eghtesadonline,354177,75239,economy,2026-08-02T20:00:45+00:00,20,2026-08-02T20:22:03.150503+00:00,21.14,1627,0,3,telegram
eghtesadonline,354177,75239,economy,2026-08-02T20:00:45+00:00,30,2026-08-02T20:31:12.738243+00:00,30.33,1965,0,3,telegram
tweetychannel,409728,774907,social_entertainment,2026-08-02T20:01:02+00:00,5,2026-08-02T20:07:14.468034+00:00,6.0,4060,58,2,telegram
tweetychannel,409728,774907,social_entertainment,2026-08-02T20:01:02+00:00,10,2026-08-02T20:12:29.872865+00:00,11.26,6072,83,2,telegram
tweetychannel,409728,774907,social_entertainment,2026-08-02T20:01:02+00:00,20,2026-08-02T20:22:07.753445+00:00,20.85,10132,142,2,telegram
tweetychannel,409728,774907,social_entertainment,2026-08-02T20:01:02+00:00,30,2026-08-02T20:31:17.147752+00:00,30.04,12146,173,36,telegram
tweetychannel,409729,774907,social_entertainment,2026-08-02T20:01:08+00:00,5,2026-08-02T20:07:14.467179+00:00,5.9,4070,142,139,telegram
tweetychannel,409729,774907,social_entertainment,2026-08-02T20:01:08+00:00,10,2026-08-02T20:12:29.872227+00:00,11.16,6083,172,173,telegram
tweetychannel,409729,774907,social_entertainment,2026-08-02T20:01:08+00:00,20,2026-08-02T20:22:07.753238+00:00,20.75,10150,234,207,telegram
tweetychannel,409729,774907,social_entertainment,2026-08-02T20:01:08+00:00,30,2026-08-02T20:32:35.343845+00:00,31.25,12166,277,208,telegram
tweetychannel,409730,774907,social_entertainment,2026-08-02T20:03:01+00:00,5,2026-08-02T20:08:34.979853+00:00,5.33,2014,4,0,telegram
tweetychannel,409730,774907,social_entertainment,2026-08-02T20:03:01+00:00,10,2026-08-02T20:15:33.945178+00:00,12.34,5060,8,0,telegram
tweetychannel,409730,774907,social_entertainment,2026-08-02T20:03:01+00:00,20,2026-08-02T20:23:26.805217+00:00,20.21,9129,8,0,telegram
tweetychannel,409730,774907,social_entertainment,2026-08-02T20:03:01+00:00,30,2026-08-02T20:33:53.603884+00:00,30.67,12143,8,0,telegram
farsna,454108,1804817,general_news,2026-08-02T20:03:04+00:00,5,2026-08-02T20:08:39.751451+00:00,5.28,1033,0,0,telegram
farsna,454108,1804817,general_news,2026-08-02T20:03:04+00:00,10,2026-08-02T20:15:38.417365+00:00,12.29,1759,0,0,telegram
farsna,454108,1804817,general_news,2026-08-02T20:03:04+00:00,20,2026-08-02T20:23:31.387489+00:00,20.16,2608,0,0,telegram
farsna,454108,1804817,general_news,2026-08-02T20:03:04+00:00,30,2026-08-02T20:33:58.061067+00:00,30.62,3838,0,1,telegram
footballiapp,493210,49742,sport,2026-08-02T20:03:20+00:00,5,2026-08-02T20:08:27.090485+00:00,5.01,184,3,3,telegram
footballiapp,493210,49742,sport,2026-08-02T20:03:20+00:00,10,2026-08-02T20:15:26.467093+00:00,12.03,339,3,3,telegram
footballiapp,493210,49742,sport,2026-08-02T20:03:20+00:00,20,2026-08-02T20:24:37.540323+00:00,21.21,460,3,3,telegram
footballiapp,493210,49742,sport,2026-08-02T20:03:20+00:00,30,2026-08-02T20:33:45.919712+00:00,30.35,614,3,4,telegram
tweetychannel,409731,774907,social_entertainment,2026-08-02T20:10:33+00:00,5,2026-08-02T20:16:53.099530+00:00,6.11,4063,302,105,telegram
tweetychannel,409731,774907,social_entertainment,2026-08-02T20:10:33+00:00,10,2026-08-02T20:20:47.545799+00:00,10.04,7109,368,139,telegram
tweetychannel,409731,774907,social_entertainment,2026-08-02T20:10:33+00:00,20,2026-08-02T20:31:17.144937+00:00,20.53,11152,490,173,telegram
tweetychannel,409731,774907,social_entertainment,2026-08-02T20:10:33+00:00,30,2026-08-02T20:41:44.523983+00:00,30.99,13189,539,207,telegram
khabarfouri,555938,4814534,general_news,2026-08-02T20:10:49+00:00,5,2026-08-02T20:16:43.695205+00:00,5.84,3067,0,0,telegram
khabarfouri,555938,4814534,general_news,2026-08-02T20:10:49+00:00,10,2026-08-02T20:21:57.921806+00:00,11.07,6114,0,0,telegram
khabarfouri,555938,4814534,general_news,2026-08-02T20:10:49+00:00,20,2026-08-02T20:31:08.079890+00:00,20.26,8158,0,0,telegram
khabarfouri,555938,4814534,general_news,2026-08-02T20:10:49+00:00,30,2026-08-02T20:41:35.685734+00:00,30.72,11202,0,0,telegram
eghtesadonline,354178,75239,economy,2026-08-02T20:11:13+00:00,5,2026-08-02T20:16:48.542958+00:00,5.44,536,1,7,telegram
eghtesadonline,354178,75239,economy,2026-08-02T20:11:13+00:00,10,2026-08-02T20:22:03.149895+00:00,10.67,943,5,11,telegram
eghtesadonline,354178,75239,economy,2026-08-02T20:11:13+00:00,20,2026-08-02T20:32:30.979510+00:00,21.16,1408,6,11,telegram
eghtesadonline,354178,75239,economy,2026-08-02T20:11:13+00:00,30,2026-08-02T20:41:40.202819+00:00,30.32,1716,7,13,telegram
footballiapp,493211,49742,sport,2026-08-02T20:11:50+00:00,5,2026-08-02T20:18:04.148403+00:00,6.15,156,2,0,telegram
footballiapp,493211,49742,sport,2026-08-02T20:11:50+00:00,10,2026-08-02T20:21:59.743873+00:00,10.05,217,3,0,telegram
footballiapp,493211,49742,sport,2026-08-02T20:11:50+00:00,20,2026-08-02T20:32:27.949025+00:00,20.55,430,3,1,telegram
footballiapp,493211,49742,sport,2026-08-02T20:11:50+00:00,30,2026-08-02T20:42:55.099849+00:00,31.0,555,3,3,telegram
akharinkhabar,623903,1959423,general_news,2026-08-02T20:12:42+00:00,5,2026-08-02T20:18:13.134425+00:00,5.28,4106,0,0,telegram
akharinkhabar,623903,1959423,general_news,2026-08-02T20:12:42+00:00,10,2026-08-02T20:23:28.365632+00:00,10.53,6156,0,0,telegram
akharinkhabar,623903,1959423,general_news,2026-08-02T20:12:42+00:00,20,2026-08-02T20:33:55.050839+00:00,20.98,9230,0,34,telegram
akharinkhabar,623903,1959423,general_news,2026-08-02T20:12:42+00:00,30,2026-08-02T20:43:03.787498+00:00,30.14,11268,0,34,telegram
tweetychannel,409732,774907,social_entertainment,2026-08-02T20:13:59+00:00,5,2026-08-02T20:19:29.684553+00:00,5.31,5082,239,39,telegram
tweetychannel,409732,774907,social_entertainment,2026-08-02T20:13:59+00:00,10,2026-08-02T20:24:45.381454+00:00,10.56,8133,317,73,telegram
tweetychannel,409732,774907,social_entertainment,2026-08-02T20:13:59+00:00,20,2026-08-02T20:35:11.583796+00:00,21.0,11178,420,73,telegram
tweetychannel,409732,774907,social_entertainment,2026-08-02T20:13:59+00:00,30,2026-08-02T20:44:20.458457+00:00,30.15,13184,455,73,telegram
akharinkhabar,623904,1959423,general_news,2026-08-02T20:14:12+00:00,5,2026-08-02T20:19:31.156942+00:00,5.09,3097,0,0,telegram
akharinkhabar,623904,1959423,general_news,2026-08-02T20:14:12+00:00,10,2026-08-02T20:24:46.879151+00:00,10.34,5145,0,0,telegram
akharinkhabar,623904,1959423,general_news,2026-08-02T20:14:12+00:00,20,2026-08-02T20:35:13.063985+00:00,20.79,8216,0,0,telegram
akharinkhabar,623904,1959423,general_news,2026-08-02T20:14:12+00:00,30,2026-08-02T20:47:08.072845+00:00,32.71,11268,0,0,telegram
tweetychannel,409733,774907,social_entertainment,2026-08-02T20:18:23+00:00,5,2026-08-02T20:24:45.380888+00:00,6.16,6096,267,138,telegram
tweetychannel,409733,774907,social_entertainment,2026-08-02T20:18:23+00:00,10,2026-08-02T20:28:40.686278+00:00,10.08,9141,324,172,telegram
tweetychannel,409733,774907,social_entertainment,2026-08-02T20:18:23+00:00,20,2026-08-02T20:39:08.151470+00:00,20.51,11145,379,206,telegram
tweetychannel,409733,774907,social_entertainment,2026-08-02T20:18:23+00:00,30,2026-08-02T20:49:45.518111+00:00,31.13,13189,419,206,telegram
varzesh3,298738,1296311,sport,2026-08-02T20:19:53+00:00,5,2026-08-02T20:25:57.793931+00:00,5.97,13442,0,1,telegram
varzesh3,298738,1296311,sport,2026-08-02T20:19:53+00:00,10,2026-08-02T20:31:11.270939+00:00,11.19,18637,0,1,telegram
varzesh3,298738,1296311,sport,2026-08-02T20:19:53+00:00,20,2026-08-02T20:40:20.724031+00:00,20.35,29016,0,35,telegram
varzesh3,298738,1296311,sport,2026-08-02T20:19:53+00:00,30,2026-08-02T20:50:58.376979+00:00,30.98,37313,0,35,telegram
tweetychannel,409734,774907,social_entertainment,2026-08-02T20:21:30+00:00,5,2026-08-02T20:27:21.984695+00:00,5.66,4078,174,105,telegram
tweetychannel,409734,774907,social_entertainment,2026-08-02T20:21:30+00:00,10,2026-08-02T20:32:35.343781+00:00,10.88,7115,215,139,telegram
tweetychannel,409734,774907,social_entertainment,2026-08-02T20:21:30+00:00,20,2026-08-02T20:41:44.523906+00:00,20.04,9124,245,173,telegram
tweetychannel,409734,774907,social_entertainment,2026-08-02T20:21:30+00:00,30,2026-08-02T20:52:22.765227+00:00,30.67,11160,275,173,telegram
akharinkhabar,623905,1959423,general_news,2026-08-02T20:23:01+00:00,5,2026-08-02T20:28:42.248280+00:00,5.45,2072,0,0,telegram
akharinkhabar,623905,1959423,general_news,2026-08-02T20:23:01+00:00,10,2026-08-02T20:33:55.050705+00:00,10.67,4114,0,0,telegram
akharinkhabar,623905,1959423,general_news,2026-08-02T20:23:01+00:00,20,2026-08-02T20:44:21.944996+00:00,21.12,7176,0,0,telegram
akharinkhabar,623905,1959423,general_news,2026-08-02T20:23:01+00:00,30,2026-08-02T20:53:42.331706+00:00,30.46,9232,0,0,telegram
akharinkhabar,623906,1959423,general_news,2026-08-02T20:23:02+00:00,5,2026-08-02T20:28:42.248273+00:00,5.43,3073,0,0,telegram
akharinkhabar,623906,1959423,general_news,2026-08-02T20:23:02+00:00,10,2026-08-02T20:33:55.050698+00:00,10.65,4114,0,0,telegram
akharinkhabar,623906,1959423,general_news,2026-08-02T20:23:02+00:00,20,2026-08-02T20:44:21.944979+00:00,21.1,7178,0,0,telegram
akharinkhabar,623906,1959423,general_news,2026-08-02T20:23:02+00:00,30,2026-08-02T20:53:42.331698+00:00,30.44,9240,0,0,telegram
akharinkhabar,623907,1959423,general_news,2026-08-02T20:23:02+00:00,5,2026-08-02T20:28:42.248266+00:00,5.43,2065,0,0,telegram
akharinkhabar,623907,1959423,general_news,2026-08-02T20:23:02+00:00,10,2026-08-02T20:33:55.050690+00:00,10.65,4112,0,0,telegram
akharinkhabar,623907,1959423,general_news,2026-08-02T20:23:02+00:00,20,2026-08-02T20:44:21.943917+00:00,21.1,7177,0,0,telegram
akharinkhabar,623907,1959423,general_news,2026-08-02T20:23:02+00:00,30,2026-08-02T20:53:42.331685+00:00,30.44,9239,0,0,telegram
akharinkhabar,623908,1959423,general_news,2026-08-02T20:23:02+00:00,5,2026-08-02T20:28:42.248257+00:00,5.43,2066,0,0,telegram
akharinkhabar,623908,1959423,general_news,2026-08-02T20:23:02+00:00,10,2026-08-02T20:33:55.050677+00:00,10.65,4112,0,0,telegram
akharinkhabar,623908,1959423,general_news,2026-08-02T20:23:02+00:00,20,2026-08-02T20:44:21.943908+00:00,21.1,7178,0,0,telegram
akharinkhabar,623908,1959423,general_news,2026-08-02T20:23:02+00:00,30,2026-08-02T20:53:42.331246+00:00,30.44,9235,0,0,telegram
akharinkhabar,623909,1959423,general_news,2026-08-02T20:23:02+00:00,5,2026-08-02T20:28:42.248077+00:00,5.43,2066,0,0,telegram
akharinkhabar,623909,1959423,general_news,2026-08-02T20:23:02+00:00,10,2026-08-02T20:33:55.050146+00:00,10.65,4115,0,0,telegram
akharinkhabar,623909,1959423,general_news,2026-08-02T20:23:02+00:00,20,2026-08-02T20:44:21.943691+00:00,21.1,7178,0,0,telegram
akharinkhabar,623909,1959423,general_news,2026-08-02T20:23:02+00:00,30,2026-08-02T20:53:42.331234+00:00,30.44,9231,0,0,telegram
akharinkhabar,623910,1959423,general_news,2026-08-02T20:24:48+00:00,5,2026-08-02T20:31:18.651723+00:00,6.28,3074,0,0,telegram
akharinkhabar,623910,1959423,general_news,2026-08-02T20:24:48+00:00,10,2026-08-02T20:35:13.063716+00:00,10.19,4113,0,0,telegram
akharinkhabar,623910,1959423,general_news,2026-08-02T20:24:48+00:00,20,2026-08-02T20:47:08.072338+00:00,22.11,8197,0,0,telegram
akharinkhabar,623910,1959423,general_news,2026-08-02T20:24:48+00:00,30,2026-08-02T20:56:20.646519+00:00,31.28,10249,0,0,telegram
tweetychannel,409735,774907,social_entertainment,2026-08-02T20:26:16+00:00,5,2026-08-02T20:32:35.343672+00:00,6.11,4053,23,35,telegram
tweetychannel,409735,774907,social_entertainment,2026-08-02T20:26:16+00:00,10,2026-08-02T20:36:29.517166+00:00,10.02,5059,23,35,telegram
tweetychannel,409735,774907,social_entertainment,2026-08-02T20:26:16+00:00,20,2026-08-02T20:47:06.620860+00:00,20.64,8108,37,69,telegram
tweetychannel,409735,774907,social_entertainment,2026-08-02T20:26:16+00:00,30,2026-08-02T20:57:37.338390+00:00,31.15,9115,47,69,telegram
footballiapp,493212,49742,sport,2026-08-02T20:26:22+00:00,5,2026-08-02T20:32:27.947737+00:00,6.01,184,1,6,telegram
footballiapp,493212,49742,sport,2026-08-02T20:26:22+00:00,10,2026-08-02T20:37:40.225497+00:00,11.22,295,1,8,telegram
footballiapp,493212,49742,sport,2026-08-02T20:26:22+00:00,20,2026-08-02T20:46:59.212264+00:00,20.54,461,3,8,telegram
footballiapp,493212,49742,sport,2026-08-02T20:26:22+00:00,30,2026-08-02T20:57:29.878627+00:00,31.05,612,5,10,telegram
eghtesadonline,354179,75239,economy,2026-08-02T20:27:02+00:00,5,2026-08-02T20:32:30.979144+00:00,5.35,154,3,2,telegram
eghtesadonline,354179,75239,economy,2026-08-02T20:27:02+00:00,10,2026-08-02T20:37:43.200712+00:00,10.55,217,4,2,telegram
eghtesadonline,354179,75239,economy,2026-08-02T20:27:02+00:00,20,2026-08-02T20:48:20.315872+00:00,21.17,376,4,3,telegram
eghtesadonline,354179,75239,economy,2026-08-02T20:27:02+00:00,30,2026-08-02T20:57:32.879100+00:00,30.38,488,8,3,telegram
tweetychannel,409736,774907,social_entertainment,2026-08-02T20:27:23+00:00,5,2026-08-02T20:33:53.603717+00:00,6.3,4054,180,102,telegram
tweetychannel,409736,774907,social_entertainment,2026-08-02T20:27:23+00:00,10,2026-08-02T20:37:47.589671+00:00,10.2,5059,202,136,telegram
tweetychannel,409736,774907,social_entertainment,2026-08-02T20:27:23+00:00,20,2026-08-02T20:48:24.728962+00:00,20.82,8110,250,171,telegram
tweetychannel,409736,774907,social_entertainment,2026-08-02T20:27:23+00:00,30,2026-08-02T20:57:37.338377+00:00,30.03,9120,281,171,telegram
tweetychannel,409737,774907,social_entertainment,2026-08-02T20:27:23+00:00,5,2026-08-02T20:33:53.603710+00:00,6.3,4055,0,102,telegram
tweetychannel,409737,774907,social_entertainment,2026-08-02T20:27:23+00:00,10,2026-08-02T20:37:47.589662+00:00,10.2,5059,0,136,telegram
tweetychannel,409737,774907,social_entertainment,2026-08-02T20:27:23+00:00,20,2026-08-02T20:48:24.728940+00:00,20.82,8110,0,171,telegram
tweetychannel,409737,774907,social_entertainment,2026-08-02T20:27:23+00:00,30,2026-08-02T20:57:37.338367+00:00,30.03,10120,0,171,telegram
tweetychannel,409738,774907,social_entertainment,2026-08-02T20:27:23+00:00,5,2026-08-02T20:33:53.603702+00:00,6.3,4055,0,102,telegram
tweetychannel,409738,774907,social_entertainment,2026-08-02T20:27:23+00:00,10,2026-08-02T20:37:47.589655+00:00,10.2,6058,0,136,telegram
tweetychannel,409738,774907,social_entertainment,2026-08-02T20:27:23+00:00,20,2026-08-02T20:48:24.728919+00:00,20.82,8108,0,171,telegram
tweetychannel,409738,774907,social_entertainment,2026-08-02T20:27:23+00:00,30,2026-08-02T20:57:37.338358+00:00,30.03,10145,0,171,telegram
tweetychannel,409739,774907,social_entertainment,2026-08-02T20:27:23+00:00,5,2026-08-02T20:33:53.603693+00:00,6.3,4055,0,102,telegram
tweetychannel,409739,774907,social_entertainment,2026-08-02T20:27:23+00:00,10,2026-08-02T20:37:47.589646+00:00,10.2,5058,0,136,telegram
tweetychannel,409739,774907,social_entertainment,2026-08-02T20:27:23+00:00,20,2026-08-02T20:48:24.728888+00:00,20.82,8108,0,171,telegram
tweetychannel,409739,774907,social_entertainment,2026-08-02T20:27:23+00:00,30,2026-08-02T20:57:37.338346+00:00,30.03,10115,0,171,telegram
tweetychannel,409740,774907,social_entertainment,2026-08-02T20:27:23+00:00,5,2026-08-02T20:33:53.603542+00:00,6.3,4053,0,102,telegram
tweetychannel,409740,774907,social_entertainment,2026-08-02T20:27:23+00:00,10,2026-08-02T20:37:47.589603+00:00,10.2,5057,0,136,telegram
tweetychannel,409740,774907,social_entertainment,2026-08-02T20:27:23+00:00,20,2026-08-02T20:48:24.728078+00:00,20.82,8107,0,171,telegram
tweetychannel,409740,774907,social_entertainment,2026-08-02T20:27:23+00:00,30,2026-08-02T20:57:37.335256+00:00,30.03,9114,0,171,telegram
farsna,454109,1804817,general_news,2026-08-02T20:27:37+00:00,5,2026-08-02T20:33:58.061056+00:00,6.07,1550,0,4,telegram
farsna,454109,1804817,general_news,2026-08-02T20:27:37+00:00,10,2026-08-02T20:39:12.785141+00:00,11.27,2225,0,4,telegram
farsna,454109,1804817,general_news,2026-08-02T20:27:37+00:00,20,2026-08-02T20:48:29.407245+00:00,20.59,3555,0,4,telegram
farsna,454109,1804817,general_news,2026-08-02T20:27:37+00:00,30,2026-08-02T20:59:00.394755+00:00,31.1,4558,0,4,telegram
thezoomit,98306,129359,technology,2026-08-02T20:27:44+00:00,5,2026-08-02T20:33:41.332065+00:00,5.95,386,6,0,telegram
thezoomit,98306,129359,technology,2026-08-02T20:27:44+00:00,10,2026-08-02T20:38:54.401638+00:00,11.16,795,6,0,telegram
thezoomit,98306,129359,technology,2026-08-02T20:27:44+00:00,20,2026-08-02T20:48:12.572836+00:00,20.47,1131,10,0,telegram
thezoomit,98306,129359,technology,2026-08-02T20:27:44+00:00,30,2026-08-02T20:58:43.326751+00:00,30.98,1503,12,1,telegram
farsna,454110,1804817,general_news,2026-08-02T20:27:59+00:00,5,2026-08-02T20:33:58.060735+00:00,5.7,1742,0,23,telegram
farsna,454110,1804817,general_news,2026-08-02T20:27:59+00:00,10,2026-08-02T20:39:12.784575+00:00,10.91,2525,0,23,telegram
farsna,454110,1804817,general_news,2026-08-02T20:27:59+00:00,20,2026-08-02T20:48:29.405998+00:00,20.22,4165,0,33,telegram
farsna,454110,1804817,general_news,2026-08-02T20:27:59+00:00,30,2026-08-02T20:59:00.393410+00:00,30.73,5481,0,33,telegram
persiantwix,9548,1045661,entertainment,2026-08-02T20:30:00+00:00,5,2026-08-02T20:36:28.060931+00:00,6.29,2440,241,71,telegram
persiantwix,9548,1045661,entertainment,2026-08-02T20:30:00+00:00,10,2026-08-02T20:40:25.132985+00:00,10.23,3662,330,91,telegram
persiantwix,9548,1045661,entertainment,2026-08-02T20:30:00+00:00,20,2026-08-02T20:51:02.892897+00:00,20.86,6705,511,141,telegram
farsna,454111,1804817,general_news,2026-08-02T20:30:03+00:00,5,2026-08-02T20:36:33.939381+00:00,6.24,1609,0,6,telegram
farsna,454111,1804817,general_news,2026-08-02T20:30:03+00:00,10,2026-08-02T20:40:31.116761+00:00,10.18,2276,0,6,telegram
farsna,454111,1804817,general_news,2026-08-02T20:30:03+00:00,20,2026-08-02T20:51:09.034970+00:00,20.81,4249,0,16,telegram
akharinkhabar,623911,1959423,general_news,2026-08-02T20:31:27+00:00,5,2026-08-02T20:37:49.106110+00:00,6.14,3074,0,0,telegram
akharinkhabar,623911,1959423,general_news,2026-08-02T20:31:27+00:00,10,2026-08-02T20:41:45.985731+00:00,10.09,4106,0,0,telegram
akharinkhabar,623911,1959423,general_news,2026-08-02T20:31:27+00:00,20,2026-08-02T20:52:24.219265+00:00,20.72,8199,0,0,telegram
tweetychannel,409741,774907,social_entertainment,2026-08-02T20:32:08+00:00,5,2026-08-02T20:37:47.589229+00:00,5.45,3015,73,69,telegram
tweetychannel,409741,774907,social_entertainment,2026-08-02T20:32:08+00:00,10,2026-08-02T20:43:02.352934+00:00,10.7,5057,108,103,telegram
tweetychannel,409741,774907,social_entertainment,2026-08-02T20:32:08+00:00,20,2026-08-02T20:52:22.765149+00:00,20.04,7097,136,137,telegram
tweetychannel,409742,774907,social_entertainment,2026-08-02T20:33:01+00:00,5,2026-08-02T20:39:08.151161+00:00,5.87,3022,4,0,telegram
tweetychannel,409742,774907,social_entertainment,2026-08-02T20:33:01+00:00,10,2026-08-02T20:44:20.458397+00:00,11.12,6108,6,0,telegram
tweetychannel,409742,774907,social_entertainment,2026-08-02T20:33:01+00:00,20,2026-08-02T20:53:40.685396+00:00,20.46,8115,10,0,telegram
tweetychannel,409743,774907,social_entertainment,2026-08-02T20:36:00+00:00,5,2026-08-02T20:41:44.522900+00:00,5.54,4059,62,1,telegram
tweetychannel,409743,774907,social_entertainment,2026-08-02T20:36:00+00:00,10,2026-08-02T20:47:06.620754+00:00,10.91,7111,79,35,telegram
tweetychannel,409743,774907,social_entertainment,2026-08-02T20:36:00+00:00,20,2026-08-02T20:56:19.130385+00:00,20.08,8120,94,35,telegram
tweetychannel,409744,774907,social_entertainment,2026-08-02T20:38:50+00:00,5,2026-08-02T20:44:20.456835+00:00,5.3,5070,62,69,telegram
tweetychannel,409744,774907,social_entertainment,2026-08-02T20:38:50+00:00,10,2026-08-02T20:49:45.518048+00:00,10.68,7108,79,70,telegram
khabarfouri,555939,4814534,general_news,2026-08-02T20:39:07+00:00,5,2026-08-02T20:44:11.278326+00:00,5.02,2060,0,0,telegram
khabarfouri,555939,4814534,general_news,2026-08-02T20:39:07+00:00,10,2026-08-02T20:49:35.929447+00:00,10.39,5091,0,0,telegram
tweetychannel,409745,774907,social_entertainment,2026-08-02T20:40:06+00:00,5,2026-08-02T20:47:06.620538+00:00,6.81,5101,252,205,telegram
tweetychannel,409745,774907,social_entertainment,2026-08-02T20:40:06+00:00,10,2026-08-02T20:51:04.481896+00:00,10.76,7110,281,239,telegram
farsna,454112,1804817,general_news,2026-08-02T20:40:09+00:00,5,2026-08-02T20:47:11.056945+00:00,6.76,1991,0,11,telegram
farsna,454112,1804817,general_news,2026-08-02T20:40:09+00:00,10,2026-08-02T20:51:09.034354+00:00,10.71,2355,0,11,telegram
footballiapp,493213,49742,sport,2026-08-02T20:42:50+00:00,5,2026-08-02T20:48:17.307548+00:00,5.37,161,0,1,telegram
footballiapp,493213,49742,sport,2026-08-02T20:42:50+00:00,10,2026-08-02T20:53:33.430920+00:00,10.64,251,0,1,telegram
tweetychannel,409746,774907,social_entertainment,2026-08-02T20:44:08+00:00,5,2026-08-02T20:49:45.517978+00:00,5.38,3051,48,69,telegram
tweetychannel,409746,774907,social_entertainment,2026-08-02T20:44:08+00:00,10,2026-08-02T20:54:58.852015+00:00,10.64,5061,64,103,telegram
persiantwix,9549,1045661,entertainment,2026-08-02T20:45:11+00:00,5,2026-08-02T20:51:02.892882+00:00,5.68,2744,5,20,telegram
persiantwix,9549,1045661,entertainment,2026-08-02T20:45:11+00:00,10,2026-08-02T20:56:17.500668+00:00,10.89,3962,11,30,telegram
persiantwix,9550,1045661,entertainment,2026-08-02T20:45:11+00:00,5,2026-08-02T20:51:02.892874+00:00,5.68,2744,0,20,telegram
persiantwix,9550,1045661,entertainment,2026-08-02T20:45:11+00:00,10,2026-08-02T20:56:17.500640+00:00,10.89,3963,0,30,telegram
persiantwix,9551,1045661,entertainment,2026-08-02T20:45:12+00:00,5,2026-08-02T20:51:02.892862+00:00,5.66,3047,0,20,telegram
persiantwix,9551,1045661,entertainment,2026-08-02T20:45:12+00:00,10,2026-08-02T20:56:17.500609+00:00,10.88,3964,0,30,telegram
persiantwix,9552,1045661,entertainment,2026-08-02T20:45:13+00:00,5,2026-08-02T20:51:02.892606+00:00,5.64,2745,0,20,telegram
persiantwix,9552,1045661,entertainment,2026-08-02T20:45:13+00:00,10,2026-08-02T20:56:17.499990+00:00,10.86,4268,0,30,telegram
tweetychannel,409747,774907,social_entertainment,2026-08-02T20:46:32+00:00,5,2026-08-02T20:52:22.764880+00:00,5.64,3053,120,1,telegram
tweetychannel,409747,774907,social_entertainment,2026-08-02T20:46:32+00:00,10,2026-08-02T20:57:37.334690+00:00,10.88,5066,150,2,telegram
akharinkhabar,623912,1959423,general_news,2026-08-02T20:48:01+00:00,5,2026-08-02T20:53:42.330805+00:00,5.46,2088,0,0,telegram
akharinkhabar,623912,1959423,general_news,2026-08-02T20:48:01+00:00,10,2026-08-02T20:58:57.446027+00:00,10.7,4132,0,0,telegram
tweetychannel,409748,774907,social_entertainment,2026-08-02T20:48:27+00:00,5,2026-08-02T20:53:40.685074+00:00,5.03,2017,23,34,telegram
tweetychannel,409748,774907,social_entertainment,2026-08-02T20:48:27+00:00,10,2026-08-02T20:58:55.946107+00:00,10.27,5066,27,34,telegram
khabarfouri,555940,4814534,general_news,2026-08-02T20:49:50+00:00,5,2026-08-02T20:56:09.403363+00:00,6.24,4063,0,0,telegram
khabarfouri,555941,4814534,general_news,2026-08-02T20:49:50+00:00,5,2026-08-02T20:56:09.401889+00:00,6.24,4069,0,0,telegram
tweetychannel,409749,774907,social_entertainment,2026-08-02T20:50:08+00:00,5,2026-08-02T20:56:19.130239+00:00,5.94,4059,31,34,telegram
